C>A,A-A	C>A,A-C	C>A,A-G	C>A,A-T	C>A,C-A	C>A,C-C	C>A,C-G	C>A,C-T	C>A,G-A	C>A,G-C	C>A,G-G	C>A,G-T	C>A,T-A	C>A,T-C	C>A,T-G	C>A,T-T	C>G,A-A	C>G,A-C	C>G,A-G	C>G,A-T	C>G,C-A	C>G,C-C	C>G,C-G	C>G,C-T	C>G,G-A	C>G,G-C	C>G,G-G	C>G,G-T	C>G,T-A	C>G,T-C	C>G,T-G	C>G,T-T	C>T,A-A	C>T,A-C	C>T,A-G	C>T,A-T	C>T,C-A	C>T,C-C	C>T,C-G	C>T,C-T	C>T,G-A	C>T,G-C	C>T,G-G	C>T,G-T	C>T,T-A	C>T,T-C	C>T,T-G	C>T,T-T	T>A,A-A	T>A,A-C	T>A,A-G	T>A,A-T	T>A,C-A	T>A,C-C	T>A,C-G	T>A,C-T	T>A,G-A	T>A,G-C	T>A,G-G	T>A,G-T	T>A,T-A	T>A,T-C	T>A,T-G	T>A,T-T	T>C,A-A	T>C,A-C	T>C,A-G	T>C,A-T	T>C,C-A	T>C,C-C	T>C,C-G	T>C,C-T	T>C,G-A	T>C,G-C	T>C,G-G	T>C,G-T	T>C,T-A	T>C,T-C	T>C,T-G	T>C,T-T	T>G,A-A	T>G,A-C	T>G,A-G	T>G,A-T	T>G,C-A	T>G,C-C	T>G,C-G	T>G,C-T	T>G,G-A	T>G,G-C	T>G,G-G	T>G,G-T	T>G,T-A	T>G,T-C	T>G,T-G	T>G,T-T
PD42759a_duct5	3	3	0	1	2	4	0	2	5	3	0	1	7	4	3	3	6	1	1	4	1	1	1	1	1	5	1	0	0	2	2	9	4	6	15	3	5	7	3	4	3	5	3	6	7	6	7	5	0	3	0	4	2	0	2	0	0	1	0	1	10	1	2	1	10	4	7	8	0	0	2	2	1	2	2	7	5	0	8	2	2	3	3	0	1	1	1	1	0	1	1	7	3	3	4	5
PD42759a_lo0001	7	6	2	5	10	5	0	7	9	1	1	1	8	4	0	7	9	2	0	6	4	1	1	6	1	3	1	3	3	5	0	12	8	12	25	9	12	7	15	11	9	12	15	10	9	7	12	12	6	6	5	8	0	3	6	2	5	1	2	0	10	0	2	2	20	3	11	24	9	5	4	3	4	3	1	6	5	5	3	4	6	0	6	5	0	1	4	4	1	0	3	5	5	3	11	6
PD42759a_lo0002	1	3	0	1	6	1	1	3	3	3	0	1	4	5	1	6	1	0	0	1	0	0	0	1	2	0	0	2	1	0	0	2	3	2	12	2	1	0	5	3	1	4	7	0	1	2	4	2	1	2	4	5	3	2	2	1	1	2	2	0	6	0	0	2	1	0	2	3	0	1	1	1	0	1	0	3	0	0	1	2	0	0	2	1	1	0	2	2	1	0	2	4	0	0	0	2
PD42759a_lo0003	5	5	0	6	7	5	2	13	5	5	2	7	6	5	0	9	2	2	0	2	2	3	0	0	1	0	1	0	5	3	0	5	7	6	12	6	6	5	6	6	7	7	12	8	10	7	8	9	6	3	1	4	0	2	3	1	1	1	2	1	5	1	2	4	6	3	10	11	5	4	4	2	2	3	3	2	2	2	2	3	5	0	7	4	1	1	7	5	0	2	2	1	8	3	5	8
PD42759a_lo0004	9	4	2	7	10	5	3	8	10	2	1	3	12	12	1	7	3	4	1	5	5	1	1	6	2	1	1	3	4	4	3	6	16	3	14	11	8	12	12	14	8	3	15	6	14	9	5	8	4	2	5	7	0	5	6	3	1	3	2	4	6	4	3	6	12	2	9	18	3	6	3	6	6	3	5	11	6	0	1	4	6	1	12	3	3	4	3	3	3	1	8	3	10	3	6	7
PD42759a_lo0006	6	6	1	2	11	6	2	6	6	4	2	7	7	7	1	8	7	2	3	5	2	4	2	9	1	2	1	3	4	4	4	5	8	4	21	9	7	7	9	15	4	9	8	2	7	10	6	9	5	10	8	6	5	4	5	5	4	5	3	3	7	7	1	6	17	2	16	10	7	1	3	4	8	1	9	8	5	2	4	6	0	1	3	7	3	1	2	4	2	2	0	4	4	3	6	8
PD42759a_lo0012	8	2	0	3	8	4	0	4	12	3	1	6	14	5	2	12	0	3	0	11	5	3	1	2	4	1	1	4	2	1	2	5	12	4	12	12	9	9	10	7	6	4	6	3	6	5	6	10	6	3	2	6	1	2	8	5	4	2	1	0	7	1	4	8	12	5	4	12	2	1	2	1	4	2	4	3	4	0	1	6	4	3	7	3	0	1	4	7	1	0	2	1	0	1	4	7
PD42759a_lo0013	11	1	0	4	11	7	0	5	11	3	1	4	8	6	1	8	5	3	0	5	5	8	2	2	3	1	3	2	6	5	2	6	9	13	40	9	9	5	10	13	7	7	14	4	7	11	16	5	3	1	1	6	4	3	7	1	3	1	1	1	7	1	2	4	14	4	20	22	6	6	7	5	7	4	2	12	6	4	1	3	1	1	4	5	1	2	8	10	2	0	1	4	4	6	5	8
PD42759a_lo0014	13	4	0	8	8	7	0	3	13	6	2	9	13	7	0	12	1	2	0	2	1	4	0	3	2	3	0	1	5	4	0	4	12	7	29	8	8	7	6	11	9	10	13	11	7	6	9	12	8	7	10	5	4	3	5	4	1	2	0	0	7	3	2	7	11	7	10	14	5	0	6	6	6	1	11	10	4	5	4	5	4	1	6	3	1	1	4	2	2	2	1	4	6	0	1	4
PD42759a_lo0019	11	3	0	5	8	3	0	1	4	2	0	8	6	4	2	6	5	1	0	6	1	2	1	7	2	6	1	2	3	4	0	5	13	11	19	7	6	7	11	8	6	7	11	5	8	3	7	8	6	4	7	9	1	7	5	2	0	1	1	4	13	3	4	3	12	3	11	8	3	2	2	6	8	0	8	6	3	0	2	5	2	2	3	6	1	4	3	4	0	1	3	1	4	7	7	11
PD42759a_lo0021	8	7	3	6	5	2	2	7	10	2	1	3	7	7	0	9	10	1	1	9	6	2	0	7	5	1	0	4	18	7	2	35	19	12	39	12	11	6	16	14	7	9	21	12	27	14	16	12	3	4	9	14	1	5	7	2	2	1	1	4	14	2	4	6	29	7	23	20	3	6	7	5	9	3	2	13	9	3	10	7	6	4	20	11	7	5	13	24	4	2	4	4	9	2	14	14
PD42759a_lo0022	6	2	1	4	9	3	1	4	4	4	2	8	8	8	1	6	2	3	1	3	2	5	0	3	1	3	0	3	7	3	3	11	15	6	17	4	6	12	18	9	9	8	10	5	8	9	7	10	8	4	6	11	2	4	1	4	4	0	1	1	6	2	3	4	10	6	9	16	5	2	4	4	3	4	8	8	7	1	2	5	2	2	3	4	3	0	2	5	2	2	0	3	4	5	2	4
PD42759a_lo0023	6	3	1	4	6	2	0	3	5	4	0	2	8	5	2	4	5	1	1	6	0	1	1	5	1	4	0	0	2	2	1	13	8	9	17	4	10	7	9	6	3	4	7	9	8	6	10	7	4	5	2	9	2	2	1	1	0	1	2	0	8	1	1	1	13	4	7	15	0	0	2	3	3	2	4	11	3	2	8	4	3	3	7	8	3	1	9	9	3	1	2	2	5	4	9	9
PD42759a_lo0025	5	10	2	10	7	9	1	9	8	6	1	4	7	8	2	13	4	7	2	3	2	3	2	5	4	6	1	1	6	11	0	12	20	2	20	11	9	10	15	11	10	9	16	6	14	16	11	8	7	7	3	9	4	3	6	2	2	1	2	4	12	6	1	10	13	4	10	14	3	5	6	5	9	5	6	9	10	2	1	9	5	2	26	5	3	2	4	10	1	3	6	3	8	4	11	13
PD42759a_lo0027	7	9	1	6	8	6	0	9	12	6	1	7	12	4	1	11	3	4	2	3	1	1	1	3	3	4	0	1	3	9	0	9	15	2	18	7	8	8	15	8	9	7	12	5	9	14	6	3	5	6	3	7	3	4	6	2	1	2	3	4	9	4	1	7	14	4	8	11	1	2	5	4	8	4	5	8	7	1	1	6	3	4	4	0	0	2	1	2	2	1	2	2	4	2	5	8
PD42759a_lo0028	13	11	6	14	9	12	2	10	16	11	4	8	18	11	3	20	8	6	1	9	5	7	3	8	3	4	0	4	5	4	0	16	17	7	40	14	18	12	17	23	24	13	18	9	15	19	19	19	11	10	9	16	4	7	11	5	4	1	1	2	6	4	1	8	22	7	19	31	5	6	11	8	13	6	8	17	11	7	4	12	7	5	5	4	1	2	11	12	2	3	1	3	8	4	4	12
PD42759a_lo0029	23	12	5	10	10	8	1	7	13	12	3	8	12	15	3	16	10	4	1	7	4	10	1	8	2	8	0	9	7	5	1	14	23	11	38	17	17	10	15	23	18	16	23	12	15	25	22	20	7	9	7	11	2	6	10	4	2	2	4	3	20	3	3	9	29	10	23	40	6	8	11	6	15	6	11	22	8	10	4	15	23	7	60	9	5	0	23	14	10	6	10	7	13	4	37	26
PD42759a_lo0030	6	2	1	6	10	5	1	4	3	3	1	4	6	5	1	5	3	2	1	4	1	3	1	6	3	4	0	0	7	1	4	13	12	7	25	5	5	11	14	12	8	6	8	9	8	11	12	5	3	7	4	6	4	2	2	1	1	1	1	1	4	2	4	2	16	9	11	21	3	1	6	5	5	2	6	12	9	4	6	5	1	3	10	14	4	1	4	12	1	0	4	2	6	4	9	8
PD42760a_duct10	5	8	1	4	11	1	2	7	10	4	3	6	16	10	2	15	4	2	2	4	5	4	2	4	0	7	0	3	71	10	2	69	21	5	28	10	15	11	18	15	8	9	26	8	134	33	23	68	7	4	5	6	2	2	3	5	4	1	1	1	9	4	5	3	23	14	24	22	1	10	9	5	9	5	5	10	2	7	5	7	4	0	3	4	1	3	5	7	1	5	2	4	3	3	3	7
PD42760a_duct11	7	4	0	1	8	4	1	7	3	5	1	4	52	28	5	17	9	3	0	4	9	4	0	10	3	2	0	6	391	93	15	462	20	11	18	11	16	8	15	19	14	8	31	9	346	67	33	111	6	8	4	4	0	0	2	2	3	2	2	3	5	1	0	3	12	6	12	12	4	0	2	4	8	0	7	9	3	4	4	6	6	1	14	5	1	5	6	11	3	2	3	3	7	5	15	14
PD42760a_duct12	3	5	0	1	3	1	2	0	2	1	1	2	4	3	0	7	5	3	0	1	0	0	0	1	4	0	1	2	3	2	0	4	8	5	10	0	0	1	10	7	1	2	8	2	8	3	9	6	1	1	2	4	1	0	2	3	2	1	1	1	10	1	3	3	9	7	7	3	1	2	3	4	3	2	4	8	4	1	2	6	1	0	0	3	2	2	2	5	2	0	1	3	1	2	5	6
PD42760a_duct13	3	1	0	1	6	1	1	3	5	1	0	0	5	2	0	4	1	0	0	1	1	0	0	1	1	2	0	2	0	2	0	4	8	3	11	4	5	1	9	3	4	1	7	0	15	3	8	3	3	2	3	7	0	2	1	1	1	0	0	1	4	0	0	3	6	5	4	4	1	3	0	3	3	2	3	2	0	2	1	0	2	0	2	1	1	1	1	6	1	0	0	0	2	1	3	4
PD42760a_duct14	1	3	0	4	6	4	1	1	4	0	1	1	17	7	2	10	1	3	0	4	3	3	2	8	1	1	1	1	76	11	2	49	10	7	14	5	14	7	12	6	6	4	13	3	78	13	7	27	4	3	6	7	2	1	1	2	1	0	2	0	9	2	1	3	9	4	11	15	2	2	1	2	7	4	3	8	2	0	2	4	2	3	1	6	2	1	2	5	0	0	1	4	2	3	4	8
PD42760a_duct15	1	1	0	1	6	3	2	0	3	0	0	0	9	4	0	5	1	1	0	0	0	0	0	1	0	1	1	0	3	1	0	2	8	1	9	2	3	1	6	3	0	1	3	0	10	1	7	1	3	2	0	4	1	0	1	1	0	0	1	0	10	1	0	2	5	4	1	3	1	1	1	1	0	1	1	3	0	0	2	1	1	0	6	4	0	1	7	3	1	0	3	1	8	3	8	6
PD42760a_duct9	4	3	1	1	5	3	2	3	4	3	0	2	11	8	0	11	4	3	0	3	3	4	1	6	1	2	0	0	71	20	2	68	6	4	6	0	4	3	7	8	3	5	7	5	55	12	12	25	4	2	3	6	3	0	2	1	1	1	0	0	8	0	3	0	7	4	8	8	1	4	0	4	4	1	6	3	2	1	1	5	3	2	11	4	1	1	9	6	1	0	3	1	7	3	11	8
PD42760a_gland18	6	2	5	2	15	7	0	8	6	2	0	2	5	3	1	4	2	1	3	5	1	1	1	8	1	3	3	2	6	3	0	11	13	2	7	5	9	9	11	10	5	1	13	10	11	6	6	7	7	7	6	5	2	5	1	3	3	1	2	2	10	2	4	4	14	6	15	14	7	1	4	4	8	1	4	8	4	1	1	5	0	2	5	3	3	3	10	7	3	0	1	3	4	2	4	6
PD42760a_gland20	13	6	2	1	11	12	2	5	7	6	1	3	18	10	4	11	5	0	1	7	0	11	0	5	1	1	2	5	4	6	0	8	23	17	29	8	10	16	20	10	6	13	15	14	19	12	6	5	4	4	3	9	2	6	3	2	2	0	1	3	15	7	3	6	23	10	13	17	10	5	7	5	4	5	11	15	13	5	5	11	4	1	21	10	6	4	11	13	5	3	5	5	8	10	11	20
PD42760a_lo0001	5	3	1	8	7	1	2	2	5	1	0	1	9	3	1	4	5	2	0	3	2	1	0	4	0	0	2	0	2	5	0	3	15	7	11	3	5	1	11	3	4	3	9	3	11	6	13	5	5	2	4	7	0	1	0	3	0	0	0	0	5	1	0	4	8	9	4	5	4	3	2	3	4	0	5	5	3	0	2	2	1	1	2	1	0	0	4	5	1	1	2	3	1	0	1	6
PD42760a_lo0005	5	5	2	2	12	1	1	6	6	4	2	6	10	11	1	11	4	3	3	6	4	3	1	3	1	7	0	2	36	7	1	34	22	9	32	11	17	11	18	20	9	12	29	9	133	33	18	62	6	5	4	8	0	0	4	5	2	1	0	2	8	3	5	2	22	13	26	26	3	10	9	5	8	6	7	13	4	8	7	9	4	0	5	5	0	4	4	6	2	5	1	3	3	4	5	8
PD42760a_lo0008	6	6	2	6	8	4	1	7	5	5	0	1	10	8	3	9	3	1	1	1	2	2	1	5	0	2	1	4	5	2	3	0	12	5	12	8	9	4	7	6	5	4	8	5	3	6	2	12	9	1	4	7	4	4	3	1	5	0	3	1	14	4	2	3	14	10	8	12	4	2	2	3	6	3	4	7	3	3	2	2	2	1	2	3	4	0	0	10	1	3	2	4	1	3	2	8
PD42760a_lo0012	4	2	0	0	3	1	1	2	4	2	0	4	2	3	0	5	3	0	1	1	0	0	0	1	2	1	2	1	2	1	0	4	6	3	11	5	6	0	11	6	3	1	17	4	9	6	11	4	3	2	3	7	2	2	1	2	1	1	2	1	1	3	0	1	7	4	4	3	3	1	1	3	6	1	1	3	0	2	1	2	2	0	0	6	1	0	2	3	0	2	0	0	3	1	2	3
PD42760a_lo0022	7	5	0	4	6	5	2	2	9	5	0	2	7	5	1	5	2	0	1	3	2	3	0	4	0	1	1	1	2	1	1	6	3	2	8	3	4	3	5	3	3	3	7	2	7	2	8	0	3	3	4	1	5	0	1	2	1	2	2	1	6	0	1	5	1	4	2	5	0	1	0	0	0	1	2	1	2	2	2	0	0	0	0	3	0	1	3	2	0	1	0	4	1	0	2	3
PD42760a_lo0023	0	3	0	2	4	2	1	1	1	3	0	0	22	5	1	12	0	0	0	1	0	1	0	0	1	1	1	0	88	28	4	128	9	5	10	2	7	3	14	5	7	5	9	1	88	13	21	51	2	1	3	9	0	1	1	2	1	0	1	1	6	3	0	3	7	4	2	3	1	1	1	3	4	1	4	2	2	1	1	2	0	2	0	1	1	0	1	3	1	1	2	6	2	1	3	6
PD42761a_CD38_CD20	2	2	0	1	4	2	0	3	6	1	1	1	5	8	4	9	0	0	0	0	0	0	1	0	0	1	0	0	1	0	0	0	1	2	7	1	3	3	4	2	2	0	7	2	9	2	1	3	0	0	0	3	1	0	0	0	1	0	0	0	4	0	2	2	1	0	1	2	0	0	0	1	0	0	0	0	1	2	1	1	0	0	0	1	1	1	0	1	0	0	0	2	1	0	1	2
PD42761a_CD4-2	2	1	0	0	9	1	0	1	2	4	2	1	3	4	4	3	0	0	0	0	0	0	0	0	0	1	0	1	0	0	0	2	4	1	5	1	3	1	2	2	0	0	4	2	1	2	4	2	0	0	0	1	0	1	1	1	0	0	0	0	13	0	0	2	1	2	0	1	0	0	1	1	0	0	0	0	1	2	0	3	6	1	7	3	0	1	9	1	3	0	1	3	7	1	4	9
PD42761a_CD4-4	6	0	1	1	2	0	0	1	4	1	2	3	1	4	9	7	0	0	0	0	1	0	0	0	0	0	0	2	0	0	0	0	2	1	9	2	6	1	4	1	1	3	4	1	2	3	1	2	4	0	0	3	0	0	1	0	0	0	0	0	6	0	0	2	2	1	0	2	0	0	2	0	0	0	0	1	0	1	0	2	0	0	1	0	0	0	2	5	0	0	0	2	2	1	4	4
PD42761a_duct2	12	5	3	9	16	8	2	9	10	5	4	5	13	14	3	12	3	2	2	10	4	5	2	10	7	4	1	2	42	8	1	44	6	8	29	7	13	10	20	17	13	8	29	15	24	18	18	17	11	8	10	8	4	5	7	3	5	3	4	6	13	3	5	8	22	4	15	11	5	6	10	3	9	8	9	12	6	6	6	10	5	5	7	6	3	5	4	14	7	2	1	9	5	6	10	19
PD42761a_duct3	12	5	1	7	11	4	2	6	10	5	2	5	8	8	6	8	4	4	0	3	2	4	1	1	3	3	0	6	5	4	1	15	11	14	29	12	19	9	10	17	9	6	14	9	15	10	10	16	3	2	5	2	2	2	2	4	2	3	2	3	8	2	3	4	13	5	11	18	2	4	7	2	4	1	4	7	6	4	3	7	0	3	0	7	3	6	5	11	4	5	0	9	4	2	6	12
PD42761a_duct4	7	5	4	6	13	5	2	9	11	3	3	7	12	14	6	10	4	3	0	11	4	4	2	7	1	1	0	2	44	14	2	81	30	10	37	6	18	15	22	21	13	9	28	23	41	22	19	24	10	4	11	9	7	6	3	5	0	1	6	3	6	3	4	9	36	7	17	24	5	7	7	7	6	8	7	12	7	10	5	14	3	3	6	13	4	6	9	9	4	5	8	7	7	9	10	12
PD42761a_duct5	14	3	4	10	11	3	2	8	17	8	2	9	14	11	8	13	6	5	2	6	5	2	2	3	0	2	1	3	106	21	4	122	15	7	40	11	13	10	27	9	13	8	28	11	66	26	17	34	3	2	2	15	4	6	5	5	0	1	2	2	11	0	4	12	22	4	18	19	6	10	11	6	9	8	5	7	5	5	15	9	2	2	0	5	2	5	3	9	2	4	5	5	8	3	6	7
PD42761a_gland1	22	9	2	19	18	6	3	13	13	8	6	9	15	15	5	18	9	4	2	10	11	8	1	9	7	6	0	6	7	10	3	17	32	16	48	19	21	21	23	30	16	14	41	15	19	25	27	22	10	9	9	17	7	2	10	7	3	6	5	3	13	10	10	17	30	6	27	40	13	9	11	10	12	3	7	17	9	8	11	16	10	3	12	10	8	3	11	13	4	0	5	5	8	6	13	16
PD42761a_gland2	18	11	2	15	20	8	1	10	10	7	5	9	11	16	5	17	10	3	2	10	8	7	1	8	6	4	0	6	8	6	3	15	25	15	47	19	14	20	21	29	14	13	41	15	16	26	25	19	9	9	9	16	9	2	7	8	2	7	4	3	13	7	8	14	24	5	25	30	13	5	8	8	13	4	7	14	7	8	12	12	11	5	11	12	8	3	11	18	7	0	6	7	9	4	9	22
PD42761a_gland5	11	3	2	6	17	6	1	3	9	2	1	7	6	4	2	13	10	2	1	12	6	6	3	11	2	4	1	4	4	3	2	15	24	17	60	15	20	10	39	21	9	10	23	10	16	8	7	11	11	1	6	8	7	8	6	4	3	1	3	2	16	4	1	12	28	12	15	19	9	5	13	12	12	4	3	16	13	4	6	12	4	0	4	9	4	5	10	23	1	4	4	4	6	4	9	15
PD42761a_gland6	10	6	1	7	15	8	1	6	9	3	1	8	14	7	3	13	4	1	1	12	8	8	2	19	5	3	0	4	4	5	2	14	27	17	59	19	20	7	41	21	11	9	23	12	13	9	7	16	14	2	4	13	4	7	4	6	3	1	1	3	13	4	4	9	25	10	15	27	11	5	9	11	12	5	3	16	8	5	7	10	8	3	5	9	5	6	11	16	6	5	5	3	6	7	12	19
PD42761a_lo0001	9	2	4	3	9	1	1	9	4	5	2	1	7	2	0	10	9	1	0	7	1	5	2	5	3	4	0	1	5	5	2	13	12	9	31	13	11	8	14	12	3	6	24	7	11	6	7	6	8	1	8	6	3	2	5	6	4	0	2	1	5	3	1	6	15	7	9	20	5	9	5	11	7	0	3	5	4	6	3	8	4	2	19	11	5	4	13	5	2	0	6	5	8	6	14	14
PD42761a_lo0003	2	1	2	1	8	0	1	3	1	1	0	0	6	3	3	7	0	1	0	3	2	2	2	2	0	2	0	1	7	2	0	9	4	2	12	2	5	6	11	5	7	1	10	0	8	3	3	3	2	1	1	7	0	1	1	0	1	0	2	1	6	1	0	2	4	1	1	5	0	1	1	0	1	1	3	0	3	5	1	1	0	0	4	5	3	2	1	5	1	0	1	2	8	1	3	4
PD42761a_lo0004	1	2	1	2	5	1	1	1	4	3	0	3	4	1	4	5	2	1	0	3	0	1	0	2	0	0	0	2	0	0	0	6	6	2	12	6	4	4	9	2	9	2	10	2	5	6	5	3	0	2	0	4	1	5	2	1	1	0	1	1	9	2	0	5	6	3	4	4	0	0	2	1	1	2	3	1	2	1	1	5	0	0	6	6	4	0	4	12	1	1	2	4	8	1	6	7
PD42761a_lo0008	9	7	4	12	9	3	1	9	7	1	1	5	13	11	2	14	5	3	0	4	1	1	2	3	2	5	0	3	6	4	0	10	17	6	29	15	16	10	14	16	12	7	25	7	15	24	20	11	5	8	8	10	6	7	6	4	4	3	3	4	13	4	4	8	19	4	15	21	5	10	11	7	7	2	4	12	6	9	4	13	5	2	4	12	0	5	4	10	4	1	2	7	10	4	7	11
PD42761a_lo0009	8	2	1	4	9	1	3	4	6	3	1	4	5	4	2	5	1	4	1	1	2	4	0	1	3	3	2	5	3	1	0	8	8	6	30	15	8	9	9	11	8	7	15	2	6	8	8	15	4	3	1	2	1	2	2	3	0	0	0	3	8	1	1	4	6	5	9	8	0	3	2	1	6	3	3	4	4	2	2	3	0	1	0	5	3	5	2	7	2	1	1	6	2	3	4	8
PD42761a_lo0010	12	2	1	6	13	3	1	5	9	3	3	3	2	4	1	7	3	5	2	4	1	7	0	4	4	4	1	6	7	2	0	6	20	15	44	16	20	16	20	24	11	9	24	15	15	18	12	19	6	2	5	4	3	0	8	4	0	0	5	1	5	1	2	9	26	10	16	20	4	5	6	6	9	6	5	6	6	5	4	10	4	1	1	7	2	2	7	16	2	2	1	4	4	3	4	18
PD42761a_lo0014	4	2	1	4	6	1	0	2	4	0	0	1	5	1	1	4	2	3	0	3	2	2	3	3	2	0	0	4	13	4	0	22	6	2	22	3	8	3	13	7	5	3	9	4	12	9	5	7	1	2	3	3	2	1	5	2	2	0	2	1	5	1	0	3	6	2	4	8	1	0	3	1	2	1	1	2	1	4	3	6	0	0	12	3	2	2	7	9	2	0	1	4	1	1	7	4
PD42761a_lo0015	7	5	0	2	4	3	2	6	4	1	1	3	4	3	1	6	5	2	0	4	2	6	0	2	4	1	0	6	0	3	0	10	12	8	27	6	3	5	12	15	5	10	20	8	6	11	9	6	5	2	2	3	2	3	7	2	1	3	7	1	8	1	1	5	12	5	6	16	2	2	5	0	3	2	4	7	4	5	3	6	0	2	4	9	5	2	3	3	2	3	3	9	7	2	5	7
PD42761a_lo0021	4	2	0	2	6	0	1	3	0	2	1	3	7	12	1	9	2	0	0	2	1	6	1	6	0	1	0	2	2	2	1	8	8	6	28	8	11	2	9	5	2	6	10	2	2	4	4	6	1	1	3	2	3	1	4	0	1	0	2	1	5	1	0	2	6	3	4	5	2	1	1	3	1	0	3	8	1	5	4	6	1	1	0	7	1	0	1	10	1	2	2	6	3	2	6	3
PD42763a_lo0019	4	2	0	6	10	5	1	7	3	5	0	1	2	2	0	3	5	1	0	5	1	2	2	5	0	4	1	2	3	1	1	9	15	6	17	5	12	13	13	7	6	15	20	4	13	9	9	5	12	6	10	6	2	5	2	4	2	6	6	7	10	7	0	10	17	6	12	17	7	6	1	3	8	0	3	10	6	3	7	6	3	2	1	4	4	1	5	3	3	2	3	3	7	2	2	5
PD42763a_lo0021	4	0	0	2	4	0	1	1	7	1	1	2	4	2	0	2	0	1	0	1	1	0	0	1	0	1	0	0	2	0	1	5	6	0	8	0	1	1	8	4	2	0	13	2	4	2	6	2	0	1	4	2	0	1	0	3	0	0	1	4	3	0	0	2	6	1	3	6	2	2	0	2	3	0	1	2	2	0	0	2	0	0	0	2	0	0	0	1	1	0	0	0	0	1	1	1
PD42763a_lo0035	4	8	0	2	9	5	3	6	4	5	1	4	4	8	0	5	2	1	0	3	2	2	0	3	3	3	0	2	5	1	0	6	10	3	13	3	11	8	13	5	3	5	16	3	7	2	4	5	6	1	13	4	3	3	3	2	2	3	3	2	5	4	3	1	14	4	9	17	3	1	0	6	6	2	3	5	5	5	4	8	5	2	2	2	1	4	2	5	2	0	1	2	3	4	3	7
PD42763a_lo0036	13	4	2	5	11	4	0	5	5	9	2	3	7	7	0	7	1	3	2	0	2	1	0	1	1	0	0	4	4	2	0	4	14	3	15	8	8	2	10	7	2	2	17	5	7	3	5	7	2	3	8	6	4	2	1	1	2	1	1	4	6	2	3	6	7	6	7	9	2	3	2	4	6	2	4	6	8	1	3	3	2	1	1	6	1	2	3	2	1	1	0	0	1	2	0	3
PD42763a_lo0038	13	5	5	15	15	4	0	5	9	7	3	1	8	9	2	8	7	4	2	7	1	6	2	5	1	1	0	8	4	8	0	7	18	11	33	17	17	8	27	23	8	8	20	13	11	18	5	10	8	7	17	7	3	2	7	4	2	3	5	1	13	5	5	9	23	10	11	21	7	9	10	6	14	2	12	9	14	7	3	14	9	4	15	11	3	2	16	8	3	3	5	7	6	2	8	14
PD42763a_lo0039	13	11	3	5	13	3	1	8	11	6	3	7	7	11	4	14	7	6	0	4	4	4	0	8	5	3	0	2	6	6	0	8	27	6	28	12	10	9	17	14	11	9	15	8	11	14	8	11	11	5	9	11	4	3	6	2	1	4	2	4	6	2	3	9	15	8	17	23	9	6	7	7	13	7	3	6	10	3	6	9	7	2	32	13	5	8	17	16	5	2	7	5	12	5	15	15
PD42763a_lo0040	20	12	3	8	15	6	2	5	13	2	2	9	12	9	4	8	7	4	0	7	4	6	0	9	4	0	0	4	5	6	0	11	21	11	26	16	20	16	26	25	10	19	27	11	12	16	11	15	7	10	9	14	3	3	5	6	6	3	5	5	9	3	0	7	27	8	17	24	5	11	10	5	8	3	7	15	13	8	9	11	9	1	38	8	5	5	27	19	5	2	9	4	10	4	21	21
PD42763a_lo0041	11	7	3	3	11	3	1	5	5	11	3	6	5	14	2	16	2	4	2	5	3	1	1	6	2	1	1	6	5	3	1	10	23	10	22	18	19	6	22	13	13	12	23	7	16	19	6	12	16	3	7	8	2	4	3	5	2	5	4	6	13	5	1	5	25	5	20	14	10	5	8	8	7	3	7	11	11	3	2	12	7	2	6	4	2	4	9	10	3	1	2	2	7	3	8	8
PD42763a_lo0043	3	4	1	4	7	5	0	4	3	4	1	1	5	4	3	11	2	3	1	1	1	3	1	4	1	1	1	3	3	1	1	2	14	2	17	4	3	5	12	5	7	5	21	1	9	5	6	4	3	3	5	6	3	2	2	6	2	2	3	3	10	2	1	1	9	6	4	9	1	2	6	4	2	0	3	7	0	1	1	7	4	3	18	1	1	1	12	8	2	0	8	3	3	3	10	9
PD42763a_lo0046	7	5	1	5	12	3	0	7	9	2	0	2	4	4	2	7	8	2	3	1	1	3	0	3	1	1	0	2	4	1	1	9	11	8	21	5	8	7	12	9	10	7	11	10	11	4	8	9	1	1	6	8	0	3	4	2	2	1	3	3	15	3	3	9	11	4	10	15	3	2	6	4	6	3	4	4	4	3	4	6	6	2	14	4	4	1	15	6	3	3	3	3	8	1	16	13
PD42763a_lo0047	6	2	0	5	8	5	1	3	6	1	1	1	3	1	2	3	5	2	1	8	3	1	1	3	2	6	0	2	9	4	2	10	13	9	21	6	8	7	11	9	9	9	12	1	11	8	13	6	2	2	3	5	2	1	1	6	1	1	3	3	9	0	2	5	10	11	12	8	1	2	3	2	3	0	3	6	1	2	2	4	9	3	6	4	1	4	6	8	3	2	0	8	3	6	2	11
PD42763a_lo0049	11	4	0	10	13	3	0	2	10	1	1	3	11	2	1	6	3	2	2	6	6	1	0	9	3	5	1	8	7	5	2	10	13	5	21	2	10	8	20	13	4	8	18	9	6	9	8	8	11	8	5	9	2	2	5	1	4	2	2	6	7	5	3	10	22	4	15	16	5	3	5	4	10	2	8	6	10	5	6	9	5	0	13	10	2	1	14	8	2	0	3	6	6	2	6	11
PD42763a_lo0050	4	5	1	4	5	3	0	5	6	1	2	1	3	3	1	1	1	1	1	4	0	0	0	3	0	2	1	2	4	3	1	10	11	1	17	6	3	3	9	7	7	6	13	5	8	2	9	5	4	4	6	5	0	0	6	1	1	1	1	2	8	2	2	5	11	4	5	7	4	2	1	4	3	2	2	3	6	3	3	8	2	2	1	9	0	2	3	5	2	1	1	1	1	2	2	7
PD42763a_lo0051	7	5	1	4	5	4	1	5	2	4	1	5	7	2	2	4	0	1	0	3	0	2	0	2	0	0	0	0	2	1	0	4	6	0	6	6	2	3	13	3	4	3	15	4	4	2	6	3	2	1	3	4	2	1	2	0	0	0	2	2	10	1	1	1	3	4	1	4	0	0	2	2	4	0	0	2	1	0	2	2	2	0	2	5	0	1	2	7	1	0	1	0	0	2	4	5
PD42763a_lo0052	3	4	1	7	3	3	2	8	7	3	0	5	7	2	0	7	5	3	1	6	4	4	0	2	1	4	1	1	6	4	2	8	15	6	23	7	12	10	15	9	9	9	18	8	21	11	10	21	2	5	5	6	3	6	5	5	1	1	2	4	7	2	1	5	16	5	14	18	5	4	5	9	9	1	3	7	12	4	4	7	11	2	14	12	4	4	13	11	5	2	4	0	10	5	12	21
PD42763a_lo0053	3	3	1	6	5	1	1	8	9	3	0	5	7	3	1	7	4	1	1	4	2	2	0	3	1	4	0	2	5	0	2	6	6	2	19	2	6	8	16	6	4	8	18	3	11	6	7	9	1	2	3	4	1	2	4	1	1	0	3	3	8	2	0	3	15	5	11	17	4	4	5	6	5	2	2	6	7	3	4	5	7	1	10	9	3	1	13	8	4	1	1	1	4	3	7	16
PD42763a_lo0055	7	7	5	8	16	5	0	5	6	4	1	2	8	3	2	8	0	3	0	5	2	3	4	4	3	2	0	5	7	4	0	5	16	4	16	5	11	6	17	11	12	5	14	7	7	8	7	4	1	1	5	6	4	1	5	4	5	1	3	5	12	7	4	7	17	6	6	12	3	7	6	4	2	3	4	5	10	1	3	5	6	4	19	9	1	2	8	8	3	6	9	1	12	2	9	10
PD42763a_lo0056	13	7	2	4	2	3	3	9	4	5	1	4	11	13	2	14	6	6	1	10	3	7	3	10	3	4	0	4	7	7	2	15	28	7	32	15	20	18	22	18	15	10	33	21	11	18	14	9	11	6	12	15	6	5	9	3	3	2	3	7	11	6	4	13	42	11	17	23	8	3	10	5	20	5	12	17	11	4	4	11	6	6	22	8	1	5	6	20	1	3	1	4	13	6	6	24
PD42763a_lo0059	11	3	2	2	7	4	3	5	3	6	1	4	6	7	2	8	5	8	1	5	8	5	3	12	2	3	0	1	5	5	1	17	19	7	29	15	16	15	17	26	9	12	23	15	14	14	14	15	8	3	6	10	2	5	6	3	3	3	3	2	8	3	0	5	36	2	22	16	4	4	11	5	14	4	8	15	12	5	6	10	4	6	14	2	2	4	8	11	3	3	7	4	8	6	10	20
PD42763a_lo0061	4	4	1	9	12	4	1	8	8	6	3	4	15	10	3	5	11	8	2	8	4	2	1	5	2	4	0	4	8	3	2	15	25	13	33	15	10	12	17	13	11	10	16	17	9	5	14	6	3	8	8	8	1	3	5	6	6	2	4	4	12	4	6	7	25	8	24	26	1	6	10	10	7	6	3	7	9	6	4	6	6	4	12	11	4	3	11	11	6	2	4	3	7	5	10	14
PD42764a_duct12	4	7	1	5	6	4	1	2	5	2	0	3	3	2	0	5	3	1	1	4	1	6	3	2	1	1	1	2	18	3	0	16	22	9	25	7	16	14	12	18	14	7	13	14	10	6	12	9	3	1	7	8	2	6	5	3	2	0	1	2	8	2	2	2	16	6	13	21	5	3	10	3	7	6	7	2	5	6	5	5	3	3	22	8	4	4	13	7	2	1	5	1	15	2	12	8
PD42764a_duct14	6	1	1	2	2	1	1	2	3	3	0	5	5	3	0	7	1	1	0	2	0	1	2	4	2	2	0	2	3	4	0	11	11	6	11	8	13	5	8	6	6	5	13	4	3	8	4	5	4	4	6	7	3	6	5	5	3	1	1	0	8	3	2	7	20	2	16	8	6	0	4	4	6	1	1	10	3	1	3	0	3	1	5	6	3	3	7	6	0	2	3	2	4	4	6	7
PD42764a_lo0001	8	7	1	4	7	2	1	4	8	5	1	4	7	6	0	10	8	2	0	4	3	3	0	6	3	3	0	5	4	9	2	7	15	12	35	10	13	20	20	34	12	12	15	20	14	12	13	9	9	9	6	12	6	8	7	3	4	1	2	1	11	4	2	4	41	15	25	33	4	3	7	8	9	3	8	14	6	5	7	9	6	2	7	8	3	0	9	9	1	0	1	3	9	2	7	14
PD42764a_lo0002	5	9	5	6	7	3	1	5	2	4	2	7	7	8	1	7	8	3	2	6	4	4	1	6	2	0	0	4	5	4	2	16	22	14	27	16	23	14	18	30	14	10	14	23	17	11	9	18	6	9	7	9	4	3	5	3	6	4	5	3	11	3	1	3	25	2	32	28	10	9	13	7	12	4	7	17	7	10	4	12	19	7	23	8	4	5	10	5	5	0	4	4	11	4	15	15
PD42764a_lo0003	6	8	3	4	9	5	2	7	2	3	2	6	7	10	2	9	7	3	1	6	4	3	1	5	1	1	1	2	8	4	3	14	21	13	31	17	20	14	17	26	13	11	10	23	15	11	12	16	5	9	5	5	5	3	5	3	3	4	5	1	15	2	0	2	21	5	25	23	10	8	10	5	8	3	4	16	7	11	3	8	12	6	44	5	2	3	17	14	2	0	11	4	8	2	12	18
PD42764a_lo0009	2	1	0	1	1	1	1	2	3	2	0	3	3	2	1	4	3	1	0	1	1	0	0	3	0	0	0	0	0	3	2	4	4	3	20	3	3	2	9	4	2	6	7	4	4	4	4	1	4	2	2	2	2	1	2	4	0	0	1	0	7	0	0	1	3	2	7	4	0	0	2	1	1	0	2	2	3	2	1	2	1	0	5	3	0	2	6	8	2	0	2	1	2	2	10	9
PD42765a_lo0002	10	11	2	7	13	3	0	4	10	6	2	5	5	14	3	10	7	1	2	6	4	1	1	8	4	1	1	2	3	5	0	10	17	9	27	4	12	9	17	17	12	9	28	12	15	13	6	12	17	5	3	9	5	8	8	2	4	4	3	1	13	6	3	13	10	3	14	14	6	4	8	8	9	9	7	12	6	7	2	12	4	3	4	7	4	1	2	7	2	1	3	5	3	4	5	11
PD42765a_lo0007	14	7	0	8	13	6	2	10	9	4	1	7	7	5	3	13	5	2	1	9	5	4	4	6	2	5	0	5	4	5	2	11	28	12	38	11	16	18	23	11	16	9	23	14	17	21	14	18	8	3	10	10	5	8	6	7	4	2	2	1	25	0	7	7	23	7	17	22	6	8	11	6	15	8	6	19	5	8	7	11	8	3	3	8	5	5	8	10	3	1	3	6	5	2	7	12
PD42765a_lo0008	9	7	6	10	9	4	2	2	8	2	1	5	7	8	0	12	5	1	1	1	3	1	3	6	3	1	0	4	3	5	0	7	10	9	16	8	6	6	11	10	11	8	5	8	13	16	2	10	4	1	9	8	6	4	8	5	4	0	6	1	14	4	3	5	16	4	10	15	3	1	8	6	10	6	6	9	4	4	3	5	3	2	1	3	2	2	2	7	2	3	2	6	7	1	4	5
PD42765a_lo0015	6	6	1	2	7	4	1	0	2	2	1	1	9	2	1	7	3	2	0	2	5	0	0	1	1	2	1	3	5	0	0	7	8	5	15	1	6	6	16	9	3	2	6	4	9	5	11	4	3	1	1	7	2	5	2	2	2	1	1	2	9	1	2	1	5	2	7	5	3	1	3	4	3	5	1	3	6	1	1	3	4	0	1	4	2	2	2	6	1	2	3	3	2	1	2	2
PD42765a_lo0016	4	2	0	1	7	0	0	3	1	2	1	0	2	5	2	1	1	0	1	1	0	3	2	0	0	0	0	2	28	7	2	28	2	1	15	2	1	2	7	1	3	0	6	2	10	3	10	6	0	1	0	5	0	2	2	1	1	2	1	1	13	0	2	3	4	1	2	1	1	0	2	1	2	0	1	0	2	2	1	3	1	1	0	1	0	0	5	2	2	0	0	3	4	0	1	3
PD42765a_lo0017	4	1	1	1	4	1	0	0	2	4	0	3	0	4	0	1	2	1	0	3	0	1	0	2	1	0	1	3	2	1	0	5	4	5	10	1	2	1	8	4	2	1	7	6	1	3	6	5	3	2	2	5	0	4	3	3	0	1	1	0	7	1	0	2	1	1	3	3	3	0	3	6	1	1	0	1	3	0	0	3	5	2	2	5	0	1	3	1	0	0	0	2	3	0	1	10
PD42765a_lo0020	9	5	2	2	12	3	1	0	10	6	0	4	11	11	0	10	4	1	2	4	1	6	1	2	2	2	0	5	1	0	0	3	8	4	14	1	8	5	9	6	7	5	8	5	6	8	5	6	5	4	1	4	0	7	0	2	5	2	2	2	6	3	4	4	6	1	5	11	3	0	5	1	2	3	10	6	4	1	3	5	1	1	3	1	0	2	4	5	1	0	1	1	5	2	0	10
PD42765a_lo0021	7	1	0	2	6	5	1	3	5	4	1	1	6	1	3	3	3	1	2	2	1	4	0	3	0	1	2	6	1	0	0	5	10	10	21	5	6	6	15	6	4	7	13	6	8	4	7	7	1	2	1	13	2	4	0	0	0	0	1	2	9	0	3	6	16	5	6	4	2	1	4	2	5	3	1	9	2	0	1	3	3	3	7	2	2	1	7	3	2	0	2	2	2	2	5	7
PD42765a_lo0022	5	6	1	5	6	3	2	4	5	1	4	1	4	6	0	4	1	0	1	5	1	3	1	3	3	2	2	5	3	2	0	12	10	9	24	10	14	9	12	8	8	6	14	6	8	7	7	7	5	1	4	10	1	3	0	3	1	0	0	0	14	1	0	3	15	6	9	13	1	3	5	4	3	4	2	4	3	2	1	3	8	1	32	7	4	2	5	7	3	0	3	3	7	3	15	11
PD42765a_lo0023	5	2	3	3	9	3	0	3	6	2	1	6	10	8	0	3	4	3	0	1	2	3	2	2	0	3	0	2	1	2	1	6	16	5	19	6	9	5	13	16	4	5	8	10	11	5	11	9	0	3	8	5	3	4	3	4	2	3	4	1	8	2	4	5	18	5	10	16	2	3	5	4	8	0	4	6	2	3	3	9	3	1	4	6	1	1	4	6	1	2	1	2	5	2	6	12
PD42765a_lo0024	5	3	0	7	4	3	0	1	5	2	1	3	7	17	0	3	1	3	1	5	1	5	3	5	1	1	0	4	5	4	1	10	13	7	20	6	9	2	16	11	9	5	11	7	9	13	7	12	6	8	3	8	2	5	6	1	2	6	0	4	10	3	2	3	13	2	18	8	6	0	3	5	8	4	3	5	4	4	6	6	7	4	5	11	3	8	9	11	3	0	5	5	8	3	3	9
PD42765a_lo0038	1	2	0	1	6	2	0	0	1	3	0	1	2	3	1	3	1	1	1	1	1	1	2	0	0	3	1	2	0	0	1	1	2	3	9	1	0	1	5	1	0	2	6	3	2	0	4	0	2	0	0	6	0	2	0	1	0	0	1	1	5	0	0	0	0	0	2	2	0	0	1	1	2	0	0	1	0	0	0	2	0	2	0	0	1	0	1	3	0	0	1	1	0	1	1	3
PD42765a_lo0039	4	1	0	1	4	1	0	2	0	4	0	1	1	0	2	3	0	2	0	1	0	1	1	0	1	0	0	1	0	1	0	2	9	3	16	3	6	1	11	4	4	4	7	4	2	1	3	1	1	0	0	5	0	0	0	3	1	1	0	1	9	3	0	3	4	0	3	2	0	0	2	1	2	0	1	1	0	3	0	1	4	3	11	6	1	1	3	7	4	1	6	1	13	3	2	5
PD42765a_lo0054	4	2	0	1	4	2	3	6	3	1	2	4	4	6	0	1	1	1	0	0	1	3	1	1	0	1	0	1	0	0	0	2	7	4	10	2	8	3	6	2	2	2	9	3	2	0	6	3	3	1	1	6	1	0	0	2	1	0	1	1	8	1	0	1	5	1	1	6	0	0	0	2	1	3	2	3	1	0	1	2	2	3	1	1	3	0	2	4	2	0	3	2	4	2	3	5
PD42765a_lo0064	2	2	0	2	7	2	3	4	2	0	1	4	9	4	0	7	1	3	0	2	2	4	1	5	0	2	0	4	7	1	1	4	11	3	17	4	6	8	10	10	3	4	12	4	4	7	4	3	4	3	4	7	3	1	7	1	0	1	2	1	7	0	3	0	7	4	5	5	1	1	3	2	6	2	0	2	1	1	0	2	2	5	20	4	0	0	7	6	1	0	3	2	8	2	10	8
PD42766a_lo0001	5	1	0	3	6	1	0	2	7	3	0	1	6	4	1	4	4	2	1	2	2	2	4	2	2	1	0	4	4	5	0	6	6	4	24	7	8	10	10	5	1	4	13	5	12	9	11	3	7	3	5	8	3	3	2	2	2	2	2	2	12	3	2	4	3	2	5	9	3	3	7	1	2	4	5	5	1	2	5	2	2	2	2	0	0	2	0	3	0	2	4	4	6	1	2	9
PD42766a_lo0002	2	0	0	0	5	4	2	3	5	2	0	2	1	2	1	0	0	1	2	1	0	3	1	1	0	2	1	1	2	0	1	0	5	4	11	5	3	2	12	4	1	6	11	4	4	5	8	2	2	1	2	10	0	0	0	1	1	0	0	3	9	0	0	3	3	1	4	4	2	1	3	5	2	1	2	0	0	2	0	1	0	0	9	2	1	1	3	7	1	0	1	3	5	3	2	9
PD42766a_lo0003	1	2	0	1	3	1	2	3	4	6	0	3	13	7	2	11	1	0	2	1	1	2	1	0	1	3	0	2	1	0	0	0	8	1	11	3	1	2	11	4	2	2	4	2	1	3	7	2	0	1	0	7	1	0	1	0	1	0	1	1	7	2	0	0	1	1	1	2	0	1	0	2	0	2	2	0	1	3	0	0	3	0	1	1	0	1	2	3	1	0	0	1	2	1	3	7
PD42766a_lo0004	4	3	1	2	4	1	1	6	5	1	1	4	4	1	0	3	0	2	3	2	1	4	2	3	1	5	0	1	1	0	1	5	7	4	23	5	6	4	10	8	2	3	13	4	5	2	10	4	3	4	4	8	0	2	3	0	0	2	0	1	8	0	2	3	10	4	8	10	1	3	3	5	3	2	3	3	1	3	3	5	2	3	2	3	1	1	2	5	3	2	2	8	3	3	7	7
PD42766a_lo0005	0	2	0	0	4	0	1	3	1	3	0	1	1	2	1	2	0	1	1	2	1	1	2	1	1	1	0	2	2	1	0	4	3	3	14	1	2	0	5	5	1	1	9	4	2	0	4	1	1	0	3	8	0	0	0	0	3	1	1	1	4	0	2	0	3	1	1	5	1	2	0	5	2	2	2	3	0	2	2	1	2	0	1	0	0	0	0	7	1	4	0	0	0	0	4	3
PD42766a_lo0006	2	1	0	3	2	1	0	5	4	4	0	1	8	3	1	2	1	0	1	5	2	3	4	1	3	4	1	3	2	2	0	8	5	9	28	6	3	5	14	5	4	6	25	5	6	9	14	4	2	2	7	9	5	3	2	4	1	3	1	2	9	3	2	3	6	0	3	7	3	1	7	3	3	4	4	3	4	5	3	4	2	4	13	3	1	3	7	7	3	1	0	8	3	2	13	11
PD42766a_lo0007	20	18	6	10	15	14	3	10	15	15	2	5	15	16	4	17	33	17	8	34	23	31	6	34	13	15	8	12	27	21	7	51	49	29	84	30	26	15	62	27	23	31	59	23	23	42	49	21	24	20	25	34	13	12	13	17	7	9	16	17	28	11	17	26	57	9	44	63	17	10	31	24	26	10	19	20	28	17	17	26	21	10	27	26	11	18	26	18	6	6	14	18	20	26	20	52
PD42766a_lo0008	4	5	1	3	5	6	0	4	4	2	0	2	3	7	2	10	4	0	0	4	1	3	2	8	3	5	1	3	2	4	1	4	9	9	21	6	10	4	9	12	8	6	12	6	8	11	7	6	4	6	5	3	3	3	2	3	2	3	0	4	5	5	1	5	9	3	7	16	6	2	4	0	3	4	1	10	5	6	3	2	9	1	21	2	0	5	11	11	6	1	8	4	4	7	7	16
PD42766a_lo0009	11	3	1	3	4	4	2	6	7	3	3	5	7	13	0	6	5	2	0	7	1	5	3	4	0	2	1	4	7	3	0	9	14	10	31	7	17	13	15	8	7	10	21	8	12	15	16	11	9	6	9	9	2	4	6	3	0	2	4	1	10	4	1	10	10	8	5	19	5	2	8	4	11	2	6	6	2	7	2	5	6	4	5	10	5	4	5	6	2	1	4	8	10	2	0	21
PD42766a_lo0011	6	3	0	4	8	1	0	3	8	1	0	3	3	4	2	5	4	3	2	4	0	1	0	5	2	4	0	1	3	6	0	11	9	8	25	9	8	6	11	10	3	6	8	3	13	13	10	8	7	6	4	4	1	1	3	2	1	2	1	3	4	0	2	4	10	3	8	10	2	3	6	4	4	6	3	5	1	3	4	4	6	1	16	6	0	3	3	5	3	0	3	4	9	1	7	15
PD42766a_lo0012	12	3	1	3	8	2	0	7	7	6	0	4	7	3	1	4	2	1	1	6	3	3	2	7	1	7	2	2	2	9	2	9	11	5	30	7	13	7	17	17	4	9	16	10	20	20	7	27	12	7	7	10	2	4	4	1	1	1	3	4	9	2	4	4	15	4	16	14	8	5	8	3	10	7	3	15	9	4	6	5	1	2	17	10	2	4	9	8	2	2	1	3	1	5	3	20
PD42766a_lo0013	8	3	0	4	1	7	1	3	7	5	2	1	10	8	0	11	5	2	2	2	1	4	2	3	2	1	0	6	3	7	0	7	10	12	23	10	12	4	20	6	6	9	12	2	12	5	7	6	6	7	5	12	4	1	5	4	2	2	2	1	10	3	2	7	9	6	6	14	2	2	8	8	9	8	1	7	2	4	1	3	6	1	10	1	3	3	5	10	1	0	8	2	5	1	4	11
PD42766a_lo0017	4	2	2	2	2	0	1	3	4	2	0	2	3	3	1	0	2	1	2	2	0	3	1	1	3	6	1	3	1	0	0	1	8	2	21	6	7	6	11	8	3	3	8	9	5	5	5	2	2	1	0	3	5	0	0	3	3	1	1	1	8	0	3	2	5	3	5	8	2	2	3	2	2	0	1	0	3	1	1	1	3	1	2	2	1	0	2	3	2	0	0	2	3	1	2	4
PD42766a_lo0021	5	2	0	1	5	2	1	4	4	2	0	2	3	2	0	1	2	1	1	2	2	3	2	3	1	4	0	3	1	2	0	6	6	1	12	3	6	2	11	8	2	2	13	3	6	7	8	2	3	2	3	4	0	0	3	0	0	0	2	1	10	0	0	5	3	1	0	7	1	1	2	3	4	0	2	2	0	1	1	0	1	0	0	2	0	0	2	2	3	2	1	3	3	5	4	8
PD42766a_lo0026	6	3	0	2	4	1	0	6	5	0	1	3	7	5	1	6	6	2	1	2	5	4	0	3	0	3	0	3	31	6	0	27	10	3	10	6	2	3	9	2	0	4	9	3	19	9	9	6	6	4	2	7	0	1	2	1	1	1	1	2	5	1	0	5	5	2	5	12	3	4	4	2	1	1	2	3	0	3	2	5	7	0	0	6	2	2	2	7	1	1	0	3	2	5	6	6
PD42766a_lo0028	7	4	2	1	7	3	0	6	9	3	3	6	3	7	1	9	6	4	1	3	3	6	4	2	3	3	0	6	2	3	0	12	21	11	28	10	15	8	17	13	5	6	15	11	12	6	14	6	2	2	7	10	4	2	3	4	2	1	5	4	2	2	1	8	13	4	13	14	10	4	5	5	9	3	5	4	6	6	3	7	6	5	20	5	0	4	7	9	3	3	1	6	12	5	13	15
PD42766a_lo0032	0	2	1	1	2	2	0	3	1	2	0	2	4	3	2	3	2	2	1	2	2	2	1	0	1	1	0	3	3	2	0	2	3	3	9	2	5	1	3	2	1	1	10	1	4	4	8	1	2	2	0	2	0	1	1	0	0	0	0	1	6	1	0	0	1	1	2	4	1	2	1	3	0	2	3	1	0	2	1	2	3	1	6	2	1	1	1	7	2	0	0	3	2	1	8	8
PD42766a_lo0035	8	1	1	1	4	1	0	4	1	2	1	1	4	2	1	6	4	4	1	4	1	3	2	2	1	4	0	4	1	4	0	6	10	1	18	3	7	3	5	5	1	3	5	5	7	4	10	2	1	1	0	6	1	4	2	2	1	0	1	1	2	0	1	3	4	0	2	6	2	0	2	4	4	1	3	3	3	1	3	4	2	0	3	0	2	0	2	4	2	0	3	2	1	2	3	10
PD42766a_lo0039	3	1	1	0	4	4	0	3	2	5	1	4	3	5	0	1	2	0	2	3	1	2	1	3	2	3	2	4	4	3	0	5	8	6	20	5	5	4	14	7	3	2	13	3	4	3	10	2	4	3	1	9	0	3	1	3	2	0	0	2	6	2	2	1	7	3	6	11	4	2	2	3	4	1	3	2	3	3	2	2	12	2	9	4	3	3	2	8	5	1	3	2	7	2	9	9
PD42766a_lo0048	4	2	1	1	7	3	0	5	3	1	2	2	6	7	3	3	3	3	0	1	2	1	0	4	2	2	0	3	3	2	0	4	13	3	16	5	4	4	10	3	4	6	10	6	7	7	8	5	3	3	2	6	3	3	3	2	1	0	0	1	6	2	0	3	7	2	6	4	2	2	2	2	2	3	4	5	3	2	1	5	1	1	4	1	1	2	1	9	2	3	1	7	4	1	3	5
PD42766a_lo0049	4	3	0	1	2	0	0	1	5	1	0	4	5	2	2	6	2	0	0	0	3	1	1	3	0	1	0	1	1	0	0	5	3	3	5	6	2	3	10	2	1	2	10	2	6	1	6	4	3	2	0	3	1	0	0	0	1	0	1	0	5	1	1	2	0	1	1	2	2	1	0	2	0	0	1	0	2	2	0	0	3	0	3	2	2	2	1	3	1	0	1	2	4	0	4	6
PD42767a_CD20_1a	0	1	0	0	0	0	0	1	1	1	0	0	1	2	2	2	0	0	0	1	2	0	0	0	0	0	0	0	2	0	0	0	2	1	8	2	0	0	4	2	0	0	3	0	2	1	4	1	1	0	0	4	0	0	1	0	0	1	0	1	3	1	0	0	2	3	3	0	1	0	0	3	0	1	0	1	0	1	2	1	7	1	6	1	1	1	4	2	1	0	2	4	5	1	6	9
PD42767a_CD20_1b	0	0	0	0	1	3	1	3	2	1	0	1	2	2	0	2	0	0	0	0	2	1	0	0	1	0	0	0	0	0	0	0	1	0	7	1	3	0	4	1	0	1	2	1	3	0	3	1	0	0	0	2	0	0	0	0	0	0	1	0	4	0	0	2	1	0	0	2	0	1	0	5	0	1	1	1	0	2	1	1	1	0	1	3	1	0	1	5	1	0	1	5	0	2	2	4
PD42767a_CD20_3	1	0	0	0	0	0	0	2	2	1	1	0	0	1	1	1	1	0	0	0	1	0	0	0	0	0	0	0	0	0	0	0	1	0	6	1	1	0	5	1	1	0	3	0	0	2	1	0	1	1	0	3	0	1	0	0	0	1	0	0	1	0	0	1	1	0	0	1	0	0	0	1	1	1	0	1	0	2	0	2	1	0	9	3	0	0	7	1	4	0	0	5	2	1	5	6
PD42767a_CD20_4	0	1	0	1	0	0	1	0	2	0	0	0	1	3	0	2	0	0	0	0	0	1	0	1	0	0	0	0	0	0	0	1	0	1	6	3	0	0	0	1	1	0	4	0	2	1	2	0	1	0	0	5	1	0	0	1	0	1	0	1	5	0	1	1	1	0	0	1	0	1	0	1	0	0	1	1	0	1	1	1	4	0	6	3	1	0	7	9	5	0	0	5	3	1	12	7
PD42767a_CD20_5	1	1	0	0	0	0	1	3	2	2	2	1	1	2	0	1	1	0	0	0	1	0	0	1	0	0	0	0	0	0	0	0	0	0	4	1	1	0	4	0	0	2	2	1	2	2	2	1	0	0	0	2	0	1	0	0	0	2	0	1	2	0	1	0	1	0	0	2	0	0	0	0	0	1	0	1	0	4	2	2	1	0	0	3	1	0	1	2	2	0	0	4	1	1	1	3
PD42767a_CD20_6	1	0	0	0	0	0	0	2	1	2	0	1	1	1	0	1	0	0	0	0	1	1	0	0	0	0	0	0	0	0	0	0	1	1	6	3	2	0	5	0	0	0	4	0	1	1	6	0	0	1	0	5	0	0	1	0	0	0	0	2	3	1	0	1	2	0	1	1	0	0	1	3	1	0	0	1	0	3	2	1	4	2	4	0	1	0	2	3	2	0	0	4	4	1	8	7
PD42767a_CD38_1	2	3	0	0	1	4	2	4	8	1	1	1	4	1	0	5	1	0	1	0	2	1	1	2	1	0	0	0	0	1	0	2	0	2	7	2	1	0	8	2	0	1	11	1	4	5	3	0	2	3	0	7	0	3	0	1	1	5	2	0	5	1	2	4	1	0	0	6	1	0	0	2	1	2	2	2	0	4	1	4	4	0	2	4	3	3	5	11	2	0	0	8	3	2	3	12
PD42767a_lo0004	2	0	0	0	2	1	1	2	5	2	0	0	2	4	2	3	0	0	0	0	3	2	0	1	0	0	1	0	2	1	0	1	4	0	9	1	1	3	8	3	2	0	3	1	4	2	9	3	2	1	2	0	1	0	2	0	0	1	0	1	5	1	0	1	1	2	0	1	2	0	0	0	0	2	1	1	0	0	1	0	3	1	3	2	0	0	3	3	1	0	3	4	4	1	9	5
PD42767a_lo0006	1	3	0	1	5	2	0	5	4	1	0	0	4	2	3	1	2	3	2	2	0	2	1	1	0	2	0	0	4	0	1	5	5	1	9	2	1	0	6	1	1	0	4	1	0	2	12	4	0	0	2	3	0	0	1	1	2	1	1	2	3	0	0	4	3	1	1	1	1	0	2	2	2	2	1	3	2	1	4	1	1	1	2	0	2	1	1	0	2	0	2	3	3	1	6	7
PD42767a_lo0009	3	1	0	2	2	2	1	1	1	0	1	0	2	3	0	3	0	1	1	1	1	0	2	1	0	0	0	0	2	0	2	1	2	0	14	4	1	0	12	0	2	3	10	0	3	4	7	4	1	0	0	5	1	0	1	1	0	0	0	1	2	0	1	0	1	0	0	2	1	0	2	2	1	1	0	1	1	2	1	1	3	1	4	1	0	1	3	5	1	0	1	2	5	1	7	6
PD42767a_lo0010	2	2	0	1	1	1	4	0	0	0	1	0	3	3	0	5	1	0	1	1	2	0	1	3	0	0	0	1	2	2	1	2	2	1	13	4	0	0	13	1	2	2	4	0	2	3	7	3	1	1	0	4	1	0	0	0	0	0	1	2	3	0	2	1	3	0	2	0	0	0	2	2	1	0	1	1	1	2	1	1	2	1	1	0	1	1	1	3	3	0	1	3	3	1	1	7
PD42767a_lo0011	0	1	0	0	0	1	2	0	0	3	0	1	2	1	0	2	1	0	1	0	1	1	1	0	0	0	0	0	0	0	3	0	2	0	9	2	0	1	8	2	0	0	4	0	5	4	6	1	0	1	1	7	0	0	1	0	0	0	0	0	2	0	0	0	2	0	1	2	1	0	1	3	1	0	2	1	0	1	1	1	6	0	13	2	1	2	6	4	3	2	1	3	7	0	7	3
PD42767a_lo0014	3	2	1	1	2	1	1	1	1	4	1	1	3	5	1	3	3	2	1	2	5	1	0	2	0	2	0	3	5	2	1	7	4	4	13	7	1	9	7	6	4	5	10	5	12	8	6	9	0	1	3	5	2	1	1	1	1	3	0	3	4	2	0	3	5	5	7	8	2	2	3	2	0	1	4	3	1	7	1	2	4	2	3	3	1	2	6	2	1	1	3	5	4	1	2	4
PD42767a_lo0015	2	2	1	1	4	5	0	1	4	3	0	2	2	5	1	7	1	0	0	1	2	2	0	3	4	0	0	1	0	2	0	5	5	1	11	5	4	2	5	2	5	2	8	5	4	9	5	8	2	1	2	4	0	1	1	0	0	0	0	3	5	0	0	2	4	0	3	3	2	3	0	3	2	2	2	1	1	1	4	2	4	2	9	2	1	3	5	4	1	0	4	3	3	3	9	7
PD42767a_duct1	1	3	0	2	4	2	2	0	1	2	1	3	5	5	0	5	0	1	1	0	3	0	1	1	1	1	1	1	1	0	0	1	3	0	12	3	2	1	4	6	3	0	2	0	3	2	3	0	1	1	1	1	1	0	5	1	1	0	0	4	3	1	1	1	3	1	1	1	1	1	2	1	2	2	0	1	2	0	2	1	1	1	1	1	0	2	2	2	1	0	1	2	2	0	2	7
PD42767a_duct1a	1	2	0	0	1	0	0	1	5	1	0	1	2	4	2	1	0	1	0	1	1	1	0	2	4	0	1	0	3	1	0	1	2	2	13	3	3	2	7	3	0	2	9	1	5	2	8	2	4	1	1	7	0	0	4	2	1	1	0	2	4	3	0	2	6	6	5	3	1	0	0	2	1	2	1	2	0	2	6	3	2	1	1	1	2	2	0	4	1	0	1	5	1	0	5	7
PD42767a_duct3a	1	0	0	0	1	1	0	1	2	1	0	0	2	1	4	3	0	0	0	2	1	0	0	0	0	0	1	0	0	0	0	0	1	1	12	3	0	0	9	4	4	1	8	1	1	3	7	0	0	1	0	3	2	0	0	0	0	0	0	0	2	0	0	1	2	1	1	1	1	1	0	3	0	2	2	1	0	2	2	3	0	1	4	1	0	1	1	2	1	0	0	6	3	0	4	3
PD42767a_duct5	0	3	0	0	1	1	2	1	2	0	1	0	3	2	1	2	0	2	1	2	2	2	1	2	0	0	0	0	3	0	1	0	4	0	14	4	3	2	4	2	3	5	4	0	4	5	3	1	1	0	3	3	3	2	0	1	1	1	0	1	2	0	0	1	0	1	2	0	0	0	1	2	1	0	0	4	0	3	1	1	2	0	2	1	0	2	0	5	2	1	1	4	1	0	1	6
PD42767a_duct5a	2	0	0	0	1	1	1	1	5	1	0	2	4	2	2	5	0	0	1	0	1	0	0	0	0	0	0	0	0	0	0	0	1	0	14	0	0	0	5	1	2	0	2	2	2	2	4	0	0	0	1	4	1	0	0	0	1	0	0	0	2	0	0	1	3	2	1	0	1	0	0	4	0	2	0	2	0	1	2	0	9	2	5	0	0	1	3	2	1	0	2	2	1	1	2	2
PD42767a_duct6a	1	1	0	0	1	0	1	4	3	0	0	0	0	2	2	1	0	0	0	2	2	1	0	1	0	0	1	0	0	1	0	1	3	2	7	2	3	2	5	1	3	7	9	4	3	4	8	1	1	1	1	5	1	0	4	1	0	1	1	0	5	0	1	4	2	1	3	2	0	0	0	4	1	2	1	2	0	2	3	1	7	1	22	2	1	3	14	4	1	1	4	5	5	1	11	8
PD42767a_duct7	1	0	0	1	1	1	0	4	2	2	0	1	2	2	1	3	0	0	0	2	2	2	1	1	1	2	0	1	0	0	0	1	2	2	4	0	4	0	4	0	0	3	1	2	2	1	6	1	0	0	2	6	2	0	0	0	2	1	0	1	2	1	1	1	6	0	2	0	2	0	0	3	0	0	0	2	0	2	2	2	3	0	0	2	0	1	1	4	2	0	1	7	3	0	3	4
PD42767a_duct7a	4	0	1	0	1	1	0	2	1	1	1	0	3	1	2	1	3	0	0	1	1	0	0	0	0	1	0	1	0	1	1	6	1	2	13	2	3	1	10	3	2	2	5	1	1	2	7	2	0	0	1	5	1	0	2	0	0	0	0	0	3	0	0	0	3	2	3	0	1	0	0	3	0	1	3	3	1	2	2	1	2	0	1	1	0	0	0	5	2	0	0	3	4	1	2	1
PD42767a_duct8a	8	1	1	3	1	4	2	3	4	1	2	2	4	3	0	3	4	2	0	4	2	1	0	2	3	0	1	1	1	5	0	5	3	5	13	7	4	5	8	6	1	4	15	6	3	2	5	3	1	1	1	5	0	0	7	1	0	1	1	0	6	0	0	4	8	2	8	11	2	0	4	2	2	1	5	4	4	2	2	2	3	1	9	4	2	1	3	1	2	1	0	6	3	0	9	5
PD42767a_duct9	1	1	0	1	1	3	1	2	3	2	1	0	8	5	1	2	1	3	1	3	4	0	0	3	0	1	0	1	34	7	7	52	3	0	15	2	2	0	6	1	4	3	5	3	18	8	5	8	0	0	0	5	2	0	3	0	0	0	0	1	2	0	0	0	2	1	2	2	1	1	2	2	0	0	2	2	1	3	1	1	12	2	18	5	3	2	7	4	5	2	4	4	13	2	16	8
PD42767a_gland9	1	1	0	2	3	2	1	2	2	0	2	3	5	7	0	4	3	1	0	2	3	1	0	1	1	0	0	1	0	0	1	2	3	1	10	7	3	2	3	2	2	2	4	1	4	2	4	5	1	1	2	5	2	1	2	1	0	0	0	1	1	0	1	2	7	2	3	1	1	2	2	1	0	0	1	1	1	4	3	2	0	1	3	0	0	1	2	5	0	0	2	3	2	1	1	11
PD42767a_glands1	3	1	0	1	5	0	1	1	4	1	0	1	1	3	2	3	1	0	0	2	2	2	0	1	0	1	0	0	1	2	0	2	5	1	11	2	4	2	7	3	4	3	12	3	4	0	11	4	1	3	2	6	0	0	2	4	0	1	0	1	4	0	0	6	4	1	3	4	2	2	0	4	1	2	0	3	9	4	3	3	0	1	2	4	1	2	2	6	2	0	0	4	3	1	2	5
PD42768a_CD20_1	19	9	0	10	8	8	1	13	8	5	0	12	18	23	2	23	2	3	0	4	2	2	1	3	2	4	1	3	4	2	0	6	18	6	49	15	11	9	27	22	7	7	17	12	5	8	17	14	9	7	7	20	5	3	7	2	0	1	5	5	16	0	0	7	15	7	10	17	3	0	9	15	7	6	5	8	6	4	4	8	7	2	11	8	3	2	10	19	2	1	5	6	17	4	11	26
PD42768a_CD20_3	2	0	0	2	0	0	0	1	1	0	1	0	1	0	3	2	1	0	1	1	0	0	1	0	0	0	0	1	1	0	0	1	1	2	5	0	0	2	3	1	0	0	0	0	1	0	1	1	0	0	0	1	1	0	0	0	0	0	1	1	5	0	0	0	2	0	1	0	0	0	2	3	0	0	0	3	1	0	0	1	5	0	28	5	1	1	15	7	5	0	7	4	11	4	15	7
PD42768a_CD20_4	19	16	3	14	13	11	1	22	20	8	1	15	12	12	3	42	8	4	2	8	4	3	4	3	2	2	1	3	4	0	0	12	15	13	47	9	6	9	26	16	8	11	29	13	11	13	22	15	10	9	8	26	6	9	12	6	2	3	9	4	20	4	3	14	19	9	10	13	8	6	9	19	7	5	9	11	10	5	10	18	16	3	10	9	13	7	8	28	2	3	1	10	28	3	12	25
PD42768a_CD20_5	2	0	0	4	0	0	0	0	1	0	0	1	3	1	1	2	0	0	1	0	0	0	1	0	0	0	0	1	0	2	0	0	1	3	4	0	0	2	3	1	3	3	5	0	2	1	6	1	1	0	0	3	1	1	0	0	1	1	0	2	4	0	0	1	2	0	0	0	0	0	2	0	1	0	0	3	1	0	0	0	5	1	12	2	2	0	3	4	1	0	0	1	6	3	6	5
PD42768a_CD20_6	0	0	0	1	1	1	1	0	1	0	0	1	4	2	2	1	0	0	0	0	0	0	2	1	0	0	0	1	0	0	0	1	2	2	4	0	0	2	3	0	0	0	4	0	3	0	6	1	1	0	0	4	0	0	0	0	0	0	0	2	7	1	0	0	1	0	1	0	0	0	1	2	0	0	0	2	1	0	0	2	2	0	2	2	0	0	3	2	1	0	2	3	2	0	2	3
PD42768a_CD20_8	2	2	1	3	2	2	0	2	0	1	0	2	4	2	2	4	2	0	1	0	0	0	2	0	0	0	0	1	0	0	0	2	4	2	6	0	1	0	4	2	1	2	7	2	1	0	6	2	1	0	1	7	0	2	0	0	0	0	0	1	5	0	0	0	1	1	2	1	0	0	1	3	0	0	0	3	1	0	0	1	3	0	8	4	1	0	11	4	2	1	3	3	4	1	12	2
PD42768a_duct1	1	1	1	4	3	1	0	2	2	2	0	3	6	2	4	4	2	0	3	0	0	0	2	0	0	1	1	0	0	0	0	3	6	2	17	2	1	3	12	2	1	0	10	1	3	4	7	4	1	1	0	1	0	0	1	2	0	0	0	1	5	0	0	3	1	1	2	3	1	0	0	5	1	2	1	1	0	1	0	0	3	1	8	0	0	0	0	3	0	0	1	5	3	0	6	5
PD42768a_duct3	3	2	0	5	5	1	0	2	4	1	1	2	6	3	2	3	2	0	3	0	0	1	5	1	0	0	1	1	2	1	0	2	9	4	22	2	2	2	20	3	2	2	13	2	2	6	15	2	3	1	0	10	0	0	1	3	0	0	0	2	7	3	0	3	4	1	2	5	1	0	3	4	2	1	2	3	3	5	0	1	1	1	1	2	1	1	0	2	0	0	0	2	2	1	6	1
PD42768a_duct4	0	0	0	3	3	2	1	1	2	2	2	1	2	8	3	6	0	0	1	0	0	0	1	0	0	0	0	0	0	1	0	1	0	1	7	0	0	2	6	2	4	3	9	0	2	0	3	0	2	1	0	1	0	0	1	1	2	0	0	1	4	0	0	0	1	1	0	3	1	0	2	0	0	0	1	2	1	0	0	0	4	0	3	1	1	0	0	0	0	0	0	3	2	0	3	2
PD42768a_lo0001	10	4	0	5	7	7	0	3	6	3	2	3	11	9	1	5	5	3	2	2	3	1	2	1	0	1	0	9	2	3	0	5	6	6	21	7	6	3	16	9	5	5	9	9	6	6	9	11	6	1	5	8	0	0	4	2	2	0	1	1	3	1	0	2	8	2	7	10	4	2	3	2	2	1	1	5	7	1	4	8	2	2	1	0	0	0	4	1	1	0	2	0	0	1	4	4
PD42768a_lo0012	5	4	2	4	2	1	0	1	4	0	0	2	2	1	2	4	2	2	0	0	0	1	2	1	0	0	1	0	0	3	0	3	4	3	15	0	2	2	17	4	0	2	8	1	2	3	7	0	2	1	0	8	0	1	0	2	0	0	0	1	6	0	0	4	4	2	2	8	1	0	1	4	2	2	2	3	1	4	1	2	1	1	2	0	2	1	0	1	1	1	2	3	0	0	5	4
PD42768a_lo0013	1	2	0	1	4	2	1	1	3	2	3	1	3	3	0	3	4	2	2	1	2	0	2	2	0	2	0	1	4	1	0	1	9	5	14	3	11	4	6	5	6	2	12	2	5	4	6	4	3	0	5	9	1	2	2	2	0	0	0	1	2	2	1	2	3	3	1	5	4	1	1	0	0	1	2	4	4	2	1	1	2	0	2	2	2	0	5	3	0	1	0	2	2	2	8	5
PD42768a_lo0014	8	4	2	7	8	4	0	1	6	3	2	4	6	5	3	2	1	1	2	0	1	0	3	2	3	0	0	2	3	4	2	4	17	10	30	3	5	8	22	11	6	7	19	8	4	2	11	8	4	1	4	7	1	0	2	2	2	0	1	2	10	4	3	5	9	2	10	7	2	0	7	4	2	3	3	7	5	3	3	3	1	1	2	2	1	3	2	5	1	3	1	6	2	2	5	8
PD42768a_lo0019	2	3	0	5	6	2	0	1	6	2	0	3	5	2	2	5	6	0	2	4	1	3	0	4	1	2	1	3	2	1	1	5	8	4	7	3	2	2	8	5	2	2	6	2	5	4	2	2	5	6	2	6	1	0	2	3	2	0	3	0	4	1	3	4	2	0	5	6	1	1	2	1	1	1	2	1	2	1	1	2	1	1	5	2	0	2	3	2	0	0	1	1	4	1	4	2
PD42768a_lo0021	6	4	0	4	7	3	0	1	4	2	1	3	7	5	2	4	0	0	2	1	0	1	1	4	0	1	0	1	4	3	1	1	4	4	15	1	5	4	11	1	0	0	4	1	2	2	11	1	3	3	1	1	1	0	1	1	0	0	0	1	4	1	0	2	3	0	0	1	1	0	2	2	3	4	1	3	5	0	1	2	3	1	0	1	1	1	0	1	0	0	0	4	2	0	3	1
PD42768a_lo0024	0	1	0	3	2	2	0	0	0	0	0	0	2	2	1	2	0	0	0	0	0	0	2	1	0	0	0	0	0	0	0	1	2	4	7	3	1	2	4	0	2	1	8	2	3	0	4	3	2	0	0	5	1	0	1	0	0	0	0	0	5	0	0	2	1	0	1	1	0	1	1	4	1	0	1	4	1	2	1	1	0	1	2	1	0	1	1	0	0	0	0	1	0	0	3	1
PD42768a_lo0044	2	1	0	2	2	0	0	0	3	0	0	0	5	3	1	1	2	3	1	4	2	0	1	1	0	1	0	1	1	0	1	2	7	5	7	3	2	1	5	0	3	1	5	0	1	4	7	2	0	1	2	3	0	0	0	0	1	0	1	1	4	0	1	1	3	1	3	1	0	0	2	4	1	1	0	4	2	0	0	1	0	2	0	3	0	0	1	1	0	0	1	4	1	0	5	3
PD42768a_lo0051	3	3	0	8	3	1	0	2	2	1	0	2	4	3	2	4	3	0	2	0	1	1	1	1	1	0	0	0	0	0	0	3	4	3	17	1	0	1	13	4	4	1	11	2	3	5	9	5	5	2	0	11	0	0	2	2	1	0	1	1	5	0	0	5	0	0	3	2	0	0	0	3	1	2	3	2	1	2	0	0	0	0	2	1	0	1	0	1	0	0	0	3	2	1	5	2
PD42768a_lo0053	2	2	0	2	1	3	1	1	3	2	0	2	7	2	1	4	2	1	2	0	2	1	2	4	0	2	0	0	52	10	1	48	5	3	9	2	1	0	5	3	0	0	6	3	12	2	9	11	1	0	1	5	1	1	0	1	1	0	1	0	3	2	0	2	1	0	0	0	1	0	0	1	2	1	1	1	1	1	1	0	0	0	1	0	2	2	0	0	1	0	0	1	0	1	1	3
PD42768a_lo0069	2	0	0	2	5	1	0	1	4	1	0	0	4	1	0	3	0	1	1	1	0	0	2	0	0	0	0	1	0	0	0	2	2	3	13	2	1	1	4	2	1	0	6	1	0	6	5	3	2	1	1	5	0	0	0	2	0	0	0	1	6	2	0	0	0	1	0	2	0	0	2	5	1	1	0	2	2	2	0	2	1	0	1	2	1	0	2	5	0	0	0	2	2	0	6	1
PD42768a_lo0070	2	2	0	3	1	0	0	0	2	0	0	0	4	2	2	3	2	1	2	2	1	1	1	1	0	0	0	0	1	1	1	1	4	2	11	1	2	0	3	3	1	1	7	1	2	0	8	1	0	1	3	6	0	0	0	0	1	0	0	1	5	0	1	0	1	1	4	1	1	0	1	3	1	1	1	3	2	0	1	0	1	2	7	5	2	0	2	3	1	0	2	4	6	0	9	6
PD42768a_lo0071	2	1	0	0	1	0	0	0	0	0	0	1	2	1	0	1	2	0	1	2	1	1	1	1	0	0	0	0	0	1	1	3	6	3	12	1	1	0	5	2	0	0	9	0	1	1	13	3	1	0	1	3	0	2	1	2	0	0	2	2	3	1	0	2	2	0	2	2	0	0	1	3	1	1	0	3	1	1	1	1	3	1	4	2	0	0	4	2	4	0	0	4	2	0	5	4
PD42768a_lo0072	4	2	2	4	4	0	0	0	5	0	3	2	1	3	0	4	4	0	1	2	0	0	0	1	1	0	0	0	0	1	2	3	3	0	7	1	2	3	2	5	3	0	5	3	0	1	4	1	3	1	0	3	0	0	0	1	0	0	0	2	4	0	1	1	3	0	1	4	1	0	0	1	1	1	0	3	0	1	0	2	0	1	3	1	0	1	1	0	0	0	1	1	1	2	4	3
PD42768a_lo0073	4	1	1	2	5	2	0	2	2	2	1	7	5	1	2	3	1	0	1	2	0	0	1	0	0	1	0	1	0	2	1	2	8	2	23	4	5	0	11	5	1	0	8	1	3	2	7	3	2	1	2	9	1	3	0	2	1	0	3	1	8	1	1	1	8	0	9	6	1	2	2	2	6	2	1	4	2	2	2	4	1	0	5	6	0	1	3	4	1	1	2	4	2	2	10	14
PD42768a_lo0077	6	0	0	2	2	0	0	1	5	1	0	0	3	2	1	3	2	1	1	3	1	1	2	0	1	0	0	1	0	1	0	2	8	4	11	1	2	2	5	3	3	1	7	2	0	1	11	2	1	0	1	2	3	0	3	0	0	0	1	0	7	1	0	2	6	2	3	4	0	0	1	3	2	2	0	2	1	1	0	2	1	4	8	5	0	0	3	4	1	0	1	5	0	2	2	2
PD42768a_lo0079	3	2	0	5	4	3	1	1	6	2	0	3	1	3	1	2	2	0	2	3	0	1	0	2	0	1	0	3	3	3	1	4	5	4	17	0	6	1	6	6	3	2	7	5	1	4	6	3	1	2	0	7	1	2	3	1	0	0	1	2	3	0	0	1	8	4	4	6	1	0	2	5	1	1	1	5	2	0	3	2	0	0	0	5	1	0	0	4	0	1	0	2	0	1	4	2
PD42768a_lo0080	2	1	0	3	3	2	0	4	3	1	0	0	6	2	3	4	1	0	0	1	0	1	1	0	0	0	0	0	1	0	0	1	9	6	17	2	1	3	12	2	1	1	8	2	1	0	6	1	1	1	0	7	0	0	1	0	0	0	0	1	2	2	0	3	0	1	0	2	0	2	2	4	1	2	0	4	2	4	2	1	0	0	3	3	0	0	0	2	1	0	0	4	1	1	4	3
PD42768a_lo0081	1	2	0	4	1	0	0	1	1	1	0	3	0	1	3	1	1	1	1	0	0	2	1	0	1	0	0	0	1	0	0	2	3	1	8	1	0	3	8	3	2	1	7	0	2	2	8	5	0	0	2	4	0	0	1	3	0	0	0	0	6	3	0	1	0	1	2	1	0	1	1	2	2	1	0	4	2	0	0	2	1	0	4	1	0	2	4	3	0	0	0	4	5	0	6	3
PD42768a_lo0082	1	2	0	1	0	1	0	0	4	0	0	2	0	2	2	2	0	1	1	0	0	1	0	2	2	0	0	0	5	0	0	0	4	3	9	1	0	3	3	3	2	3	5	0	0	1	7	3	0	1	1	6	0	0	3	3	0	1	1	1	4	3	0	1	4	1	2	2	1	1	1	4	3	1	0	6	2	1	0	3	7	1	4	2	0	1	4	1	1	0	2	3	3	0	6	6
PD42768a_lo0083	4	3	0	4	8	0	0	2	3	1	0	3	2	3	1	6	5	2	1	2	2	3	1	8	0	0	0	1	20	6	0	16	7	9	15	5	4	5	16	5	3	2	17	3	18	5	13	11	3	0	1	1	2	1	3	1	0	0	2	0	5	0	2	2	7	1	4	6	1	2	1	5	3	1	0	5	0	1	3	3	2	1	3	1	0	1	0	3	0	1	2	4	0	3	8	4
PD42768a_lo0084	5	1	0	4	2	1	2	1	2	2	0	1	3	2	0	3	1	1	1	3	1	1	1	0	1	1	1	2	0	1	1	3	6	4	11	5	3	5	9	3	3	3	10	3	3	2	13	5	1	0	0	9	0	1	0	2	0	0	1	0	6	1	0	1	6	0	1	3	1	1	0	5	4	3	0	6	6	1	3	4	2	2	7	1	1	2	3	5	0	0	2	3	2	0	5	6
PD42768a_lo0090	1	0	0	1	2	2	1	2	0	0	0	3	1	0	1	3	0	0	2	0	1	0	1	0	1	0	0	0	1	0	0	1	3	4	7	1	1	0	7	3	0	1	5	1	1	1	10	1	0	0	0	3	0	1	0	2	1	0	2	1	3	1	0	3	2	0	0	1	1	0	0	1	1	0	0	2	2	1	1	0	2	1	1	2	1	0	1	2	0	0	0	4	1	0	6	2
PD42768a_lo0091	1	2	0	2	2	2	0	2	3	1	0	1	1	2	1	1	1	0	1	1	0	0	0	1	0	0	0	0	1	0	0	1	1	3	7	1	1	1	5	2	0	0	5	0	2	0	8	0	0	0	0	2	1	2	0	0	0	0	1	1	6	0	0	0	1	0	0	0	1	0	1	2	1	0	0	3	0	3	1	2	0	0	13	1	2	1	1	3	1	0	3	4	2	2	4	3
PD42768a_lo0092	1	2	0	2	2	1	0	1	0	1	2	2	2	5	0	4	1	0	2	1	0	3	1	1	1	0	0	1	3	0	0	3	5	4	11	1	6	0	5	4	3	1	6	1	0	1	11	1	0	1	0	3	0	1	0	1	0	0	0	0	5	0	0	2	3	0	2	0	1	0	1	1	2	1	0	2	3	3	1	1	0	1	7	5	1	0	1	1	1	1	1	4	0	2	3	4
PD42768a_lo0095	3	3	1	2	4	3	0	1	0	1	0	1	2	1	1	4	1	0	1	2	0	1	3	0	0	0	1	1	3	0	0	3	4	3	10	3	3	4	12	7	1	4	12	2	2	1	5	1	1	0	1	7	0	0	0	1	0	1	1	1	2	1	0	3	2	2	1	6	1	0	1	2	0	2	0	2	1	3	2	3	0	0	1	3	0	2	1	1	1	0	1	5	0	0	3	4
PD42768a_lo0066	1	1	0	2	3	2	0	1	0	1	0	1	6	2	3	2	1	0	1	0	1	1	2	1	1	0	0	1	0	1	0	2	2	1	12	0	1	0	5	3	2	1	10	0	1	0	8	1	1	0	0	5	1	0	0	0	0	0	0	1	5	1	0	3	0	0	1	1	2	0	1	0	0	1	0	2	1	1	1	1	3	0	7	2	1	0	1	1	0	0	0	0	3	0	6	3
PD42768a_lo0067	1	0	0	2	4	0	0	0	1	1	0	1	3	2	2	6	0	0	0	0	1	1	1	0	0	0	0	0	0	0	0	0	2	2	10	0	1	0	3	0	3	0	5	1	0	3	4	4	1	0	0	9	0	0	1	0	1	0	0	1	6	1	0	0	2	1	0	0	1	0	2	2	0	3	0	4	1	0	1	1	0	0	1	0	0	0	0	0	0	0	1	2	1	0	5	1
PD42768a_lo0068	1	0	0	1	1	5	0	5	1	0	1	0	1	0	1	5	1	0	2	0	1	0	2	0	0	0	0	0	0	1	0	2	5	2	8	0	0	1	5	1	3	2	5	2	1	0	4	1	2	0	0	5	1	1	0	0	0	0	0	1	6	1	0	1	0	0	3	0	1	0	1	4	0	0	0	2	2	1	1	1	1	0	2	1	0	0	0	0	0	0	0	4	0	0	5	1
PD42769a_CD20_1	0	3	0	0	2	3	0	3	2	1	0	1	12	6	5	2	1	0	0	0	1	0	0	0	0	0	0	0	1	0	0	0	1	0	2	0	1	0	0	3	0	1	1	0	2	2	3	1	2	0	0	5	0	0	0	0	1	0	0	0	2	2	0	0	2	0	0	0	0	1	0	0	1	0	1	1	0	0	0	0	1	0	7	6	0	0	4	3	1	0	0	4	1	2	4	2
PD42769a_CD20_2	1	3	1	2	3	2	1	1	2	1	0	1	7	1	3	4	2	0	0	0	0	1	0	5	0	0	0	2	0	0	0	2	1	2	4	0	1	3	0	5	2	2	4	1	3	4	3	3	1	0	3	5	4	0	1	2	0	1	0	0	9	1	0	1	2	0	1	0	0	1	0	2	0	1	0	2	0	1	0	2	3	3	0	5	1	1	2	13	0	2	1	11	1	1	2	8
PD42769a_CD20_3	10	3	0	4	12	3	0	10	11	3	0	5	18	6	5	17	12	1	0	10	3	10	1	12	0	5	1	3	5	5	1	8	7	3	12	4	4	6	3	5	7	5	13	4	7	9	2	9	11	4	7	13	7	2	4	12	5	3	3	4	19	6	8	11	11	9	3	7	4	8	3	9	6	5	2	4	3	12	3	9	11	4	5	21	7	13	12	96	6	5	8	57	22	3	17	69
PD42769a_CD20_8	1	2	1	1	1	1	0	1	1	1	0	1	5	5	2	2	1	0	0	0	0	0	0	0	0	0	0	0	0	0	0	1	0	0	2	0	3	1	4	3	0	1	1	0	1	1	2	1	1	0	1	7	0	0	0	0	0	0	0	0	5	1	0	0	2	0	1	0	0	1	0	0	0	0	1	0	0	0	0	1	1	0	1	2	1	0	0	4	0	0	0	2	1	0	2	1
PD42769a_lo0049	8	4	0	4	4	2	2	3	4	2	1	2	6	6	2	9	3	3	2	2	4	4	0	4	5	0	1	2	2	2	0	7	7	8	13	5	6	6	4	10	6	8	12	6	3	7	7	4	5	0	2	12	1	1	5	5	1	3	0	0	16	2	1	3	8	4	6	4	3	2	1	5	6	0	2	6	0	4	3	2	3	0	4	2	3	1	4	7	3	0	0	6	4	5	6	7
PD42769a_lo0051	11	6	2	6	3	2	0	2	4	0	1	3	4	3	0	6	4	2	0	7	4	0	1	6	4	1	0	5	6	2	2	12	13	7	20	11	14	5	12	12	9	1	19	7	10	6	10	8	2	3	2	4	3	0	5	1	1	2	2	4	9	4	0	5	16	6	9	13	3	2	5	5	3	4	6	5	5	3	2	6	2	2	20	8	4	2	10	8	3	2	4	4	6	1	5	14
PD42769a_lo0052	4	5	1	4	4	1	0	3	4	1	0	1	3	3	1	2	3	0	0	2	2	0	1	5	3	1	1	3	3	1	1	2	8	1	16	6	6	1	6	9	4	2	14	2	3	5	6	3	2	3	3	6	1	0	0	1	1	1	0	2	10	2	0	3	7	2	7	7	0	1	0	2	1	0	2	3	0	2	2	2	4	2	30	5	2	0	10	7	1	2	1	3	6	2	10	6
PD42769a_lo0056	5	4	1	3	10	4	2	1	7	2	2	0	9	8	0	7	7	0	0	3	4	1	2	3	3	1	1	3	1	0	0	3	6	4	6	1	2	5	6	6	3	2	7	6	1	4	6	0	5	2	2	3	2	4	5	4	0	0	4	1	9	1	2	2	6	1	6	5	4	1	0	0	3	0	2	3	3	2	1	0	2	1	6	3	0	1	3	3	1	1	3	1	3	2	3	4
PD42769a_lo0057	2	2	1	1	1	0	0	0	2	0	0	0	1	0	0	0	1	4	0	0	0	0	0	0	0	2	0	1	0	0	1	3	4	1	5	1	2	1	7	2	1	2	8	1	2	2	3	2	2	0	0	1	1	2	1	1	0	1	0	1	8	0	0	0	3	1	1	0	2	0	1	2	1	0	2	1	0	0	2	3	0	0	3	1	1	0	0	5	4	0	0	4	2	0	3	2
PD42769a_lo0058	10	13	2	6	10	5	1	2	7	4	3	4	4	7	1	7	7	2	0	7	1	1	2	6	2	0	0	8	3	2	1	10	16	4	20	9	14	13	14	11	7	13	22	9	9	7	11	13	10	4	2	11	4	4	11	4	1	2	1	2	9	4	8	8	19	5	8	10	5	2	2	6	4	5	6	8	1	4	5	5	5	3	4	8	2	5	2	28	2	1	2	10	4	1	5	17
PD42769a_lo0061	9	4	1	4	6	4	2	3	7	5	0	3	12	5	1	4	5	0	1	3	1	1	2	1	6	4	1	1	3	3	0	3	8	4	9	3	6	4	12	7	3	2	6	5	5	1	6	5	11	1	4	3	3	0	3	1	1	2	1	0	10	3	0	4	7	4	6	3	3	0	3	0	1	0	3	3	2	2	0	6	1	1	8	1	1	1	2	5	2	1	0	0	3	1	6	10
PD42769a_lo0062	5	3	1	3	8	1	0	3	5	3	0	1	6	6	1	4	3	1	0	1	1	1	1	1	2	3	0	2	1	3	0	2	6	2	12	3	6	3	8	3	3	4	9	1	6	4	9	4	2	2	2	6	3	2	4	1	1	0	2	1	8	1	1	2	10	2	11	2	3	3	2	4	4	4	4	2	1	0	4	3	2	1	1	4	2	1	2	1	0	0	3	2	3	2	2	5
PD42769a_lo0063	7	4	1	4	3	4	1	2	5	3	0	1	8	5	1	1	2	0	0	2	3	2	0	2	1	1	0	0	1	0	0	3	6	1	15	3	11	3	5	6	5	3	4	0	2	3	3	2	3	0	2	6	3	0	0	2	1	0	1	0	11	2	0	6	5	2	2	5	1	3	0	2	0	0	1	0	1	1	0	4	0	1	5	3	1	0	5	4	1	1	0	6	4	7	12	5
PD42769a_lo0073	5	3	0	0	2	2	1	4	2	2	0	1	3	2	1	5	4	0	0	4	2	1	4	3	2	1	0	0	1	0	1	0	5	2	7	4	1	3	3	7	5	4	6	2	3	3	6	2	1	0	2	4	0	2	2	3	1	0	3	1	6	1	1	1	5	1	3	4	1	1	5	0	2	0	1	4	2	0	0	2	1	1	4	6	0	2	4	1	2	1	1	3	2	0	2	5
PD42769a_lo0074	6	4	1	4	1	1	1	3	0	2	0	0	4	1	1	7	5	1	0	5	1	3	1	0	0	2	1	1	0	1	0	2	7	1	5	2	4	2	6	4	4	4	8	2	3	1	7	2	2	1	1	6	1	1	2	1	0	3	3	1	6	1	1	1	8	1	3	6	2	2	2	1	0	1	1	2	0	1	0	3	2	1	1	2	0	3	3	4	1	0	0	1	6	3	10	4
PD42770a_CD20-2	2	0	0	0	1	2	2	2	2	2	1	2	2	1	1	6	0	1	0	0	0	0	0	0	3	0	0	0	0	0	0	1	4	3	8	4	5	2	2	6	2	1	6	1	14	2	5	7	0	0	0	4	0	0	0	0	0	0	1	0	9	0	0	0	2	2	1	0	0	1	1	1	1	1	0	0	0	0	0	0	7	1	6	2	0	1	2	2	2	0	3	5	3	2	4	4
PD42770a_duct1	13	14	4	11	18	2	6	6	10	5	3	7	27	6	1	17	8	5	1	9	6	5	1	22	4	6	2	6	162	47	9	201	25	15	36	12	21	8	20	21	19	18	29	9	194	32	25	66	14	6	10	15	3	4	5	3	0	2	9	4	14	4	2	6	27	7	22	18	6	8	10	5	7	2	9	13	12	7	6	11	5	2	6	11	2	5	8	7	0	5	4	7	4	6	5	17
PD42770a_duct2	5	2	0	3	4	1	0	2	3	2	3	2	5	3	1	4	3	2	2	3	1	0	3	1	3	2	0	1	3	7	2	6	10	8	14	4	5	2	8	2	5	2	17	3	7	4	12	10	2	5	3	8	1	5	6	1	1	2	3	2	11	1	3	5	7	4	6	11	3	3	2	1	5	3	3	4	3	3	1	2	1	0	9	10	0	2	1	4	1	0	1	3	4	2	1	7
PD42770a_duct3	8	4	3	3	6	5	4	4	9	3	2	3	8	3	1	8	1	7	2	6	2	4	4	3	3	4	0	6	8	5	2	15	18	13	28	9	8	5	11	23	11	8	24	10	10	12	14	9	6	6	4	12	6	3	11	2	1	0	2	3	6	0	3	6	22	4	16	17	2	2	5	1	8	6	4	8	5	9	2	13	5	3	4	5	1	4	10	12	1	4	1	1	4	5	11	6
PD42770a_duct4	10	5	1	5	9	6	1	8	6	3	0	3	9	1	1	7	6	3	0	6	4	4	4	7	2	4	2	2	5	4	0	11	13	12	22	12	14	11	7	22	11	9	18	11	20	11	13	8	2	5	6	5	1	3	5	4	4	2	5	2	4	2	1	6	16	4	14	21	5	1	3	7	6	3	3	16	6	1	3	9	2	0	7	4	0	2	5	10	2	1	1	7	5	2	5	10
PD42770a_duct5	13	6	2	5	7	4	3	5	8	2	2	2	9	2	1	9	10	3	1	3	6	8	3	6	4	4	2	5	5	5	0	22	22	18	36	11	15	11	19	17	12	9	17	19	22	11	12	12	2	7	4	3	4	3	8	5	3	0	6	2	8	4	2	9	20	1	13	20	8	2	3	10	8	4	3	15	7	3	4	11	3	1	5	6	0	5	9	12	0	0	1	4	7	5	8	6
PD42770a_duct6	10	6	0	4	8	5	2	3	6	4	3	4	8	5	2	9	8	7	2	6	3	5	0	5	3	1	1	1	6	0	2	4	11	9	25	5	13	7	17	12	7	9	10	6	25	12	12	9	2	4	6	5	3	2	7	1	2	4	3	3	8	2	1	7	19	4	7	11	5	4	6	4	9	2	5	7	5	2	3	7	1	3	4	6	2	3	6	8	0	1	2	4	7	2	5	11
PD42770a_gland2	19	12	2	8	8	6	1	5	11	8	2	6	11	9	4	16	8	4	4	4	3	3	0	9	3	4	2	2	6	10	1	16	25	17	45	22	16	17	24	26	22	13	28	20	17	16	16	23	15	15	12	12	4	1	7	5	4	0	7	1	14	4	5	10	33	10	23	21	11	9	10	8	17	11	9	22	19	6	6	12	10	5	21	8	8	7	11	14	1	2	4	4	11	9	21	26
PD42770a_gland3	15	11	4	12	13	5	1	6	12	9	2	10	18	12	3	15	8	5	3	5	5	5	1	7	5	7	0	4	10	8	1	18	31	18	45	19	23	16	24	25	25	18	30	16	23	21	17	22	19	14	12	12	7	3	10	7	5	1	4	5	7	7	6	7	39	13	20	32	18	10	14	8	17	8	10	26	16	3	7	17	10	3	9	10	8	9	5	12	3	1	2	4	14	5	13	22
PD42770a_gland4	16	14	6	11	11	5	1	7	13	9	2	8	15	9	3	14	8	5	3	5	3	5	1	8	4	7	0	5	6	9	1	19	34	21	38	20	15	16	19	20	26	15	31	16	20	21	19	23	17	15	11	8	6	2	10	5	3	1	3	4	5	4	7	8	31	13	19	29	15	8	13	8	17	11	10	25	19	2	10	16	10	4	10	7	6	9	6	8	0	0	3	4	16	6	13	21
PD42770a_gland5	15	14	3	7	9	5	1	5	9	3	4	6	8	9	2	11	5	5	4	13	1	7	1	2	2	2	1	3	5	9	0	19	33	14	44	18	25	15	24	25	13	19	28	20	15	17	18	16	5	9	12	13	5	3	15	6	7	2	4	3	6	7	6	10	20	9	17	21	7	5	11	9	9	4	6	22	10	6	7	15	4	4	5	9	1	6	7	12	1	3	1	3	5	10	9	16
PD42770a_lo0002	15	12	3	4	10	6	0	6	13	6	5	8	5	7	1	13	3	9	3	15	4	8	2	6	1	2	2	6	4	9	0	19	30	14	36	17	21	13	20	19	10	18	22	19	17	16	15	18	7	8	9	10	4	4	13	7	7	2	5	3	9	8	7	9	23	7	17	24	6	4	12	10	8	3	8	23	10	5	6	17	12	4	20	10	1	6	11	12	4	3	4	3	13	10	18	16
PD42770a_lo0005	14	7	1	8	8	5	1	6	6	7	0	13	13	12	3	18	9	4	0	6	3	5	3	11	3	3	1	5	7	7	1	14	32	15	30	13	26	7	15	22	15	20	30	10	21	26	13	21	3	12	8	10	5	1	8	7	1	0	4	2	7	8	5	9	30	7	21	23	8	13	5	3	11	8	7	11	10	7	3	13	8	2	9	10	2	1	9	10	1	1	1	4	13	3	9	10
PD42770a_lo0006	2	6	1	5	9	4	2	5	5	0	2	6	8	6	5	7	4	7	2	4	4	2	0	4	3	2	1	4	6	4	2	8	13	5	28	10	7	4	10	14	7	12	14	7	10	7	12	11	8	4	4	4	4	1	4	4	0	0	0	1	7	2	5	7	21	4	10	8	3	4	3	2	3	2	5	6	4	5	0	9	0	3	5	2	0	0	2	7	2	0	0	3	4	2	2	6
PD42770a_lo0014	17	12	4	13	12	5	1	6	10	11	1	11	17	12	3	15	7	4	3	5	4	6	1	4	3	5	0	3	7	8	1	15	28	12	32	16	22	14	14	24	18	11	24	10	22	13	14	16	15	10	11	7	8	2	8	4	4	1	6	4	7	5	5	2	31	12	18	27	13	6	13	6	11	7	9	24	14	4	6	13	6	1	6	7	4	7	5	11	1	1	2	2	9	4	10	20
PD42770a_lo0015	15	6	0	9	7	1	1	5	4	4	2	6	18	12	3	20	11	1	1	8	5	5	5	9	5	2	2	3	106	32	8	132	14	14	24	13	19	11	13	26	9	16	16	14	106	19	23	32	5	6	9	4	4	2	8	2	2	0	4	0	8	4	2	6	26	12	13	17	8	7	9	4	4	4	1	9	8	7	8	8	5	5	16	11	3	6	8	14	4	1	8	5	8	4	13	7
PD42770a_lo0016	13	2	0	7	6	2	0	4	3	3	2	9	10	8	1	10	3	4	2	6	3	2	2	3	5	2	2	2	57	15	4	62	14	12	24	10	18	7	14	23	10	8	10	10	45	17	21	21	4	4	6	2	4	1	2	2	2	0	6	1	7	1	2	8	19	6	9	8	3	6	5	1	3	3	3	8	6	6	7	7	4	2	2	5	2	2	6	11	2	0	3	3	5	0	6	10
PD42770a_lo0017	7	7	4	4	13	6	4	5	10	5	0	5	8	9	1	12	9	11	1	5	7	4	2	12	4	3	0	4	6	4	1	12	17	13	33	11	20	13	12	22	20	5	22	5	22	9	21	13	11	6	4	8	6	5	5	2	1	3	5	5	6	4	2	8	29	10	18	18	6	10	7	4	9	7	4	10	4	6	5	11	6	5	14	12	5	12	6	7	4	3	7	4	14	8	13	16
PD42770a_lo0018	8	11	0	10	11	3	2	9	9	8	2	2	12	14	1	12	0	5	1	7	4	3	1	3	2	2	0	8	4	5	1	11	18	10	22	7	9	7	10	16	6	3	13	7	16	10	7	9	4	2	11	7	2	4	3	2	5	1	0	1	12	4	4	5	9	6	16	17	6	4	6	3	10	3	4	13	9	5	3	3	3	1	6	6	2	3	4	5	1	1	3	6	6	2	3	9
PD42770a_lo0020	15	8	1	15	12	4	3	2	13	7	4	12	10	12	1	10	8	5	3	6	4	6	4	13	6	7	3	5	26	18	2	30	41	20	54	24	26	23	25	32	21	9	39	22	35	15	31	18	4	2	3	8	10	8	7	4	4	3	7	3	10	3	2	20	44	12	30	39	10	10	15	9	14	14	10	28	9	6	8	23	3	6	9	9	2	8	14	7	4	4	6	7	16	5	10	18
PD42770a_lo0021	6	2	0	6	9	2	2	3	4	2	3	1	3	4	1	10	4	2	1	4	5	4	1	2	4	4	1	4	1	5	0	6	19	7	15	9	10	11	16	9	9	10	15	5	7	9	15	8	1	3	5	9	2	2	7	2	2	1	4	1	4	1	2	3	21	2	9	18	6	3	4	9	4	8	4	11	1	1	1	12	1	2	4	2	3	3	4	10	4	2	5	1	6	3	3	11
PD42770a_lo0023	5	11	1	1	13	5	1	2	10	1	3	4	14	4	4	6	5	6	1	4	4	2	2	7	5	2	0	1	6	7	0	12	18	8	24	16	19	13	17	19	14	17	21	16	17	18	20	16	5	3	0	11	5	1	3	0	1	1	3	0	5	1	1	10	28	3	14	29	2	5	9	3	6	5	5	13	4	6	9	9	8	4	10	6	2	4	5	10	3	3	3	6	10	1	11	16
PD42770a_lo0024	11	9	2	5	11	4	3	6	7	4	0	5	12	8	0	17	3	2	0	2	1	3	2	3	4	1	0	4	4	8	0	10	16	4	24	6	13	6	7	18	8	13	10	8	20	6	10	11	7	5	10	5	5	2	3	4	1	3	2	3	9	5	2	6	15	6	22	13	9	1	3	5	6	3	5	12	9	6	7	10	8	3	6	8	3	6	4	11	1	1	2	5	10	5	12	7
PD42770a_lo0025	11	9	3	5	16	4	1	3	14	3	1	6	9	8	1	7	6	2	1	4	2	2	1	8	6	3	1	6	4	2	1	12	14	10	24	7	15	9	18	12	8	3	9	4	15	14	12	5	10	5	7	9	2	5	9	3	2	2	4	2	6	2	1	13	21	4	9	15	4	5	8	4	8	2	6	9	1	4	1	7	3	1	2	15	1	3	4	10	3	4	3	3	5	4	4	5
PD42770a_lo0026	15	9	1	10	13	4	1	3	15	10	0	7	16	13	3	14	4	6	1	9	6	4	4	8	1	4	1	6	8	6	2	10	17	16	32	10	20	14	9	25	17	7	21	10	23	19	15	15	7	8	10	16	3	2	4	4	2	1	3	6	8	5	2	8	27	11	23	20	8	6	14	9	15	6	9	23	9	6	4	16	2	5	4	6	2	1	2	7	4	1	3	6	6	8	11	16
PD42770a_lo0027	16	2	1	10	7	3	1	2	6	5	2	6	19	9	5	13	8	1	2	7	4	3	2	9	4	5	3	5	67	24	2	79	17	15	34	13	14	10	12	20	10	11	21	12	78	10	16	23	4	2	7	9	2	4	6	5	4	0	5	1	6	4	4	11	23	8	14	14	6	4	5	5	5	8	7	15	8	7	6	11	9	2	12	10	4	4	12	15	3	4	7	5	9	4	9	8
PD42770a_lo0030	16	8	3	6	11	2	6	8	8	5	4	7	67	24	5	28	9	3	1	7	12	5	1	13	3	4	1	5	309	83	15	372	25	18	38	13	37	12	20	19	30	12	32	19	438	102	58	193	1	7	4	5	6	5	10	2	2	1	4	2	10	5	4	14	23	11	20	26	6	7	5	4	9	4	5	14	10	5	2	12	5	4	7	14	3	7	6	16	1	0	6	4	6	4	15	14
PD42770a_lo0031	12	6	0	2	9	1	2	6	8	3	1	9	42	21	4	19	8	3	0	7	8	7	3	10	4	4	0	2	193	43	7	234	21	13	21	9	16	7	15	10	15	11	22	12	272	68	42	116	1	6	2	11	2	3	8	2	1	1	3	1	9	2	5	13	19	8	15	16	5	8	4	7	7	3	4	10	11	3	2	8	0	4	6	9	2	6	7	5	2	0	3	1	2	3	6	13
PD42770a_lo0032	4	1	1	0	3	2	1	2	4	1	2	3	6	2	0	8	2	2	3	1	0	2	2	2	2	0	0	1	17	6	0	23	4	3	18	3	8	3	11	9	10	4	12	5	17	9	13	10	1	2	2	4	3	2	7	1	0	1	3	1	3	3	0	5	5	1	2	8	1	1	1	2	4	3	0	4	1	0	1	3	1	1	2	3	3	1	4	5	1	0	3	3	1	3	3	6
PD42770a_lo0041	8	4	1	1	7	2	1	0	6	1	0	5	4	2	2	7	2	4	2	1	0	1	1	4	3	0	1	2	1	4	0	9	5	6	20	3	9	6	3	5	8	4	9	6	8	8	8	4	1	0	2	7	1	2	3	1	1	0	1	2	5	1	1	4	11	4	5	8	1	2	2	1	5	4	4	3	2	2	3	1	3	2	6	6	1	2	4	11	0	0	1	5	2	0	7	4
PD42770a_lo0042	6	10	0	4	3	4	2	4	6	2	1	4	11	1	1	4	1	1	1	5	4	6	0	7	1	1	0	2	1	3	0	5	5	5	10	6	6	3	11	1	3	5	12	1	6	6	7	10	5	5	5	1	6	5	3	1	0	2	3	0	5	1	4	4	11	4	9	8	2	5	3	3	3	1	2	4	4	1	0	5	3	3	6	4	1	3	6	11	2	1	1	2	1	1	5	12
PD42770a_lo0044	18	11	1	6	15	5	4	6	7	8	2	2	13	13	1	15	10	6	1	8	11	8	0	18	4	3	1	6	6	10	0	14	26	13	44	14	19	16	20	19	11	9	29	17	17	13	16	26	9	3	6	14	6	7	13	5	2	6	8	7	11	2	5	10	26	6	22	29	8	5	6	6	16	5	11	17	10	8	5	12	5	2	6	11	6	4	5	20	2	3	2	8	5	14	7	23
PD42771a_CD20-2a	3	2	0	2	4	2	0	0	0	1	0	0	4	5	3	6	0	0	1	2	2	2	0	0	1	0	0	2	1	0	1	7	0	0	6	2	0	2	5	4	3	3	4	4	3	2	1	1	4	2	1	6	1	0	3	3	0	1	1	1	1	3	1	1	5	0	2	3	1	1	0	3	4	0	1	4	3	2	1	3	5	0	10	6	1	0	9	11	3	1	2	3	6	0	6	5
PD42771a_CD20-5a	4	4	1	2	0	1	0	5	1	0	0	3	10	4	4	5	6	2	0	5	1	2	0	1	1	0	0	3	2	0	0	4	3	5	9	3	1	7	4	9	3	5	11	3	4	4	2	4	2	6	3	8	2	2	0	4	0	1	2	2	6	2	1	2	7	1	3	3	3	1	4	3	1	1	2	3	3	2	1	1	6	1	5	5	2	1	4	6	3	1	0	3	7	1	3	6
PD42771a_CD8-3	7	1	0	5	6	4	0	1	1	4	0	2	6	4	0	13	2	0	0	4	1	2	0	0	1	0	0	1	1	1	1	9	2	1	8	2	3	3	5	4	2	4	5	5	2	5	2	2	0	1	2	10	3	1	4	1	0	2	0	1	8	3	2	2	7	0	4	4	1	1	1	4	1	0	1	4	4	1	0	4	16	2	9	10	1	3	5	15	7	1	1	5	13	2	9	14
PD42771a_duct12a	4	3	0	2	6	2	0	2	3	2	1	4	3	2	2	12	1	3	1	5	0	2	1	1	0	2	0	2	0	1	1	3	7	7	12	5	6	1	11	7	2	3	11	5	6	5	11	3	2	0	1	6	2	0	1	0	1	2	0	0	3	1	2	1	2	3	2	2	1	1	2	2	4	0	2	2	0	2	1	3	4	0	5	5	0	1	10	6	1	3	4	6	4	0	3	7
PD42771a_duct12b	2	0	0	2	5	4	0	1	6	9	1	3	9	4	4	7	1	0	1	1	0	1	0	0	1	0	0	2	1	1	1	2	1	2	8	1	3	1	11	3	2	2	12	2	6	3	5	0	2	1	0	1	0	1	0	3	1	2	0	0	3	0	0	0	4	1	1	2	1	1	2	0	2	0	0	0	1	0	0	1	3	0	17	2	2	0	15	4	2	0	3	3	6	2	4	4
PD42771a_gland1	3	8	1	6	6	2	1	4	9	5	2	1	6	7	0	9	1	0	1	3	3	3	0	3	2	2	1	4	1	4	1	6	12	4	18	6	3	10	5	12	1	4	8	6	8	4	7	9	4	1	9	11	2	1	6	3	1	0	2	2	4	2	1	2	19	3	7	10	2	4	1	7	8	4	4	4	5	2	2	6	8	1	16	6	1	1	4	8	4	0	4	4	7	6	8	8
PD42771a_lo0001	8	3	0	1	7	7	0	7	6	6	1	3	18	15	14	27	4	1	0	3	1	0	0	2	1	1	0	4	4	0	1	5	5	3	4	3	4	9	6	4	1	2	7	1	2	4	4	2	4	3	6	4	3	2	3	3	0	2	5	0	5	1	0	2	8	0	4	3	3	0	2	2	0	2	3	1	0	2	1	2	5	1	7	0	1	1	8	8	3	1	2	2	10	1	11	8
PD42771a_lo0002	15	2	1	6	13	4	1	4	8	4	1	1	9	3	1	11	6	1	0	6	4	1	1	4	3	4	0	9	4	10	1	9	18	9	37	7	15	7	29	26	13	9	16	10	13	14	11	11	5	7	4	2	1	0	5	4	0	0	2	3	10	2	2	8	27	4	20	31	8	4	7	4	8	3	4	13	1	6	4	8	3	1	7	3	1	1	5	5	3	2	6	8	4	2	3	9
PD42771a_lo0003	15	6	1	6	15	7	2	5	8	5	2	3	11	5	6	12	6	3	1	8	5	3	1	4	1	4	1	6	32	15	0	38	20	12	41	6	12	11	18	23	8	16	19	10	20	21	11	13	10	8	1	5	7	1	8	5	0	0	3	3	2	3	1	7	28	5	17	25	5	4	6	11	10	1	8	12	4	5	5	12	7	1	6	2	0	3	7	6	5	1	3	6	6	2	5	11
PD42771a_lo0004	14	2	1	2	11	10	1	6	4	4	3	5	10	7	2	5	4	0	1	2	1	2	2	5	2	1	0	1	4	1	1	11	5	6	22	5	12	8	9	4	5	4	7	7	9	12	5	6	8	3	5	6	1	2	2	3	4	0	3	3	7	2	1	5	10	1	7	7	3	2	3	4	7	4	3	9	1	1	4	3	1	5	4	2	3	3	1	8	1	1	3	5	5	3	2	10
PD42771a_lo0006	6	3	1	2	5	0	1	2	5	3	1	5	3	3	2	8	3	2	1	4	3	4	1	0	0	2	0	1	8	7	0	9	7	10	16	5	6	4	16	13	2	5	19	7	4	5	4	8	1	1	0	3	0	5	3	0	3	0	0	3	3	0	2	5	9	5	14	13	3	3	8	5	11	5	6	7	2	2	2	6	4	3	3	1	3	3	1	2	4	0	0	4	3	3	2	13
PD42771a_lo0007	13	4	2	3	15	2	0	5	6	2	0	4	5	8	2	18	10	1	2	4	9	7	3	3	1	1	2	3	4	7	1	15	9	14	36	15	17	4	20	22	5	13	15	21	6	8	8	18	2	5	5	6	8	3	0	2	6	1	2	3	5	1	3	3	26	13	20	16	7	3	5	5	6	4	4	9	2	5	4	8	3	2	12	9	3	1	5	5	6	2	4	5	4	6	9	11
PD42771a_lo0008	9	4	1	4	9	1	0	5	4	2	1	2	3	3	3	4	10	2	1	5	8	6	3	5	1	2	0	4	3	6	2	11	9	11	29	13	17	6	18	21	7	3	20	18	8	7	8	14	4	8	6	3	7	5	0	0	4	1	0	2	3	1	2	2	16	9	12	13	3	3	4	5	6	3	6	5	4	5	5	5	2	2	9	6	4	3	3	8	2	2	2	7	4	3	2	9
PD42771a_lo0009	11	10	4	5	9	7	3	8	6	9	4	4	11	8	3	19	14	7	1	12	10	13	2	18	6	5	0	9	4	12	2	18	29	19	45	17	20	16	27	21	15	18	29	16	23	16	20	17	13	11	8	14	9	6	8	5	5	5	6	6	12	6	5	14	27	12	28	38	9	13	13	12	19	8	11	11	12	11	5	18	11	3	37	18	6	10	21	15	8	4	17	9	12	9	16	22
PD42771a_lo0010	4	1	1	3	8	9	1	5	5	4	1	5	7	6	4	13	4	1	3	6	7	3	2	7	5	1	1	2	1	5	2	8	18	8	31	11	13	13	18	9	14	9	12	10	8	13	12	11	6	2	3	4	2	5	5	3	1	0	2	3	5	0	2	3	19	8	14	17	5	9	1	5	8	4	5	10	5	7	3	10	7	1	7	2	0	2	4	7	5	3	6	2	3	5	3	11
PD42771a_lo0011	5	4	2	8	12	3	2	10	5	4	1	10	6	8	2	7	2	2	1	2	3	1	1	7	2	1	0	4	2	3	2	8	16	6	20	3	10	5	11	10	5	7	18	8	9	7	5	11	7	5	4	7	3	2	4	2	2	0	2	2	6	3	1	7	6	4	11	14	1	2	3	8	7	5	4	9	6	3	1	4	2	2	5	3	2	1	5	7	0	2	2	3	1	3	1	8
PD42771a_lo0012	13	10	2	1	6	4	1	9	7	2	1	7	7	8	2	12	5	1	1	6	3	3	0	3	2	3	0	2	3	2	2	5	9	14	21	17	10	9	16	18	7	11	17	8	10	10	6	5	6	5	4	9	5	4	5	2	0	2	3	2	9	3	4	6	16	5	13	15	4	5	9	6	10	3	3	10	8	6	6	10	2	3	14	5	2	3	9	2	0	4	2	8	6	5	5	12
PD42771a_lo0014	8	15	2	7	10	7	2	4	3	2	3	6	6	8	2	7	4	1	2	2	3	6	0	3	1	2	2	5	3	4	3	8	16	9	26	11	6	8	15	20	10	9	18	11	12	15	13	7	6	2	9	10	5	2	4	5	0	1	4	1	9	2	1	4	14	4	7	15	6	7	5	7	6	3	7	4	6	4	1	7	3	5	12	5	2	7	8	6	4	1	5	8	6	4	5	17
PD42771a_lo0015	4	7	2	5	7	6	0	2	3	3	2	6	6	2	3	9	3	0	1	1	2	2	0	4	1	1	0	1	0	4	6	5	7	4	14	5	3	6	9	13	5	5	12	6	7	7	13	2	3	1	5	5	5	2	1	0	0	0	4	0	4	3	0	4	5	3	5	7	4	3	2	5	5	2	3	2	4	2	0	2	0	2	3	3	0	3	3	1	0	0	3	6	3	1	3	8
PD42771a_lo0017	7	5	1	6	6	4	0	1	6	4	3	6	8	5	2	9	2	0	0	5	0	2	1	6	0	3	0	5	0	4	1	8	6	5	14	3	5	4	11	13	6	7	7	4	8	1	8	4	2	3	0	1	3	5	2	0	0	1	3	1	4	5	2	4	5	2	7	5	2	1	4	4	3	2	5	8	6	2	1	5	0	2	1	5	0	3	3	1	1	3	1	3	3	2	2	11
PD42771a_lo0018	2	4	3	4	6	9	1	5	5	4	1	8	5	10	5	12	4	3	0	5	3	3	1	6	1	3	1	5	4	2	0	8	15	7	20	13	9	9	11	14	5	7	7	15	10	4	15	4	4	2	4	3	2	3	5	1	1	0	1	1	2	4	1	4	10	6	10	6	1	2	2	3	3	4	2	4	2	4	4	11	8	4	12	9	4	1	4	6	2	1	2	6	9	2	9	12
PD42771a_lo0019	5	2	2	3	5	4	2	2	5	2	1	2	8	3	2	8	5	5	2	5	2	4	3	6	1	1	1	1	4	6	2	8	22	2	21	11	8	9	17	20	9	2	10	10	7	7	12	5	6	1	3	11	5	0	2	3	0	3	2	2	5	2	1	5	21	2	6	12	1	5	2	4	3	3	3	7	2	2	5	5	2	0	6	3	1	3	2	7	4	2	1	2	3	2	10	11
PD42771a_lo0021	4	4	0	1	7	3	0	4	7	2	2	2	9	5	1	4	1	1	1	2	0	4	1	2	0	1	1	1	2	0	0	3	7	5	10	4	4	2	6	10	4	2	7	2	12	10	2	2	4	2	1	6	1	2	0	0	0	3	2	1	4	0	0	7	9	2	6	7	1	2	3	1	3	1	3	5	2	0	1	1	3	1	18	5	2	0	13	9	1	0	5	2	3	1	7	8
PD42772a_CD20_1	2	0	0	0	1	0	0	2	0	1	0	1	4	0	2	0	0	0	1	0	2	0	0	0	0	0	1	0	0	0	2	0	1	2	5	0	2	1	2	2	0	0	5	1	1	1	1	0	3	0	0	1	0	0	0	0	1	0	0	0	2	0	0	1	0	1	0	2	0	0	0	2	0	0	1	1	2	2	0	0	2	0	6	2	2	0	3	7	1	0	0	2	5	1	6	6
PD42772a_CD20_2	3	0	1	0	3	1	0	2	0	0	0	1	7	2	2	1	1	0	1	0	1	0	1	0	0	0	0	0	0	0	2	0	2	2	1	0	1	1	3	2	1	0	4	0	3	1	0	1	4	0	1	5	0	2	0	0	0	0	0	0	6	0	0	0	0	1	1	2	0	0	1	2	0	0	0	1	0	2	0	0	0	1	1	2	0	0	0	4	0	0	1	1	0	0	3	2
PD42772a_CD20_3	2	1	0	0	1	0	1	1	1	1	0	2	7	1	2	4	0	0	1	0	1	1	0	0	0	0	0	0	0	0	1	1	2	1	6	1	1	2	1	1	1	0	4	1	4	2	2	1	2	0	0	2	1	1	0	0	0	0	0	0	7	0	0	2	1	0	1	4	0	2	0	1	0	0	1	1	0	0	0	0	0	0	0	2	1	0	0	1	0	0	1	1	3	0	1	4
PD42772a_lo0089	5	2	0	0	6	3	1	8	4	5	0	8	18	10	2	12	5	2	2	1	1	4	0	5	0	0	0	2	2	2	1	4	5	2	6	4	3	3	7	0	3	1	7	7	5	2	8	2	3	3	5	6	2	1	2	1	2	2	2	2	3	0	3	3	2	1	8	5	2	3	0	1	3	0	2	3	2	1	0	0	4	3	6	0	2	0	1	6	0	0	5	2	2	2	5	3
PD42772a_lo0097	13	3	3	5	12	4	2	5	6	4	1	6	21	21	1	13	9	6	0	9	8	2	3	6	3	4	0	2	98	32	1	106	22	10	24	10	12	16	15	21	13	12	16	14	78	23	22	36	12	4	5	12	5	4	3	3	0	0	4	0	5	3	0	3	20	5	14	20	9	7	9	3	13	5	3	12	0	6	2	6	2	2	3	6	4	5	4	6	2	2	3	6	3	5	5	9
PD42772a_lo0108	10	5	1	4	14	1	0	5	5	5	3	5	20	12	2	9	4	4	2	5	7	2	2	4	3	3	0	5	45	13	4	45	13	8	31	9	13	7	19	20	8	7	20	9	32	9	16	15	7	1	4	4	3	3	4	3	3	4	2	3	5	1	4	3	20	3	12	18	3	5	3	9	5	3	6	15	5	3	3	9	1	2	7	4	1	3	1	6	1	1	3	1	7	1	6	9
PD42772a_lo0109	3	0	0	4	4	3	0	2	2	1	1	4	11	4	5	4	4	2	0	0	2	4	0	2	2	2	0	2	2	3	2	3	4	3	10	2	2	3	7	3	1	3	8	3	7	3	5	2	2	0	4	3	5	2	3	1	0	1	0	1	2	1	0	3	4	1	2	4	1	2	1	0	2	1	3	1	2	3	1	0	8	1	37	6	2	2	11	4	0	1	4	1	8	2	10	9
PD42772a_lo0111	7	0	2	2	3	2	1	3	3	1	1	7	9	3	6	7	3	1	0	0	4	1	2	5	0	0	0	3	3	6	1	7	8	8	17	4	4	6	10	8	3	5	14	4	15	10	14	7	4	4	1	6	2	5	3	4	0	1	0	0	7	1	0	3	4	0	3	7	2	2	5	0	3	1	4	1	4	6	2	4	3	1	0	3	3	4	3	7	0	1	1	2	1	2	0	2
PD42772a_lo0113	6	3	2	2	4	3	1	4	1	1	1	4	11	5	5	4	3	1	3	5	4	2	1	3	1	0	0	3	26	9	1	43	12	6	20	4	5	4	13	11	4	5	17	10	25	6	13	8	3	2	4	9	2	1	5	4	5	0	4	0	9	3	0	1	4	2	4	12	3	4	2	6	3	3	1	4	6	3	1	5	9	3	5	10	4	7	7	6	1	1	4	5	13	3	8	12
PD42772a_lo0115	4	2	2	1	5	2	0	4	3	7	3	6	9	6	5	8	5	0	0	4	2	4	2	1	0	0	0	3	3	8	2	6	14	2	27	8	4	4	22	7	3	6	19	10	9	8	14	8	7	4	4	6	2	1	4	0	1	3	2	0	6	0	2	8	16	6	6	17	1	4	9	2	3	0	4	9	5	3	0	3	9	3	15	9	3	0	3	4	1	0	4	2	10	4	14	11
PD42772a_lo0116	2	3	1	1	3	2	0	2	3	1	2	1	11	5	3	9	2	0	0	1	3	1	1	2	0	0	1	3	1	6	1	2	3	0	16	3	1	2	7	4	0	5	12	4	6	3	7	1	6	1	0	4	2	2	2	1	2	0	0	0	3	0	2	3	6	2	2	6	1	1	4	1	4	0	1	2	1	3	1	0	6	1	6	2	1	0	2	5	2	0	0	4	8	1	8	9
PD42772a_lo0117	10	7	0	4	10	1	2	6	4	2	1	6	13	2	4	4	2	3	1	3	6	4	0	2	5	2	0	2	7	5	1	11	15	7	24	14	7	7	16	16	10	7	12	8	7	7	14	6	2	1	4	2	1	2	1	5	3	1	3	2	4	6	0	1	21	6	18	13	4	4	5	5	9	0	5	9	4	2	2	7	12	3	15	6	1	1	3	6	4	2	6	4	17	6	15	17
PD42772a_lo0118	5	3	1	2	7	0	1	4	3	1	1	6	9	1	6	3	1	1	1	2	3	3	0	2	3	0	0	1	9	2	1	6	6	3	13	5	3	6	8	5	6	0	7	3	3	3	11	4	2	2	1	3	2	2	1	1	3	1	0	1	5	3	0	3	3	1	6	5	1	2	0	3	6	0	3	1	0	3	1	3	3	0	2	2	1	1	4	2	1	0	0	3	3	2	4	4
PD42772a_lo0123	5	1	1	2	4	0	0	4	1	5	2	4	18	3	8	4	2	4	0	3	2	1	0	2	1	1	0	1	5	0	2	5	7	3	20	1	4	3	10	2	0	2	7	7	9	3	10	4	2	0	3	10	2	0	2	2	1	0	0	0	4	0	0	0	1	2	4	2	1	4	3	1	2	1	2	2	1	1	2	2	4	1	1	2	0	0	4	7	1	0	1	2	1	1	4	7
PD42772a_lo0126	3	1	0	1	4	1	1	7	1	4	0	4	9	2	3	4	2	1	1	3	1	1	0	6	2	3	0	0	5	1	2	3	7	3	10	1	4	1	12	2	3	5	7	6	10	5	5	1	3	1	4	8	2	1	4	1	0	0	1	2	7	1	0	5	5	1	3	7	0	0	0	1	0	0	4	2	2	2	4	3	1	3	2	6	2	1	3	11	1	0	1	4	2	2	4	6
PD42773a_CD20_4	35	32	6	16	25	17	5	35	27	19	3	22	43	11	6	47	19	10	1	8	7	11	6	13	10	11	1	9	8	12	0	21	44	21	86	21	43	39	55	55	29	51	63	50	22	33	46	40	17	28	26	36	10	19	22	23	14	15	13	12	46	10	17	39	52	26	34	53	23	36	38	39	24	20	20	30	33	38	18	59	49	16	23	31	34	8	27	73	15	5	13	25	77	14	26	74
PD42773a_CD20-10	39	35	7	18	30	18	4	37	30	23	4	22	52	11	7	57	20	14	2	12	7	14	7	15	11	12	2	9	8	18	0	17	49	28	90	25	44	41	56	57	31	50	63	47	20	41	49	48	19	31	37	36	16	18	24	28	16	17	16	16	44	10	19	45	61	33	39	59	22	37	44	44	30	23	27	33	34	43	20	65	50	18	18	37	42	10	25	74	13	5	9	28	82	12	28	81
PD42773a_CD20-3	37	32	7	19	29	17	5	30	29	19	5	22	45	10	7	53	19	14	2	12	8	14	7	12	13	13	2	8	8	16	0	18	45	24	96	26	45	43	57	57	36	50	59	52	23	39	53	43	18	33	34	32	14	18	23	24	12	15	14	15	42	13	18	45	55	29	38	56	26	37	43	39	25	22	27	31	35	45	22	68	48	12	12	39	35	11	26	74	12	5	9	25	79	12	24	75
PD42773a_CD20-9	33	27	7	16	23	15	5	31	30	18	4	24	42	10	9	48	15	14	2	11	6	13	5	16	10	11	2	7	9	12	0	17	39	25	87	24	41	39	53	57	28	49	57	47	20	38	44	41	14	28	23	35	13	17	18	21	11	14	12	14	38	9	13	43	51	30	35	51	25	33	39	40	28	20	25	29	29	38	16	60	45	14	32	35	32	10	24	65	15	6	12	26	72	11	27	78
PD42773a_CD38-6	3	1	0	1	2	6	1	4	4	1	2	3	11	13	2	3	0	2	0	0	2	1	0	1	0	0	0	0	1	0	0	0	3	0	3	0	5	2	7	3	2	1	2	4	6	1	3	2	2	1	3	3	0	0	0	0	1	0	0	0	7	0	0	0	1	0	3	1	0	0	3	0	1	0	0	3	0	1	0	3	5	0	6	1	1	0	5	2	4	0	2	2	3	1	6	2
PD42773a_lo0036	14	3	2	7	7	3	1	8	9	4	1	3	9	8	5	11	5	0	0	7	2	7	0	6	2	2	0	3	6	5	1	8	14	7	20	6	8	9	13	14	7	8	11	12	4	12	9	10	7	8	6	13	6	5	2	2	1	1	9	5	10	4	1	6	16	7	6	19	5	1	7	7	4	2	6	11	6	2	3	10	3	2	5	6	4	2	11	3	0	0	4	3	5	5	3	9
PD42773a_lo0039	11	6	4	7	8	5	4	4	8	8	2	10	17	18	2	8	8	4	0	2	5	5	0	9	2	2	1	3	6	3	2	10	20	8	19	10	9	8	15	23	16	9	18	6	16	11	8	13	5	7	7	8	10	3	4	3	2	5	1	1	7	5	1	5	13	7	11	24	8	2	5	8	10	1	5	10	6	5	7	6	7	0	7	6	1	3	6	3	3	5	5	7	3	3	5	8
PD42773a_lo0045	7	4	4	0	6	9	5	3	6	4	1	3	6	6	2	3	8	1	1	6	1	4	0	7	2	4	0	2	4	9	0	6	27	6	27	11	11	9	20	20	8	15	15	15	8	13	16	6	5	2	4	9	1	4	2	1	2	1	1	2	6	2	5	9	21	4	8	16	3	7	6	8	5	4	4	7	5	3	4	8	8	2	11	9	4	3	5	12	1	1	6	3	10	6	13	14
PD42773a_lo0049	7	3	4	4	7	5	1	3	2	2	0	2	8	2	1	2	4	2	2	6	2	5	0	7	3	7	0	1	1	3	4	8	19	5	25	12	12	8	15	13	9	9	12	14	9	10	10	12	3	2	1	6	0	2	4	1	1	4	4	0	9	2	2	7	16	4	13	22	6	4	3	8	6	2	0	10	7	2	4	9	1	3	4	8	1	5	4	3	5	1	1	3	3	8	5	8
PD42773a_lo0052	7	2	0	3	5	0	2	6	5	3	0	0	4	1	2	3	2	2	1	2	1	0	3	1	1	0	0	1	1	1	0	3	8	4	15	2	3	3	8	5	3	2	9	2	4	4	5	6	2	0	3	3	0	0	2	1	1	2	1	3	9	1	3	4	7	2	6	5	2	4	2	0	1	2	2	0	5	3	1	1	4	0	0	4	1	4	4	4	2	0	1	3	1	2	2	9
PD42773a_lo0055	6	10	0	7	9	5	0	2	5	2	0	5	7	2	1	8	3	2	0	9	4	2	1	7	1	7	0	0	5	3	1	7	13	5	19	4	10	4	12	11	1	7	16	3	9	6	7	10	11	1	13	12	0	5	5	3	2	0	3	2	4	2	2	5	17	2	12	10	6	3	5	3	3	2	1	8	4	3	4	10	4	1	13	4	3	2	7	6	3	3	10	2	10	8	14	10
PD42773a_lo0057	3	6	0	1	5	2	1	4	5	3	0	2	5	4	1	8	6	2	0	2	4	4	0	5	0	2	0	3	3	0	1	5	3	3	17	4	7	2	3	7	3	5	8	4	6	1	8	3	6	6	4	10	5	4	5	2	3	1	2	1	8	1	1	5	9	3	4	9	1	3	1	2	4	1	0	4	2	3	2	6	8	2	25	8	2	1	11	5	6	2	4	5	11	6	10	10
PD42773a_lo0058	13	5	2	6	6	1	0	3	3	1	1	3	6	1	1	5	2	2	3	10	4	6	3	7	2	2	0	2	9	2	2	10	13	12	30	10	9	7	17	21	9	9	17	7	8	11	11	8	7	5	5	8	4	5	5	5	2	0	5	2	3	2	3	8	17	4	15	18	7	5	5	8	10	3	5	6	7	4	6	13	9	2	8	6	1	6	5	7	4	4	7	11	8	12	6	11
PD42773a_lo0060	3	4	0	1	5	2	0	2	0	0	0	0	5	2	3	5	2	2	1	0	2	1	2	1	1	0	1	0	7	1	0	6	6	0	5	2	0	0	11	7	3	1	9	5	3	0	8	3	3	2	0	5	0	2	2	0	1	0	1	1	8	0	0	1	5	0	3	3	1	1	4	0	1	2	5	2	1	1	1	1	4	0	8	5	0	0	7	4	2	0	1	4	4	3	12	7
PD42773a_lo0061	2	4	1	1	10	2	1	1	3	1	0	3	5	5	0	7	5	4	0	2	4	1	0	6	3	0	0	1	8	8	3	16	9	9	20	5	10	6	11	11	7	6	7	6	6	5	4	4	6	8	2	3	1	5	2	2	0	1	2	0	7	3	1	6	18	2	7	11	2	3	4	4	8	3	2	7	2	3	4	8	8	1	11	2	2	1	7	10	8	1	2	6	8	2	9	9
PD42773a_lo0063	8	6	1	1	8	2	2	3	2	1	0	0	6	3	0	6	1	2	2	8	5	2	3	3	1	1	0	1	3	2	1	4	8	4	23	7	5	4	13	9	6	4	14	7	4	3	12	12	1	0	1	4	2	1	2	1	2	0	1	2	8	1	1	2	9	0	5	7	0	2	5	1	2	0	5	6	4	3	4	4	5	1	9	6	1	3	8	7	3	0	2	2	5	0	12	10
PD42773a_lo0100	15	10	2	10	21	10	0	16	13	6	0	5	19	13	3	15	5	1	0	8	8	10	1	11	3	2	0	4	16	10	1	18	34	18	58	28	23	27	30	30	17	24	15	25	15	29	19	20	6	4	11	7	4	10	6	4	1	5	11	2	7	7	3	6	39	12	28	33	6	4	22	5	17	12	7	15	11	7	9	15	2	7	10	12	5	6	12	13	1	0	8	7	9	12	14	19
PD42773a_lo0104	6	3	1	4	7	5	3	4	7	2	2	5	16	7	1	7	2	2	0	7	0	0	1	7	4	3	1	2	2	3	1	7	13	8	17	3	11	3	14	11	4	8	20	6	5	7	11	3	4	3	3	8	2	4	2	3	1	0	1	3	8	3	1	4	15	0	9	16	2	4	4	2	2	4	3	3	6	1	2	5	10	2	16	6	3	3	5	8	2	1	2	5	9	5	5	13
PD42773a_lo0107	9	7	2	4	4	6	1	6	9	3	3	6	10	5	0	10	5	1	0	7	3	4	1	4	2	3	1	5	22	12	3	28	17	11	30	2	18	8	20	15	9	11	22	16	33	14	13	16	6	2	13	9	3	2	5	4	4	3	3	0	7	1	6	8	19	3	19	15	4	6	5	5	8	6	4	11	5	6	4	10	3	1	4	8	4	2	2	9	7	3	3	8	5	6	6	6
PD42773a_lo0001	15	5	2	5	10	4	1	4	6	6	3	1	13	7	1	7	3	4	2	11	3	5	0	9	6	1	0	1	35	8	1	48	16	18	20	11	20	10	13	25	8	15	13	15	35	15	15	20	6	5	3	10	4	5	5	2	2	3	2	3	2	3	2	7	19	4	13	17	4	3	10	11	9	2	8	10	6	6	5	9	4	3	4	4	4	5	5	9	3	1	0	1	6	5	5	9
PD42773a_lo0003	20	5	2	8	9	8	3	14	18	13	4	11	19	13	0	12	5	8	0	14	6	8	3	8	3	2	2	7	11	5	3	19	16	13	36	16	21	11	22	36	9	15	15	24	21	19	9	22	10	8	11	17	3	6	6	6	4	2	11	8	11	5	5	10	31	10	23	20	7	8	17	9	11	4	14	18	7	9	4	17	8	6	8	9	0	9	7	10	1	5	4	6	6	2	6	12
PD42773a_lo0010	10	8	0	3	10	0	1	7	3	4	0	3	4	1	1	4	2	0	1	7	3	4	3	6	1	3	1	2	3	0	0	10	16	9	23	5	10	10	19	12	8	16	14	9	9	10	11	9	5	4	2	5	1	3	8	2	3	3	3	2	5	0	1	7	16	4	14	16	4	6	9	4	5	5	3	7	7	1	7	7	4	1	4	3	2	4	3	6	2	2	1	3	3	2	3	6
PD42773a_lo0016	15	9	2	9	13	9	2	14	8	3	0	5	9	10	2	13	6	1	0	8	6	8	0	11	4	3	0	4	15	9	1	18	33	18	57	28	22	24	31	35	18	22	14	29	15	29	18	17	5	5	9	13	3	11	6	2	1	4	10	2	9	6	3	6	41	12	34	35	8	8	22	8	18	10	7	16	13	9	9	15	3	6	8	10	4	6	10	15	2	0	8	6	10	13	14	16
PD42773a_lo0025	11	4	1	8	8	4	3	4	8	4	2	4	6	5	3	10	5	5	3	5	2	2	1	8	0	0	0	3	1	5	1	12	14	13	22	7	15	10	9	17	4	14	16	11	7	11	9	11	3	3	5	7	3	4	3	3	2	1	6	1	7	3	3	4	19	5	7	10	5	4	8	5	4	7	7	8	7	3	3	12	0	1	4	4	1	5	2	3	3	0	4	3	3	2	8	9
PD42773a_lo0034	21	12	2	13	18	12	0	8	15	11	1	11	43	18	3	23	14	1	1	10	14	7	1	17	6	8	1	6	298	82	13	338	37	19	50	15	42	27	29	40	23	25	29	42	225	74	47	106	11	11	17	17	8	7	5	9	6	3	8	6	11	3	8	13	50	9	27	25	10	8	7	14	16	8	13	16	9	8	9	21	6	4	6	8	5	3	3	12	7	3	5	10	8	12	8	14
PD42773a_lo0065	28	27	5	16	20	15	6	27	29	20	3	19	33	8	8	49	14	12	1	10	6	14	7	10	11	9	2	7	6	10	0	15	41	19	79	22	39	37	50	51	29	46	53	34	20	34	39	38	20	24	26	30	12	18	20	22	10	14	10	13	42	8	10	32	48	24	31	47	18	33	34	37	23	21	20	27	26	42	14	62	36	12	17	32	35	10	23	58	10	2	9	23	64	10	23	69
PD42773a_lo0067	35	26	6	20	28	13	4	33	31	21	4	21	42	13	8	54	18	13	2	13	6	13	7	13	11	11	2	8	6	14	0	19	45	27	91	26	49	36	55	59	31	48	62	52	20	40	45	45	21	28	33	35	14	18	23	22	14	16	14	15	49	11	16	43	53	29	35	51	25	36	42	42	24	19	25	30	30	39	20	59	51	15	47	39	32	10	30	74	13	6	13	29	80	14	42	86
PD42773a_lo0076	9	7	0	5	8	6	0	5	4	5	2	6	15	8	2	7	3	0	2	2	2	3	3	1	0	1	1	2	4	2	1	9	10	3	27	4	9	6	10	7	8	6	12	3	7	6	12	9	3	3	1	4	3	1	1	3	1	0	2	3	5	1	0	4	8	4	11	5	4	3	5	5	2	3	5	6	2	1	2	2	9	1	10	2	4	2	12	6	2	0	4	3	10	3	10	8
PD42774a_CD20_2	39	27	3	15	31	12	3	27	46	20	2	15	33	21	2	54	17	7	3	15	13	7	1	8	6	5	1	11	7	14	1	22	52	26	102	40	32	29	50	52	26	38	64	30	29	33	45	35	22	11	19	34	12	11	9	12	9	5	4	7	35	11	12	30	44	21	30	46	20	22	35	31	19	16	22	39	21	27	16	45	22	7	8	14	17	14	20	47	6	5	12	24	25	9	18	63
PD42774a_CD20_3	32	25	3	15	31	8	3	24	45	18	2	12	28	17	2	53	16	6	3	13	13	6	1	8	6	4	1	11	7	14	1	22	47	25	98	37	26	28	43	47	23	32	61	29	27	30	42	34	21	9	17	29	12	9	6	11	10	4	3	8	30	11	10	27	44	22	26	46	18	24	35	29	18	15	23	37	21	24	15	42	20	7	10	14	17	13	19	42	4	4	11	21	24	8	15	55
PD42774a_CD20_4	29	22	1	10	23	9	4	20	32	9	1	13	22	14	1	34	13	6	2	14	8	4	1	6	6	4	1	10	6	14	0	16	34	19	71	30	26	20	34	36	20	26	53	21	26	17	35	26	17	7	12	29	7	5	7	7	5	3	2	5	28	7	8	23	34	13	22	33	12	18	25	28	10	12	19	27	16	18	11	26	21	4	20	10	13	10	22	34	3	4	9	13	24	8	18	45
PD42774a_CD20_6	36	26	3	14	32	11	3	27	40	18	2	17	32	21	2	49	16	6	2	14	13	7	1	9	6	5	1	11	7	14	1	23	51	28	99	39	32	26	49	50	24	34	62	31	31	31	43	33	20	9	20	36	11	11	7	10	8	4	4	6	31	11	11	29	43	19	28	46	19	21	33	30	18	15	21	37	21	23	15	42	21	7	8	10	15	15	22	44	6	5	11	23	24	9	12	59
PD42774a_duct39	5	6	2	5	8	1	2	4	5	3	0	3	11	8	1	7	11	5	2	5	5	6	1	13	3	4	1	3	6	8	3	17	14	14	50	10	15	11	26	15	13	15	27	5	9	13	12	6	3	2	4	11	4	2	2	2	2	2	1	2	9	3	0	7	24	9	21	21	5	10	16	8	9	5	7	14	7	5	4	7	5	2	4	6	2	6	7	4	4	1	4	2	6	4	9	8
PD42774a_duct40	3	4	0	1	5	2	0	3	2	2	0	2	7	3	0	7	3	1	0	0	0	3	1	1	0	0	0	0	2	5	1	4	5	4	16	1	6	3	9	1	3	9	10	1	3	3	3	4	1	0	2	4	1	0	0	1	2	0	2	1	9	0	0	6	5	0	1	5	2	0	1	3	1	2	0	2	1	2	0	3	4	3	14	5	1	3	2	3	6	1	1	2	2	1	10	6
PD42774a_duct45	2	5	2	5	6	3	0	1	7	4	0	4	4	3	1	4	4	3	2	5	3	0	1	4	0	1	1	2	3	3	1	10	22	8	31	11	11	9	19	8	4	11	19	5	9	5	7	8	6	1	5	11	3	1	3	0	2	3	1	5	4	3	0	7	13	5	13	10	8	6	9	4	6	4	5	15	5	2	3	5	5	3	2	6	4	7	4	8	3	0	1	0	2	3	5	6
PD42774a_lo0002	16	5	2	5	12	4	1	8	4	2	0	4	4	6	1	10	6	4	1	6	5	3	3	3	11	3	2	4	9	10	1	10	21	6	38	8	17	18	19	14	12	12	25	15	13	14	11	16	3	4	9	6	5	2	7	1	2	1	3	8	6	1	5	7	35	7	25	25	8	7	11	7	13	7	7	18	12	4	4	8	5	1	1	4	2	3	3	5	1	2	3	1	2	7	6	11
PD42774a_lo0008	5	3	2	1	3	3	1	2	1	1	0	2	4	6	0	4	2	3	0	2	2	1	0	0	2	3	0	2	1	3	0	4	5	6	9	4	2	6	11	4	4	8	14	3	2	2	4	1	3	2	1	5	2	2	1	2	4	2	0	0	3	0	0	1	12	2	10	13	5	3	4	6	3	4	8	3	0	4	1	5	1	0	3	2	0	1	2	3	1	3	3	1	0	2	4	1
PD42774a_lo0039	10	4	0	3	10	3	1	8	7	3	1	3	3	4	1	4	5	3	4	4	4	6	0	0	3	3	0	5	9	8	1	11	17	13	25	12	13	11	15	10	8	11	25	9	5	11	8	8	8	3	5	7	2	4	4	7	4	1	2	4	11	0	4	7	20	4	15	16	7	4	7	5	6	2	4	7	5	3	6	4	2	1	2	1	3	2	2	5	1	3	2	5	2	3	6	4
PD42774a_lo0042	3	2	0	3	2	1	1	1	3	1	0	2	3	5	0	1	1	3	0	1	0	0	1	0	0	1	0	0	1	0	0	3	6	1	6	1	3	2	7	6	1	5	10	2	0	0	2	4	2	0	2	1	2	3	1	0	1	0	1	1	1	0	3	1	4	2	3	8	3	0	1	0	3	0	1	1	1	0	0	0	0	0	1	2	1	0	0	2	0	1	1	0	0	1	2	1
PD42774a_lo0097	5	4	1	2	7	1	0	1	3	3	0	1	7	2	0	2	4	7	1	2	2	4	1	4	0	4	0	2	2	6	1	6	8	5	30	5	9	8	18	10	7	9	19	3	10	10	9	7	5	1	3	5	5	4	3	4	1	1	4	3	9	0	2	9	5	1	15	16	5	7	4	1	0	2	4	3	7	3	3	8	2	1	1	2	0	2	3	4	1	4	1	2	1	6	4	5
PD42774a_lo0101	7	4	2	3	6	1	1	3	6	1	1	4	5	1	1	4	6	5	3	5	7	2	1	7	2	3	1	4	5	3	0	9	18	12	27	12	11	7	15	12	3	10	20	4	6	6	6	5	6	0	6	7	3	1	6	1	1	4	4	5	3	3	0	3	16	4	13	18	11	4	7	6	5	4	8	16	5	2	3	7	3	2	3	5	3	4	3	4	1	1	1	0	2	4	4	6
PD42774a_lo0106	6	2	0	3	7	0	0	4	4	2	1	1	8	5	0	9	4	1	1	2	2	2	2	1	0	1	0	2	1	2	1	2	5	2	12	3	3	0	5	2	1	3	8	1	2	2	1	2	2	1	2	4	2	0	2	2	0	0	0	2	2	0	0	3	1	1	2	6	2	0	3	0	0	2	1	2	1	0	1	2	3	0	2	1	1	2	2	2	0	0	1	0	1	2	6	6
PD42774a_lo0122	3	5	2	1	7	0	1	4	3	0	0	3	3	1	0	3	6	3	3	5	3	2	0	0	2	4	0	3	2	4	1	11	8	6	17	2	9	8	17	7	6	9	17	5	3	4	7	5	4	4	4	6	1	1	1	3	2	2	0	0	4	0	2	3	10	1	12	9	6	4	6	4	4	6	6	4	3	5	0	8	3	2	14	7	2	3	5	12	4	3	6	4	4	6	6	7
PD42774a_lo0123	9	4	1	5	5	5	0	9	8	4	0	7	5	3	3	7	6	5	4	4	4	4	3	2	6	2	1	2	7	9	0	9	19	8	32	6	16	13	17	11	13	10	24	7	9	14	6	16	3	3	9	12	5	5	6	1	3	0	3	4	8	2	5	6	28	12	20	17	7	8	9	14	11	6	7	15	5	4	5	9	5	1	3	4	3	4	5	9	3	3	4	4	2	4	7	14
PD42774a_lo0124	5	8	2	6	6	3	1	4	4	1	0	5	6	11	0	8	6	5	2	5	5	7	0	12	3	4	1	3	6	7	3	15	15	14	46	11	15	10	20	16	11	15	21	6	9	9	11	7	3	2	3	12	5	2	3	4	2	1	1	3	4	2	0	4	25	8	18	20	4	6	14	6	10	5	5	12	8	5	4	6	14	3	17	7	3	5	8	11	4	2	8	5	11	6	17	19
PD42774a_lo0126	4	1	1	3	2	2	0	2	2	0	0	3	6	6	0	2	3	3	0	2	2	3	0	2	1	0	0	0	3	4	0	1	6	3	17	4	3	3	10	2	2	9	9	3	3	4	3	2	1	0	3	5	2	0	0	0	1	1	0	1	4	1	0	5	7	1	4	6	3	1	3	2	0	0	2	5	0	1	2	1	5	2	7	3	0	3	4	7	2	1	0	2	1	1	7	6
PD42774a_lo0127	2	2	0	1	3	1	0	0	4	0	0	1	2	1	0	0	2	0	0	1	0	3	1	3	0	2	0	1	2	2	0	4	5	0	11	1	5	0	4	1	3	5	9	5	1	2	3	4	0	0	1	5	0	0	1	1	1	0	2	1	8	0	0	1	3	1	2	3	2	1	0	0	1	0	0	2	1	1	1	2	1	1	8	7	3	2	4	6	2	0	0	0	6	2	1	4
PD42774a_lo0130	3	4	1	2	3	2	0	0	3	4	0	0	3	4	0	3	2	2	1	3	4	2	0	3	0	0	0	3	0	2	1	6	10	5	13	4	8	4	18	15	3	8	10	4	7	6	7	4	4	2	4	4	5	3	5	3	1	2	4	2	6	3	4	4	10	2	7	8	3	4	5	2	3	4	2	8	4	3	3	4	5	1	1	5	2	1	3	3	1	1	5	1	2	1	5	3
PD42774a_lo0131	4	1	4	6	10	6	0	7	3	8	0	4	5	4	0	9	4	2	4	7	5	1	0	2	3	1	0	1	4	1	1	11	16	13	30	10	16	8	14	17	8	11	15	6	6	8	8	5	4	3	5	4	2	4	3	1	5	2	2	2	9	2	3	6	11	4	14	19	8	3	3	2	7	4	11	11	9	1	1	7	4	2	2	13	2	2	5	5	3	1	4	0	1	5	9	8
PD42774a_lo0132	4	3	0	2	0	1	0	0	2	0	0	1	3	4	1	6	0	0	1	3	0	0	0	0	0	0	0	0	2	0	1	3	6	2	15	1	2	4	14	4	5	7	17	2	2	2	0	2	1	0	1	6	0	1	1	0	1	2	1	3	2	1	0	5	1	2	3	2	2	1	2	1	1	1	2	1	0	0	2	0	2	2	5	3	2	2	3	2	3	1	0	1	1	2	7	1
PD42774a_lo0133	5	3	0	5	5	2	1	6	4	2	1	2	3	6	1	4	4	2	2	3	2	1	0	0	2	2	0	4	5	2	2	8	10	6	18	8	9	5	15	5	5	9	19	3	5	7	9	3	5	2	4	4	0	3	2	4	4	2	4	4	9	0	1	4	14	4	8	10	4	1	6	5	4	1	4	4	4	1	4	4	4	1	4	6	2	3	1	8	1	2	4	4	7	4	12	5
PD42774a_lo0134	4	5	0	3	4	2	0	2	3	4	1	1	3	2	1	2	6	5	1	1	1	2	0	0	1	0	0	0	1	2	0	3	5	7	16	1	7	6	10	4	2	4	22	3	3	5	9	5	3	0	3	7	1	1	0	2	2	1	0	1	4	1	2	5	2	1	1	7	2	4	8	1	3	1	4	6	2	2	0	5	4	1	3	6	2	3	4	6	1	1	0	1	3	1	6	5
PD45527a_CD20-8	3	2	2	1	4	5	1	2	4	0	0	2	5	4	0	6	3	2	0	1	0	3	1	0	0	1	0	2	2	2	0	1	2	3	11	0	5	1	7	2	2	4	11	2	8	3	4	1	3	4	4	7	1	3	2	4	1	2	2	1	11	0	4	0	2	2	1	5	1	1	5	4	4	0	3	1	1	2	1	3	3	2	6	7	6	1	2	9	4	2	1	9	3	5	3	10
PD45527a_duct17	17	8	1	10	12	8	4	5	8	6	0	7	24	24	5	19	7	6	1	9	10	2	3	11	10	2	3	5	73	18	5	77	33	24	53	17	32	23	29	24	20	15	39	18	94	30	24	52	16	6	5	9	8	3	5	7	4	1	2	1	15	6	5	7	29	7	18	32	6	8	9	15	7	3	7	17	11	4	9	10	4	2	12	8	1	4	6	21	3	0	2	9	10	11	13	15
PD45527a_duct18	25	9	1	13	15	14	5	7	15	7	2	11	46	29	7	24	9	8	2	12	9	3	3	13	10	2	3	5	177	40	10	188	36	29	67	23	37	27	37	28	21	23	42	26	165	40	39	86	13	6	5	13	10	5	6	11	4	2	3	2	19	5	3	8	39	9	22	44	9	9	10	16	10	4	10	16	14	6	9	12	10	3	9	12	3	5	9	19	2	0	4	10	13	11	16	16
PD45527a_duct19	13	3	1	4	8	4	3	2	6	5	0	7	12	9	2	10	4	5	1	7	4	2	3	4	5	2	1	4	25	10	2	26	21	13	38	9	21	15	21	17	13	12	27	11	35	16	13	19	9	5	4	8	5	2	4	5	3	1	1	1	13	2	4	6	19	6	12	21	2	6	7	8	4	3	5	12	7	3	7	9	7	0	7	6	3	1	7	12	3	0	4	4	9	9	3	14
PD45527a_duct20	16	5	5	7	15	5	4	5	12	5	1	8	14	14	2	18	6	5	2	13	8	10	3	10	7	2	3	5	10	6	3	29	39	27	45	21	25	20	24	31	16	17	37	18	25	18	20	16	19	9	6	8	6	7	7	4	4	2	6	2	9	2	6	12	25	9	25	43	5	12	7	10	12	7	10	16	10	7	10	14	5	3	4	8	3	0	9	13	1	1	5	6	11	7	6	12
PD45527a_duct21	26	8	5	4	10	8	2	11	14	3	1	14	19	22	1	26	7	8	3	11	8	9	3	12	6	5	3	6	16	11	4	34	44	39	63	22	25	20	32	30	20	27	52	18	43	28	31	38	18	12	14	17	3	2	12	8	5	7	6	0	17	5	7	16	44	7	28	46	9	20	8	21	19	10	14	15	14	10	9	19	4	6	11	14	4	3	7	18	2	1	2	10	15	12	6	18
PD45527a_duct23	17	9	1	4	7	4	4	8	10	3	3	13	12	16	1	15	5	8	1	7	7	7	3	6	3	2	2	6	10	5	2	25	38	24	48	12	22	17	21	27	20	17	40	19	68	28	19	56	12	12	11	18	1	6	8	7	1	1	6	2	20	1	5	10	28	9	19	36	8	8	5	12	9	7	5	13	10	7	8	19	5	4	5	7	2	3	6	16	2	1	7	9	11	15	13	23
PD45527a_duct24	21	9	1	6	8	4	3	9	8	3	1	11	18	16	2	15	5	8	1	6	6	6	3	6	3	2	0	8	13	6	2	26	35	21	43	11	17	17	24	28	20	13	40	15	70	28	19	60	11	11	10	16	2	8	10	7	1	1	5	2	16	3	4	7	25	7	19	34	8	11	6	12	12	7	4	10	11	7	7	20	10	4	17	11	2	2	7	16	2	1	7	7	13	13	10	18
PD45527a_gland30	15	10	1	6	9	8	3	11	5	2	0	4	12	19	2	7	9	7	4	14	5	4	1	8	5	1	0	3	3	8	0	13	27	13	25	15	13	8	18	20	12	19	18	12	14	15	13	16	14	7	10	17	5	4	6	5	4	3	8	2	13	11	4	9	22	3	19	24	8	10	10	9	10	8	6	8	7	5	5	10	1	2	4	10	3	5	2	8	4	4	4	7	7	5	5	15
PD45527a_gland31	21	7	1	8	12	12	5	12	6	6	0	10	20	21	2	10	8	7	1	15	9	9	0	9	4	2	1	5	4	8	0	19	49	14	45	20	21	7	27	32	18	21	28	13	24	16	12	22	15	8	10	15	5	11	10	8	6	4	2	2	14	11	5	7	36	13	22	37	8	10	14	15	13	8	10	18	10	8	8	14	11	2	9	12	9	6	6	10	3	4	6	13	11	11	6	27
PD45527a_gland32	19	8	2	13	11	7	3	7	2	7	0	6	11	10	0	16	10	6	0	7	5	6	0	6	2	8	2	3	5	4	2	9	19	4	19	6	14	14	10	16	9	9	16	9	13	10	12	15	8	8	6	14	8	2	5	3	3	1	4	2	12	3	2	14	27	3	16	20	7	3	8	9	7	8	7	7	9	8	5	9	3	2	4	5	0	3	8	7	3	1	2	10	9	8	9	7
PD45527a_gland34	13	9	5	1	10	4	3	6	8	6	0	5	10	11	1	9	8	3	0	7	2	7	1	6	5	1	0	5	5	1	1	12	21	11	29	11	11	13	19	24	14	7	14	11	17	9	16	9	5	7	7	11	5	4	11	2	7	4	4	1	12	3	4	6	15	2	19	17	4	4	7	7	7	6	7	14	6	2	7	11	15	2	16	13	1	3	20	19	9	1	5	11	21	6	13	26
PD45527a_gland36	17	7	2	10	12	12	2	11	13	7	0	6	11	13	1	10	2	5	2	9	2	4	1	10	1	3	0	4	7	8	0	13	21	14	38	19	21	11	28	16	20	15	19	14	13	18	12	29	7	6	9	10	4	6	5	5	5	6	6	5	6	6	3	8	31	4	15	32	8	12	9	8	8	5	19	16	9	10	5	11	4	2	12	9	0	4	12	6	5	2	2	5	5	9	4	13
PD45527a_gland37	15	8	3	12	11	11	1	12	9	6	0	8	14	17	2	13	2	5	2	10	1	5	1	11	1	2	0	3	9	9	0	13	20	13	37	17	22	11	27	19	21	16	24	13	16	18	15	25	8	5	9	12	3	9	3	5	5	5	7	4	7	8	3	7	36	4	13	32	8	13	9	8	8	5	18	16	8	10	5	11	5	2	10	8	0	4	8	6	5	1	2	4	7	6	5	13
PD45527a_gland39	16	7	4	12	14	13	1	9	15	8	1	9	15	17	2	17	7	7	2	10	5	6	1	13	1	6	0	7	10	10	1	17	24	19	41	17	25	14	22	21	20	17	28	17	12	12	19	31	12	8	8	18	1	10	9	7	5	6	8	3	12	6	4	14	36	8	16	39	11	15	12	12	11	5	18	14	11	13	6	11	4	3	11	10	2	14	11	10	8	3	3	7	15	10	7	17
PD45527a_lo0004	0	0	0	0	0	0	0	0	0	0	0	0	0	0	0	0	0	0	0	0	0	0	0	0	0	0	0	0	0	0	0	0	0	0	0	0	0	0	0	0	0	0	0	0	0	0	0	0	0	0	0	0	0	0	0	0	0	0	0	0	0	0	0	0	0	0	0	0	0	0	0	0	0	0	0	0	0	0	0	0	0	0	0	0	0	0	0	0	0	0	0	0	0	0	0	0
PD45527a_lo0007	10	7	2	10	9	9	0	10	8	7	1	8	7	14	1	13	9	6	1	8	2	5	1	12	2	1	0	4	7	9	0	11	22	17	42	17	25	14	20	19	13	14	21	14	17	14	25	23	12	10	9	14	3	7	5	6	5	3	7	2	11	5	5	12	34	8	17	31	6	9	7	7	11	3	14	13	8	11	6	9	9	3	33	9	1	7	16	14	8	4	6	3	16	9	14	21
PD45527a_lo0008	10	5	3	5	14	6	1	6	10	3	3	5	21	9	4	12	7	5	1	10	3	4	1	5	3	5	1	2	6	7	0	9	14	11	35	8	5	10	19	24	8	11	16	12	13	12	16	11	8	11	11	11	7	8	6	6	1	5	2	0	16	0	1	3	14	7	13	19	8	7	5	7	6	6	3	13	5	4	3	10	3	7	6	2	4	1	6	11	7	2	3	6	16	6	11	18
PD45527a_lo0010	17	3	2	6	13	7	2	10	10	6	0	5	14	7	3	4	8	4	0	8	5	11	1	8	8	3	0	5	7	2	0	12	8	16	39	11	11	6	16	18	8	8	16	6	12	6	10	12	10	9	7	22	2	2	6	2	4	1	4	0	21	1	6	5	16	10	14	15	5	2	6	11	9	5	6	4	7	7	4	12	11	2	20	10	5	3	10	13	6	3	8	8	9	9	13	20
PD45527a_lo0013	0	0	0	0	0	0	0	0	0	0	0	0	0	0	0	0	0	0	0	0	0	0	0	0	0	0	0	0	0	0	0	0	0	0	0	0	0	0	0	0	0	0	0	0	0	0	0	0	0	0	0	0	0	0	0	0	0	0	0	0	0	0	0	0	0	0	0	0	0	0	0	0	0	0	0	0	0	0	0	0	0	0	0	0	0	0	0	0	0	0	0	0	0	0	0	0
PD45527a_lo0017	10	10	5	2	7	3	0	10	4	4	0	4	18	18	0	12	10	2	0	7	6	3	1	5	2	1	0	5	5	7	0	13	17	5	23	9	5	8	10	12	9	9	17	7	12	12	14	18	13	4	6	11	1	3	5	6	5	0	5	4	13	2	6	9	21	6	10	13	10	2	3	5	5	1	3	5	5	4	5	5	4	4	10	8	4	3	6	11	2	1	3	3	8	2	13	16
PD45527a_lo0018	0	0	0	0	0	0	0	0	0	0	0	0	0	0	0	0	0	0	0	0	0	0	0	0	0	0	0	0	0	0	0	0	0	0	0	0	0	0	0	0	0	0	0	0	0	0	0	0	0	0	0	0	0	0	0	0	0	0	0	0	0	0	0	0	0	0	0	0	0	0	0	0	0	0	0	0	0	0	0	0	0	0	0	0	0	0	0	0	0	0	0	0	0	0	0	0
PD45527a_lo0021	16	7	2	10	13	3	1	10	13	10	1	13	22	20	1	11	6	5	1	7	3	3	1	6	3	3	2	7	8	10	2	10	25	12	30	13	20	6	17	42	12	20	28	15	14	19	24	20	12	5	9	13	1	6	10	4	5	5	2	5	9	2	3	7	30	6	12	29	6	0	8	10	13	5	8	13	13	3	5	10	6	1	6	5	4	6	3	10	2	1	2	5	6	7	7	10
PD45527a_lo0022	15	10	3	10	16	10	4	8	13	10	2	12	19	18	1	15	3	7	0	7	3	5	0	10	4	3	1	3	5	9	2	15	20	11	23	8	23	14	16	19	17	18	20	13	16	17	18	24	13	5	13	11	6	6	10	5	3	5	2	2	11	1	3	10	28	5	11	28	8	0	8	5	10	6	6	13	8	8	5	11	9	0	40	13	5	6	12	6	6	0	6	4	13	6	15	18
PD45527a_lo0023	2	7	1	7	6	0	0	4	3	3	0	4	9	3	3	10	7	1	0	0	2	1	0	3	0	2	1	0	3	2	0	7	13	6	15	2	3	3	7	7	6	3	14	3	6	11	6	5	1	0	0	6	1	3	3	1	2	1	2	1	6	0	0	3	4	1	3	4	3	2	5	5	1	1	0	3	2	2	3	2	3	0	3	0	1	2	2	6	3	0	1	3	7	1	9	3
PD45527a_lo0024	9	10	1	5	6	3	1	3	6	3	1	7	13	3	1	6	1	2	1	2	4	2	0	2	0	2	1	1	6	1	0	6	3	2	12	2	4	8	5	3	3	5	11	3	6	4	14	4	3	1	1	3	2	2	1	0	1	0	1	1	5	2	2	2	4	3	5	6	0	1	1	1	5	0	0	2	0	3	0	3	3	2	8	2	2	0	4	5	2	0	2	5	6	3	3	9
PD45527a_lo0027	7	5	0	6	10	2	0	4	9	4	0	6	8	7	1	15	5	3	0	7	1	2	1	3	3	1	1	2	4	6	0	4	5	1	11	4	4	8	9	8	3	4	12	6	5	5	12	4	5	3	1	11	2	2	5	4	1	3	2	2	14	3	5	7	11	2	8	11	1	1	0	5	4	1	0	6	1	1	3	2	2	0	9	5	1	0	5	10	3	0	4	5	11	0	6	18
PD45527a_lo0028	18	8	1	11	9	11	7	13	11	8	1	3	20	14	3	18	6	3	0	5	4	2	0	8	2	4	0	1	4	4	1	9	16	10	20	8	9	5	10	11	10	12	12	7	6	9	18	10	10	2	3	9	5	5	6	3	1	3	6	2	8	1	6	5	16	7	9	22	2	2	3	7	6	4	6	8	8	2	3	8	2	1	5	7	1	1	5	5	4	2	0	1	7	3	4	8
PD45527a_lo0029	4	6	1	3	5	6	2	7	5	7	1	3	73	38	5	42	8	5	2	10	9	5	0	19	2	4	1	4	425	78	7	459	18	7	21	6	16	8	11	19	8	16	16	8	399	80	37	162	7	5	4	4	5	1	5	1	1	1	1	1	12	1	1	3	11	2	6	13	6	1	4	8	5	2	5	5	1	2	3	7	3	2	5	7	2	2	4	10	3	2	1	4	6	1	7	7
PD45527a_lo0030	4	6	0	3	8	6	1	4	4	2	1	5	51	26	1	27	3	2	3	5	8	2	0	7	3	1	0	2	241	45	4	268	11	4	21	11	10	6	15	8	7	10	19	3	226	49	28	95	5	3	3	2	1	4	3	1	0	0	0	0	10	2	2	0	6	3	9	8	3	2	2	2	8	3	0	2	1	2	1	8	1	1	6	4	3	1	4	3	2	1	3	3	7	2	4	6
PD45527a_lo0033	6	1	1	5	7	3	0	7	5	5	0	5	16	3	2	5	4	0	1	4	2	3	1	5	1	0	0	3	1	2	1	4	2	6	14	7	3	3	12	10	2	4	6	3	11	4	12	6	2	1	1	4	4	1	2	1	4	0	1	2	6	0	4	2	7	3	7	6	4	1	1	2	5	2	0	5	3	5	3	7	3	0	9	6	0	3	3	7	1	0	0	2	3	2	4	5
PD45527a_lo0034	8	4	1	1	4	3	2	3	3	2	1	1	13	3	2	8	0	1	0	2	2	1	0	1	1	1	0	1	7	1	1	2	3	1	11	5	2	4	12	9	0	11	7	2	10	4	11	2	1	1	1	6	1	4	2	0	1	0	2	0	8	1	3	3	7	4	8	4	1	0	2	3	4	1	0	2	2	3	1	7	1	1	2	1	3	1	3	3	1	0	0	6	1	1	4	5
PD45527a_lo0037	8	8	2	6	12	9	1	8	6	5	0	9	12	16	1	19	9	4	0	9	9	8	1	4	2	3	1	6	8	4	1	20	18	15	27	15	18	14	19	22	14	14	15	19	24	16	18	19	9	6	11	16	5	2	7	7	5	3	3	1	14	5	6	9	27	12	17	20	5	9	9	5	11	4	5	9	4	7	6	9	9	3	12	10	4	7	6	10	7	1	5	6	14	4	10	22
PD45527a_lo0038	16	8	0	7	11	5	3	7	11	10	0	11	20	7	3	8	3	3	0	10	7	3	1	10	1	1	1	6	9	7	0	12	14	5	24	7	10	8	12	10	4	8	19	5	17	5	9	10	7	6	6	11	3	6	3	5	2	3	2	3	9	2	5	3	11	5	10	12	8	5	9	4	4	1	3	9	1	5	3	7	2	1	2	4	2	2	4	6	6	2	3	5	6	4	5	13
PD45528a_CD20_1	1	1	0	0	3	3	0	0	3	2	0	2	14	6	5	5	1	0	0	0	0	1	0	0	0	0	0	0	0	1	0	2	2	0	0	1	1	0	3	0	1	1	1	1	1	0	0	2	1	0	0	6	0	1	0	1	0	0	0	0	5	0	0	0	0	2	0	0	1	0	0	1	0	2	0	0	0	1	1	1	0	1	1	0	0	0	1	2	0	0	1	2	0	0	2	2
PD45528a_CD20_4	1	1	0	0	1	1	2	2	1	2	0	0	8	2	2	3	1	0	0	0	0	0	0	1	0	0	1	0	0	1	0	1	1	1	2	1	3	2	2	1	0	0	2	0	1	1	1	1	1	1	1	3	1	1	3	0	0	0	0	0	3	0	0	1	0	0	0	1	0	0	1	0	0	1	0	0	1	0	1	1	2	0	16	3	2	1	13	1	0	2	2	1	5	0	4	4
PD45528a_CD20_5	3	0	1	1	1	0	1	3	2	3	0	1	7	3	0	4	1	0	0	0	0	0	0	1	0	0	0	1	0	0	0	0	4	1	2	0	2	1	3	0	2	1	1	1	2	0	3	1	1	1	1	4	1	0	1	0	0	0	0	1	6	1	0	0	0	1	0	0	0	1	0	0	0	1	0	0	0	0	1	1	0	1	8	3	1	1	2	2	0	0	0	1	0	1	8	4
PD45528a_CD20_6	2	1	0	2	0	2	0	0	3	0	0	0	10	3	4	7	0	0	0	0	0	0	0	3	0	0	0	1	0	0	0	0	3	1	1	2	2	0	2	0	0	0	1	1	2	1	2	2	2	2	1	7	0	1	0	1	1	0	0	0	4	1	0	1	1	0	1	1	0	1	0	0	0	1	1	0	0	0	0	0	6	0	20	3	3	1	6	3	2	0	3	1	10	2	11	17
PD45528a_CD20_7	1	1	0	0	1	3	2	0	6	4	1	3	5	8	3	4	0	0	0	0	0	0	0	2	0	1	0	0	0	0	1	1	1	1	3	1	3	0	2	0	1	0	0	0	2	3	0	1	1	1	0	3	1	1	1	1	0	0	0	0	7	0	0	0	1	0	1	0	0	1	0	0	0	0	0	0	0	0	1	1	0	1	0	1	0	0	1	1	0	0	0	2	0	0	2	0
PD45528a_CD20_8	4	0	0	1	3	0	0	1	2	0	0	0	5	1	3	4	1	1	0	0	0	0	0	1	0	0	0	0	1	0	0	1	4	0	0	0	4	1	3	2	2	1	4	0	1	2	1	2	2	1	0	6	1	1	0	1	2	2	0	0	6	0	0	1	0	1	0	0	0	1	1	0	0	1	0	1	0	1	1	1	7	5	44	1	2	1	15	7	6	0	6	3	16	5	16	11
PD45528a_CD20_9	2	1	0	0	1	1	0	0	4	2	0	2	3	2	3	3	1	0	0	0	0	1	0	2	0	0	0	0	0	1	0	1	3	0	3	0	3	0	4	0	1	0	1	1	1	0	4	2	2	1	0	6	2	1	0	1	0	0	0	0	3	0	0	0	1	1	2	0	1	1	2	0	0	1	0	0	0	2	1	1	3	2	9	4	0	1	10	1	2	0	3	4	5	2	9	0
PD45528a_lo0001	11	8	3	3	7	5	2	6	3	5	1	4	11	10	3	12	4	5	1	4	5	5	2	2	1	1	0	8	3	5	0	4	12	4	16	8	9	5	9	9	7	8	8	6	4	7	9	12	7	2	4	10	5	3	6	1	5	1	3	1	11	3	2	4	12	6	10	23	7	2	4	8	2	2	4	3	7	7	3	5	3	2	8	6	2	1	5	6	5	0	5	3	3	0	5	10
PD45528a_lo0004	14	4	1	5	9	6	1	9	3	5	2	2	11	6	1	5	4	3	0	5	3	2	0	10	3	5	3	2	23	7	1	37	18	16	22	3	18	11	21	18	7	10	11	13	15	12	8	17	5	6	6	10	1	4	3	5	3	3	0	3	11	1	4	4	24	6	15	14	5	8	6	3	4	5	7	8	11	8	3	10	12	1	30	1	4	4	15	11	4	3	7	7	9	3	22	11
PD45528a_lo0005	11	6	2	14	14	13	2	11	4	6	3	4	10	9	4	9	4	4	0	8	3	1	2	11	4	0	2	4	21	7	2	20	23	19	36	10	25	18	32	29	14	11	16	15	23	19	19	22	8	7	6	12	3	2	4	2	5	1	0	3	12	0	3	7	34	10	16	37	7	9	6	6	7	8	9	12	12	5	3	7	6	2	4	3	3	1	7	5	3	1	2	8	9	3	5	12
PD45528a_lo0010	20	10	1	4	5	3	1	7	15	1	2	6	10	9	5	11	4	1	1	11	8	7	1	7	5	1	0	3	5	6	1	20	28	14	30	13	15	6	21	16	7	10	27	8	16	22	18	23	6	7	7	14	1	5	9	8	0	5	0	4	10	3	5	11	20	11	21	25	9	5	10	8	14	6	10	14	6	4	5	18	5	3	10	12	4	2	6	13	3	0	6	3	5	6	12	14
PD45528a_lo0011	11	13	0	6	11	6	1	12	6	5	1	8	12	8	3	8	9	4	0	9	10	6	3	13	6	5	1	6	8	6	0	12	14	13	27	18	10	6	14	12	8	10	18	15	13	12	16	11	6	8	9	14	7	3	7	2	2	7	6	3	13	4	3	8	9	3	14	19	5	5	11	6	8	8	8	9	7	6	3	9	12	3	23	17	10	3	17	17	9	3	7	4	16	6	16	21
PD45528a_lo0012	10	11	0	6	3	4	1	8	9	6	2	6	13	4	3	10	7	3	2	3	5	1	0	5	1	2	0	4	9	6	0	9	14	9	12	5	8	3	6	7	7	10	14	9	10	17	9	8	11	6	9	11	2	5	12	3	2	2	1	1	8	2	7	6	8	6	8	16	3	4	4	6	5	9	4	9	6	4	3	4	3	6	2	8	4	5	3	7	3	0	4	7	6	4	6	12
PD45528a_lo0014	12	6	1	6	4	1	0	4	6	2	0	3	6	4	0	5	6	2	0	5	2	0	2	9	1	1	1	5	2	4	2	7	20	8	33	19	16	12	16	18	16	8	13	12	9	8	15	11	6	5	6	12	3	3	4	5	1	0	5	2	8	3	1	2	21	7	19	26	5	5	7	3	6	5	5	7	3	6	3	6	7	4	14	13	6	5	6	8	4	3	5	9	11	3	9	14
PD45528a_lo0015	12	3	1	7	9	3	0	9	6	3	0	4	12	4	0	5	6	2	0	5	2	0	1	6	1	0	0	7	2	2	2	10	19	11	40	19	12	15	18	19	18	7	11	14	9	6	12	13	7	6	7	11	4	4	4	5	2	1	4	2	10	2	1	4	21	7	20	31	4	5	5	3	6	5	6	10	3	5	4	6	5	4	21	8	4	4	9	13	3	3	5	10	9	5	10	7
PD45528a_lo0016	8	3	1	7	6	3	1	3	5	4	0	2	10	4	3	10	4	3	0	0	2	0	2	6	0	2	1	5	2	2	1	7	14	5	19	8	7	6	16	11	7	3	6	3	3	6	9	10	2	6	4	9	3	4	1	2	2	0	3	1	7	2	1	4	12	5	10	13	1	5	4	4	6	1	1	7	3	1	4	4	2	2	6	3	3	3	2	5	2	0	1	8	8	2	4	6
PD45528a_lo0019	6	2	0	3	4	8	2	2	3	1	1	3	7	7	3	7	7	2	1	4	6	0	0	3	1	0	1	4	4	6	1	9	9	6	17	13	5	2	13	13	5	2	16	7	5	9	10	4	2	0	6	5	3	5	3	1	1	0	2	1	8	3	0	2	12	5	17	12	3	5	5	3	4	0	2	4	4	5	2	10	6	2	13	6	3	1	5	3	1	1	5	2	5	3	10	8
PD45528a_lo0020	9	8	2	4	10	3	0	6	7	3	1	6	13	9	3	8	7	4	0	3	4	4	1	9	0	3	0	3	5	2	1	15	30	13	32	13	17	7	28	22	10	14	22	19	11	15	16	6	10	5	4	6	3	2	0	3	3	0	2	4	7	5	5	3	24	15	18	23	4	2	10	8	8	6	6	10	12	3	5	6	14	6	34	12	3	1	17	11	8	2	4	8	16	8	18	22
PD45528a_lo0021	8	8	1	3	13	1	0	10	7	3	1	5	12	7	3	8	7	3	0	1	2	3	1	11	0	2	1	2	12	1	1	10	24	12	24	9	16	10	25	19	11	14	19	20	16	13	12	11	7	7	4	10	3	3	2	2	1	1	1	5	5	5	3	6	29	12	18	21	5	4	9	8	9	7	5	11	10	3	8	7	6	6	4	7	1	0	3	9	4	2	2	5	3	2	3	9
PD45528a_lo0022	8	6	1	4	10	3	0	3	10	1	3	5	15	5	1	6	7	0	1	7	7	2	0	12	0	0	0	4	4	5	1	8	9	9	33	7	12	3	19	19	6	4	17	10	4	6	10	10	4	2	6	13	4	6	4	0	3	2	1	0	9	3	4	5	18	6	24	17	1	3	7	6	3	1	1	9	2	2	2	11	11	5	16	15	2	3	10	10	4	5	8	4	15	6	13	12
PD45528a_lo0028	3	3	1	0	5	4	2	1	4	3	2	1	6	4	2	5	2	1	1	5	0	2	0	1	1	2	1	4	1	4	0	5	6	3	2	0	1	3	4	4	4	0	7	2	6	2	6	8	2	3	2	8	1	0	2	2	0	0	2	1	5	1	2	5	5	1	1	2	2	3	2	0	3	2	0	2	0	1	1	1	2	2	5	9	0	1	3	0	0	2	3	5	4	2	7	10
PD45529a_lo0001	18	5	6	12	21	14	2	5	8	6	6	7	13	11	3	17	7	4	1	4	2	6	2	6	2	9	2	4	6	8	1	17	41	19	39	15	25	18	21	25	19	17	20	21	13	14	12	24	11	6	16	13	4	11	6	9	3	2	9	7	21	6	8	8	29	13	29	27	7	8	9	7	17	10	12	17	8	6	2	16	11	3	22	11	7	4	17	14	3	5	8	8	9	5	19	13
PD45529a_lo0002	19	7	4	14	25	15	3	6	5	5	4	7	12	10	3	17	8	6	0	4	2	11	5	9	2	6	0	5	3	12	2	20	34	14	43	21	23	15	24	22	17	15	22	18	14	15	11	24	10	5	15	10	3	11	8	8	3	2	7	4	19	5	3	3	27	17	25	30	7	4	10	5	15	10	11	15	9	7	2	15	8	1	9	11	4	4	5	10	4	6	8	6	5	9	8	18
PD45529a_lo0003	14	3	3	11	16	10	2	3	3	7	2	5	14	12	2	14	7	3	0	3	3	8	4	8	3	6	1	4	3	8	1	13	32	9	32	15	19	10	17	15	10	13	17	10	11	11	10	19	12	4	13	13	4	5	6	7	3	1	6	3	12	5	4	2	19	11	18	15	4	3	10	6	12	4	11	11	5	5	3	14	7	0	9	8	3	5	6	10	3	1	6	7	6	5	10	16
PD45529a_lo0007	16	7	4	12	8	8	1	8	12	8	3	5	7	7	4	11	6	5	2	7	6	3	3	13	4	2	1	5	5	11	2	14	25	24	45	21	24	30	14	30	16	13	35	23	19	23	24	20	9	3	11	11	8	4	7	13	5	2	5	8	11	4	3	6	27	12	26	30	10	7	15	11	17	6	9	15	17	7	2	9	2	2	10	6	3	4	9	10	0	2	4	3	11	7	8	18
PD45529a_lo0009	24	10	3	14	18	13	1	8	9	11	7	11	12	33	3	17	12	9	0	21	8	10	4	9	2	4	3	8	8	10	4	28	33	17	29	19	23	21	23	33	16	17	16	18	23	23	18	23	11	13	9	17	4	9	12	10	6	3	8	5	14	14	4	9	24	5	29	32	9	5	6	6	9	6	9	15	12	8	10	13	10	4	14	17	5	7	13	15	8	4	3	5	8	9	11	26
PD45529a_lo0010	20	6	2	13	19	12	2	12	8	8	5	10	16	23	2	14	9	6	1	9	7	10	3	9	2	2	1	6	4	5	0	16	19	18	19	15	17	19	15	17	13	11	12	12	13	10	11	11	8	1	7	7	7	7	12	4	4	2	8	6	18	7	4	8	24	9	27	23	8	3	3	5	4	2	7	14	13	8	4	12	6	6	6	7	5	8	4	9	5	3	4	7	8	8	9	20
PD45529a_lo0012	0	8	2	2	9	2	1	3	3	4	4	3	2	4	2	7	3	0	0	4	4	1	2	3	2	2	2	1	4	7	0	7	6	4	15	5	4	2	10	8	6	2	7	3	9	4	8	4	1	1	3	9	2	1	6	4	0	3	6	3	8	2	3	4	14	2	5	7	2	1	3	2	0	2	2	3	3	0	2	6	3	1	2	5	2	3	5	5	4	0	0	2	8	4	4	6
PD45529a_lo0013	9	2	1	8	11	7	3	7	5	3	3	7	5	5	1	8	2	1	1	6	5	3	1	4	2	2	1	3	43	21	3	50	16	9	16	8	8	9	12	19	7	2	17	12	38	18	14	22	6	3	4	5	4	3	6	0	3	5	6	2	12	3	2	2	18	6	17	14	4	0	6	6	8	1	5	7	6	4	5	6	3	2	2	11	2	4	7	3	1	2	1	5	3	7	4	9
PD45529a_lo0014	24	11	3	14	15	13	2	12	15	13	7	20	24	15	6	29	11	2	3	17	8	5	6	14	4	2	3	9	11	15	1	17	42	27	40	20	22	26	23	28	23	18	24	36	23	27	17	15	10	15	8	21	10	8	5	12	6	3	5	7	10	11	7	10	42	13	34	42	16	5	19	9	17	7	13	21	11	9	7	18	4	5	4	11	6	5	9	10	3	4	5	8	13	11	3	17
PD45529a_lo0015	25	9	3	13	13	14	2	11	15	12	8	21	24	17	6	25	11	4	3	18	6	5	8	13	4	1	2	8	11	16	1	18	40	19	37	20	23	28	20	24	24	20	28	34	21	24	15	12	9	16	10	23	7	8	5	12	7	3	5	6	12	12	6	11	44	13	35	40	13	4	16	10	16	5	13	19	11	9	8	18	12	6	15	12	7	6	13	12	2	4	5	6	16	12	9	18
PD45529a_lo0016	21	12	2	14	16	7	3	7	9	8	7	9	20	13	3	26	6	5	3	17	7	6	4	5	6	4	4	9	4	9	0	10	36	15	26	19	18	21	23	25	22	11	18	28	16	20	12	14	7	8	14	11	7	7	4	7	3	6	4	2	11	7	2	9	29	12	22	25	5	9	7	8	11	6	7	17	6	9	4	17	5	4	12	10	5	1	10	12	3	6	3	6	11	5	8	15
PD45529a_lo0017	9	6	2	6	11	1	0	3	2	4	1	1	0	4	1	6	5	0	1	4	1	1	1	3	1	1	1	1	2	3	0	4	7	7	18	4	3	5	14	6	4	3	8	5	5	5	9	6	4	1	3	5	4	5	1	2	1	1	2	2	11	0	4	1	10	3	8	7	0	2	5	5	2	1	5	1	3	2	1	4	5	3	23	2	2	3	5	4	3	1	10	6	13	3	13	9
PD45529a_lo0018	27	16	5	16	20	19	7	12	18	13	6	18	29	18	4	29	11	4	5	20	10	7	4	10	6	3	4	8	8	13	0	17	51	20	33	25	22	22	22	31	23	22	22	37	25	32	18	14	10	11	16	21	6	13	5	12	8	4	5	6	17	10	5	13	40	13	34	44	13	7	14	10	14	8	15	21	10	12	8	22	5	5	9	10	5	4	10	12	3	5	4	7	17	10	5	17
PD45529a_lo0019	37	9	3	17	20	11	5	11	12	9	7	16	16	27	5	17	9	6	3	18	16	13	3	8	6	4	3	10	6	13	0	20	31	18	31	22	22	26	25	27	20	18	18	32	26	27	14	27	14	12	12	16	6	10	13	5	7	5	11	4	16	12	7	17	32	13	29	34	10	10	8	7	10	5	10	19	12	10	6	13	12	7	21	13	7	10	19	14	4	4	6	4	19	11	13	30
PD45529a_lo0029	12	8	4	6	18	9	5	7	12	8	2	5	15	7	1	9	10	5	4	9	7	3	6	5	2	3	1	5	5	6	1	4	25	14	22	12	15	19	17	17	15	6	26	13	14	17	11	14	9	7	10	15	4	9	8	10	2	1	3	3	13	6	1	4	24	5	19	23	12	6	11	9	13	2	9	13	16	7	9	13	3	1	6	9	5	2	5	13	4	0	2	4	2	5	2	11
PD45529a_lo0035	6	3	3	7	9	1	3	3	7	4	1	3	5	4	0	9	3	2	2	3	4	4	1	0	1	3	1	3	2	3	1	7	14	6	14	4	8	2	6	5	5	6	3	8	3	4	7	4	1	3	5	5	1	3	7	2	1	1	1	2	11	0	0	2	11	2	5	9	2	2	2	1	4	1	3	5	3	1	1	2	1	2	8	6	2	3	8	7	2	2	6	3	4	3	5	5
PD45529a_lo0040	17	13	2	11	21	9	3	11	13	15	5	21	21	12	2	21	6	3	0	7	5	5	2	15	2	5	2	6	6	5	0	10	26	12	39	27	16	28	27	26	11	13	14	21	20	20	13	22	8	6	11	22	3	13	9	9	2	5	7	4	11	10	6	10	25	8	19	26	7	11	5	10	18	7	11	18	8	10	6	17	3	2	7	18	3	6	11	9	4	4	2	8	10	4	15	13
PD45530a_lo0003	6	2	2	3	12	3	0	5	7	5	0	2	3	2	2	6	6	5	1	3	1	9	2	5	2	2	1	5	9	6	2	13	14	9	11	8	6	8	16	12	8	12	8	12	25	11	8	12	4	4	8	8	1	3	3	6	1	2	1	1	10	2	2	7	14	3	14	13	4	4	7	7	5	3	5	13	2	6	7	7	2	0	4	3	2	5	3	3	3	2	4	5	1	3	3	12
PD45530a_lo0004	12	11	0	5	12	12	5	5	9	10	1	5	13	17	4	21	7	1	1	13	6	6	2	11	4	9	1	6	7	11	3	17	36	15	39	18	23	20	22	29	22	14	27	23	22	17	17	21	13	9	10	13	5	8	8	7	7	3	2	2	12	4	5	12	31	11	12	24	12	8	14	10	6	9	9	27	11	10	15	14	8	3	22	9	9	6	14	12	4	2	4	2	12	7	15	22
PD45530a_lo0005	9	11	0	4	14	6	3	3	6	9	2	3	14	14	1	18	6	1	0	10	4	3	1	12	5	8	1	3	7	6	2	12	33	11	33	17	14	17	21	21	18	14	24	20	23	16	10	21	15	6	11	13	4	7	7	6	6	3	1	1	8	5	6	11	24	11	14	19	7	8	13	8	4	6	6	16	9	10	13	12	9	3	43	8	6	5	19	7	3	1	8	4	13	5	20	24
PD45530a_lo0006	9	11	1	7	14	9	5	3	3	5	0	3	10	14	1	11	4	1	1	5	2	3	0	9	3	4	0	4	6	4	1	14	20	7	22	9	11	7	12	12	12	9	17	15	12	12	9	10	7	6	9	8	5	7	4	4	3	2	1	1	9	2	5	4	18	3	11	15	7	4	11	5	6	3	5	12	8	6	7	9	8	1	15	8	4	5	7	4	1	1	8	4	13	7	22	13
PD45530a_lo0008	12	13	0	7	12	8	4	5	7	9	0	4	11	18	1	19	6	3	0	5	6	4	1	12	3	6	0	3	5	6	2	13	26	7	29	14	15	13	16	17	14	14	26	18	20	16	8	11	12	8	9	9	9	5	9	5	6	7	3	3	14	6	6	12	24	7	13	22	8	5	17	9	4	2	5	14	11	8	9	9	5	3	22	6	6	6	13	7	3	5	6	4	14	6	9	17
PD45530a_lo0009	4	6	0	5	4	1	1	4	5	3	1	2	5	4	1	11	4	1	0	6	1	0	2	4	3	2	2	1	3	2	2	8	9	5	20	12	3	7	14	4	11	6	18	6	7	6	12	5	2	1	5	10	0	4	3	5	1	2	0	1	7	1	0	2	12	4	8	8	3	3	8	3	1	3	2	11	6	5	2	10	3	1	2	3	3	4	4	6	2	1	3	1	6	2	1	4
PD45530a_lo0010	4	5	0	2	3	3	2	1	7	2	1	2	6	5	1	7	2	0	1	6	2	4	0	8	3	3	0	2	3	2	1	13	9	13	30	12	12	6	15	14	12	9	15	8	15	15	13	6	3	2	2	5	2	1	5	1	4	1	1	1	6	2	3	2	16	2	8	17	7	4	2	4	4	3	4	9	7	2	1	9	3	0	8	3	3	2	7	3	2	1	3	5	4	1	6	13
PD45530a_lo0011	6	3	1	1	6	5	1	6	3	4	1	2	1	3	0	6	3	0	0	7	1	5	0	2	3	2	0	3	5	1	2	10	8	6	21	11	10	7	16	11	13	8	13	6	17	12	12	4	2	1	0	8	0	2	3	4	3	2	0	0	8	1	0	2	14	2	7	18	7	1	1	3	3	4	3	9	5	2	0	6	4	1	4	5	1	1	5	3	0	2	2	3	1	3	8	6
PD45530a_lo0012	7	3	0	3	4	1	0	6	5	3	1	7	2	6	2	5	4	1	1	8	0	4	0	1	0	5	1	3	7	3	0	12	14	4	18	15	11	12	19	13	12	6	14	6	22	13	10	7	2	3	2	5	3	0	3	1	2	1	0	1	3	2	4	4	16	2	8	19	3	3	6	6	7	5	3	7	9	4	2	5	6	2	8	8	1	2	9	8	1	2	6	2	4	2	8	12
PD45530a_lo0013	6	1	0	2	16	0	1	5	9	1	0	1	4	4	2	6	1	2	1	2	3	5	0	2	2	0	0	0	1	3	1	0	7	4	10	5	3	4	4	4	5	5	2	6	7	3	0	4	1	2	5	4	1	2	5	3	1	1	0	0	7	0	2	2	6	4	7	7	1	4	0	3	2	0	3	4	0	2	2	2	1	0	1	5	2	1	2	5	1	0	3	2	0	1	1	4
PD45530a_lo0014	7	0	1	3	11	2	0	2	8	4	1	1	5	5	1	6	7	1	1	5	1	5	1	4	4	1	0	5	2	5	2	5	11	5	18	11	7	6	15	20	6	11	12	17	14	9	11	10	3	3	5	9	3	2	4	4	2	2	1	1	6	4	2	5	12	4	5	14	4	7	4	3	3	2	6	11	4	2	4	9	1	2	5	3	0	1	5	5	4	2	4	6	4	2	6	9
PD45530a_lo0016	14	12	0	7	17	7	5	7	10	10	2	8	9	17	2	21	8	1	2	11	5	7	1	10	4	12	2	5	10	6	1	24	38	14	47	24	22	22	31	26	22	17	25	24	36	24	21	18	10	8	10	14	8	6	8	7	6	4	1	2	10	6	4	11	34	11	17	31	11	8	16	13	8	8	8	22	17	12	12	13	7	3	5	9	3	7	14	5	2	3	5	4	7	6	7	19
PD45530a_lo0017	6	2	0	2	6	3	0	4	7	2	0	2	6	4	1	4	2	4	0	3	0	3	0	1	0	1	0	1	6	6	2	7	15	6	19	5	7	4	12	6	5	3	4	6	15	3	7	8	3	0	1	2	3	2	2	0	0	3	1	0	4	2	0	3	8	1	10	8	3	2	1	3	1	0	1	7	2	4	0	6	9	2	22	8	1	3	8	8	2	1	5	8	9	2	10	9
PD45530a_lo0018	10	4	1	2	5	4	1	1	5	1	1	3	4	6	1	11	2	4	0	4	0	2	0	7	0	0	0	3	3	0	2	6	12	12	29	7	15	5	14	11	7	6	13	5	16	10	14	12	8	2	4	7	4	1	3	5	1	1	1	0	8	3	1	6	15	2	10	15	3	3	3	6	2	4	5	6	5	4	5	10	4	2	3	2	2	3	3	9	1	3	2	5	2	6	7	7
PD45530a_lo0020	5	2	0	4	6	2	0	6	5	3	1	1	3	6	2	4	7	3	0	2	4	3	1	1	1	1	0	1	1	4	1	5	13	9	6	8	8	11	9	12	5	4	7	4	9	7	7	6	5	1	4	6	1	1	4	1	2	2	2	1	9	0	0	5	13	4	4	10	3	1	4	0	2	0	4	5	2	1	1	3	1	1	1	6	2	3	3	9	3	1	0	0	0	4	3	13
PD45530a_lo0021	4	3	0	4	6	1	1	7	7	1	0	3	5	5	3	7	7	2	0	2	2	5	1	2	1	0	0	4	4	4	0	8	11	9	7	7	9	8	9	14	5	3	4	5	7	5	4	7	4	0	5	4	1	1	4	3	1	1	3	2	2	1	1	3	15	3	5	12	4	1	4	0	1	1	4	5	1	1	1	3	5	3	6	4	1	2	8	4	5	0	1	1	7	4	4	12
PD45530a_lo0023	8	4	0	4	8	3	3	4	7	4	0	3	3	5	1	6	2	0	0	4	4	2	0	4	1	1	1	4	5	3	2	12	9	6	25	8	5	9	8	11	10	9	8	14	12	5	7	11	3	2	5	10	1	2	1	1	0	3	1	1	6	1	0	3	14	6	7	17	2	1	0	4	4	1	3	6	1	3	1	11	3	4	3	3	3	3	4	8	2	3	1	3	6	4	4	6
PD45530a_lo0024	9	5	0	6	9	4	2	9	8	2	2	2	34	16	0	16	3	0	0	3	6	4	0	9	4	8	0	5	125	29	7	193	18	7	21	12	17	12	17	29	12	6	11	14	155	26	26	63	6	1	5	12	4	8	6	0	0	2	6	2	5	1	1	3	15	8	8	20	9	4	7	9	9	2	4	7	5	2	3	13	5	2	7	5	1	5	15	12	1	3	5	5	11	5	10	12
PD45530a_lo0025	7	0	0	3	11	7	1	4	6	0	1	6	6	7	0	5	2	0	0	2	1	3	0	4	1	1	0	1	31	5	2	40	11	2	14	5	6	6	8	9	8	7	11	8	45	14	13	16	2	0	3	10	0	5	2	0	0	2	3	1	7	0	0	1	9	9	3	11	4	2	1	3	4	1	4	4	4	1	2	9	6	0	6	8	3	2	7	7	5	1	4	5	6	5	5	4
PD45530a_lo0026	4	2	0	1	14	1	1	2	4	2	0	3	6	2	0	5	4	0	1	4	2	1	0	4	0	3	0	1	3	2	0	4	7	6	17	4	5	6	12	15	5	8	4	12	4	9	5	6	1	0	2	4	1	3	2	4	3	0	2	0	1	3	1	4	6	3	4	12	3	3	3	5	0	2	2	6	2	2	3	6	5	2	12	6	4	1	8	9	1	2	4	1	12	0	6	14
PD45530a_lo0027	1	0	0	1	7	4	1	3	4	2	0	4	5	5	0	4	3	2	1	1	1	4	0	3	2	0	0	0	6	2	1	4	6	5	13	5	5	3	6	2	4	2	9	9	9	2	5	6	3	1	1	3	2	3	4	0	1	0	0	1	4	3	2	3	9	1	4	11	2	2	1	0	3	1	2	6	4	3	2	3	11	1	8	3	3	1	4	4	1	1	1	2	10	3	12	6
PD45530a_lo0028	6	1	1	2	5	3	0	1	4	2	0	2	7	4	0	7	4	1	0	2	0	4	0	1	0	0	0	0	2	3	1	3	6	4	14	7	6	3	6	4	4	0	3	6	6	3	5	2	1	2	3	4	1	4	3	0	0	0	1	0	3	1	1	1	7	2	3	5	2	0	0	2	2	3	3	2	0	0	1	1	8	1	12	5	2	3	6	6	0	4	5	2	9	0	8	8
PD45530a_lo0035	12	9	0	8	10	1	2	2	9	7	1	5	11	6	3	16	6	1	0	7	0	6	2	8	1	6	1	3	4	5	1	14	14	12	32	6	19	10	25	14	8	11	19	15	19	8	13	18	4	7	7	12	4	3	6	3	3	4	4	3	8	1	4	9	16	8	12	10	7	2	5	6	7	8	5	6	6	5	7	6	9	3	9	9	4	3	4	12	1	3	4	3	6	6	8	21
PD45530a_lo0043	8	9	0	4	4	7	0	4	5	3	1	5	7	4	1	12	6	2	0	6	2	0	0	1	1	4	0	5	2	5	3	7	9	11	18	3	7	6	13	13	6	8	7	5	9	7	7	7	3	5	1	5	3	4	0	3	5	1	1	1	5	3	1	3	15	1	9	15	0	3	2	1	6	3	3	9	5	4	1	7	4	2	10	12	1	0	4	4	1	1	4	4	3	2	3	18
PD45531a_lo0001	14	9	2	13	15	8	2	11	10	3	3	6	12	14	2	13	8	3	0	6	5	4	1	11	4	2	1	3	4	9	1	23	29	18	56	20	19	25	27	29	20	20	32	19	37	25	13	21	12	5	9	11	3	1	5	5	3	8	3	4	18	3	5	3	36	13	40	34	6	15	7	12	9	6	10	12	12	8	10	18	7	2	16	9	1	5	18	7	8	2	3	7	6	7	10	21
PD45531a_lo0002	10	8	1	6	12	5	1	6	6	4	1	4	8	8	1	9	4	6	0	7	2	10	0	10	3	3	2	6	6	3	2	16	21	14	33	11	14	23	20	25	10	12	19	19	15	15	22	18	6	5	3	15	2	7	5	5	4	2	1	0	14	1	3	8	30	9	15	31	9	9	7	6	10	4	4	11	6	8	6	8	2	3	8	3	3	3	5	10	3	2	0	3	5	5	4	17
PD45531a_lo0003	9	8	1	1	7	3	1	4	7	0	0	4	5	4	0	6	5	3	3	8	4	4	2	7	0	3	0	3	1	6	5	16	29	10	38	9	20	12	21	21	10	15	13	14	8	8	11	8	8	5	5	11	7	7	7	4	4	1	3	3	10	4	2	4	43	8	18	29	6	4	17	7	9	9	5	22	6	6	4	15	7	2	4	9	3	7	7	9	1	2	2	5	6	6	2	5
PD45531a_lo0005	11	13	2	9	7	4	2	4	6	9	6	8	6	14	1	13	4	5	1	9	1	2	3	6	5	3	2	4	4	10	1	14	20	8	33	13	21	11	22	22	13	15	24	12	10	17	12	9	6	6	9	12	6	4	6	4	3	0	0	7	11	4	3	5	20	7	16	19	7	8	8	6	8	5	10	14	10	6	7	12	4	4	5	8	4	6	9	11	3	3	7	5	14	2	7	12
PD45531a_lo0007	10	6	1	2	15	4	2	3	8	5	5	5	8	10	2	4	3	2	0	2	2	3	0	2	0	1	0	6	3	4	0	7	17	4	11	6	10	8	5	6	7	8	9	8	13	10	7	7	7	5	3	2	2	2	4	3	3	2	3	3	5	4	3	5	8	6	15	8	1	2	4	2	7	0	4	8	6	0	5	3	3	0	4	6	1	4	3	2	1	0	2	6	6	4	2	7
PD45532a_lo0001	5	4	1	5	12	4	4	2	8	1	0	2	5	5	0	7	5	2	0	6	2	3	1	6	0	2	0	0	5	4	2	4	11	8	37	5	7	5	18	16	6	7	30	9	6	8	16	10	5	2	2	9	2	3	4	2	7	1	4	2	9	0	2	3	9	3	8	11	2	2	5	5	5	3	7	11	5	2	2	5	7	2	4	5	3	1	8	6	1	1	5	3	4	0	2	3
PD45532a_lo0002	9	5	0	4	13	4	3	8	7	3	1	1	8	5	5	14	9	5	0	9	6	7	3	5	1	3	1	3	4	6	3	12	25	19	51	8	12	18	24	23	12	16	30	14	13	8	24	14	2	3	2	9	2	9	8	4	7	4	2	1	11	1	2	5	19	4	18	23	4	3	7	4	8	6	3	15	4	2	7	15	4	2	8	4	2	1	3	6	3	0	3	7	4	5	8	11
PD45532a_lo0003	8	5	0	2	4	6	4	5	5	2	2	3	3	5	0	8	5	1	3	5	3	3	2	5	3	2	0	3	6	5	2	6	10	16	42	12	15	13	17	19	11	6	24	17	16	11	16	6	5	0	4	6	5	4	6	4	4	3	7	5	7	0	4	8	8	3	11	19	6	8	5	6	4	4	4	12	4	9	4	9	5	3	11	8	0	3	4	5	0	4	3	5	8	3	3	7
PD45532a_lo0004	12	9	1	5	7	7	3	7	5	3	1	3	12	2	1	7	6	3	2	7	2	3	1	9	0	4	0	2	2	8	0	7	20	11	38	10	13	12	21	30	12	9	28	15	8	9	16	16	4	4	7	9	2	3	9	7	3	2	5	0	17	0	0	4	19	6	11	20	7	5	8	9	7	5	3	6	6	13	3	11	2	4	9	6	1	4	2	5	3	2	1	5	4	5	4	5
PD45532a_lo0005	7	7	1	3	9	6	3	4	6	4	1	1	8	4	0	8	7	5	1	3	2	2	0	6	1	3	0	1	1	8	0	10	18	11	39	9	13	9	15	22	13	7	21	5	4	7	13	6	1	3	3	10	3	4	6	3	1	2	5	0	9	1	1	2	10	4	11	14	3	5	5	5	5	3	5	7	3	10	3	8	1	5	10	10	1	5	5	9	1	2	0	3	5	4	3	9
PD45532a_lo0006	9	1	4	4	2	3	1	5	6	4	2	4	3	4	1	13	3	2	1	4	5	2	1	2	1	4	1	1	8	8	1	5	14	8	28	7	10	11	11	13	8	6	19	6	8	3	12	8	5	1	3	7	2	3	6	2	1	2	3	1	5	0	1	4	15	6	12	12	5	2	3	3	6	5	2	4	5	6	2	10	4	2	7	4	0	3	7	7	1	0	4	2	2	2	7	5
PD45532a_lo0007	12	11	3	8	10	3	0	10	12	1	2	10	7	14	3	12	8	3	1	2	4	7	1	6	1	5	2	4	6	4	2	12	20	11	30	8	12	15	16	16	8	13	17	9	14	11	19	10	8	7	11	11	2	2	7	3	7	1	3	3	9	5	1	6	21	5	15	12	9	5	9	5	7	3	7	6	7	9	4	11	10	3	19	9	1	0	12	13	5	2	4	7	11	5	15	19
PD45532a_lo0008	10	8	3	3	23	8	0	8	14	3	1	6	11	14	4	11	9	7	1	9	5	4	4	4	4	6	1	5	9	15	2	22	44	23	65	26	30	26	27	44	23	23	32	34	30	17	30	22	6	5	5	12	4	5	11	3	5	4	2	6	11	7	6	8	35	6	31	38	12	8	13	10	17	7	10	22	15	12	18	15	6	1	8	8	2	9	10	25	4	1	3	8	7	8	5	14
PD45532a_lo0009	11	9	3	4	18	8	1	7	13	4	1	6	9	16	3	10	7	7	1	8	4	3	3	4	4	7	1	2	7	13	2	18	36	22	55	21	32	24	22	33	20	21	26	31	28	15	25	17	5	4	6	7	4	6	10	3	7	4	3	6	10	6	5	5	29	4	22	32	12	8	12	9	15	5	10	17	11	14	16	12	7	0	6	4	1	8	10	20	3	0	4	6	7	7	9	13
PD45532a_lo0013	10	9	1	5	9	5	1	4	7	3	3	3	11	1	2	12	10	4	0	6	3	2	0	4	1	0	0	2	3	3	3	8	12	8	26	6	10	8	11	15	10	6	14	9	6	10	12	4	9	6	6	12	4	2	2	0	1	2	2	2	12	4	2	8	6	11	12	16	1	4	5	1	8	6	3	7	3	4	3	3	5	0	9	10	3	3	3	7	1	2	3	2	16	5	8	17
PD45532a_lo0015	15	8	1	9	10	3	0	5	7	1	1	4	12	8	1	14	10	3	2	7	4	5	2	5	2	0	0	2	5	4	2	12	23	9	29	8	15	12	14	14	15	8	20	9	10	15	8	9	10	7	5	6	2	2	7	1	3	1	5	3	11	2	1	10	6	9	13	18	6	6	5	3	9	7	5	9	7	1	3	7	3	1	3	3	3	5	4	10	1	6	1	4	4	6	7	5
PD45532a_lo0016	15	8	2	5	10	1	2	10	9	4	1	4	10	5	4	3	2	3	1	3	7	3	1	1	3	0	0	1	2	6	0	9	20	20	38	17	15	22	21	27	10	16	18	17	20	8	18	11	4	1	3	14	2	7	7	3	5	3	8	3	8	3	3	2	22	5	10	17	6	5	6	5	10	8	8	9	5	7	2	12	7	3	12	6	4	1	8	12	1	4	3	6	9	1	10	15
PD45532a_lo0017	9	5	1	3	15	3	3	4	7	2	0	8	11	5	6	5	5	2	2	5	5	3	0	9	3	2	1	2	3	6	0	9	26	11	41	14	9	17	21	23	8	6	26	13	7	11	18	8	2	0	6	4	1	5	8	4	3	5	2	2	10	1	1	5	16	3	17	13	4	8	4	6	5	3	3	8	8	3	7	6	6	4	15	7	2	3	7	12	4	2	4	5	12	3	13	9
PD45532a_lo0018	6	3	0	3	3	3	2	2	2	1	1	1	2	3	3	6	2	0	0	3	3	0	2	3	0	0	2	1	2	3	3	2	6	1	26	4	4	3	15	10	4	3	18	5	7	2	10	5	1	2	0	6	0	4	4	4	5	0	4	1	7	2	1	3	10	2	10	6	3	3	1	3	4	1	1	0	4	6	1	2	2	1	6	5	0	2	3	5	0	2	3	2	3	3	4	4
PD45532a_lo0019	8	5	0	5	10	2	2	7	2	3	2	6	8	3	0	7	7	3	0	7	5	1	1	6	2	1	2	3	4	5	3	9	13	8	41	6	15	8	15	18	9	15	17	11	9	10	13	11	5	4	7	6	5	6	4	5	3	3	3	1	10	3	1	4	11	5	15	19	7	3	5	5	5	5	5	9	3	3	2	11	7	1	7	8	3	4	6	8	2	3	1	6	6	4	2	12
PD45532a_lo0020	11	10	2	6	14	7	0	2	9	7	4	2	8	11	4	12	4	1	2	4	2	6	1	4	1	1	1	4	9	2	2	9	19	15	26	6	15	7	20	18	8	4	24	13	10	11	6	8	9	3	6	9	3	5	7	7	4	1	3	3	9	2	2	4	15	4	14	22	7	4	5	6	6	3	7	6	6	4	2	12	7	5	6	7	4	5	5	3	1	2	3	1	10	4	3	10
PD45532a_lo0022	10	6	0	1	10	8	1	9	4	4	2	4	14	6	1	10	5	1	2	6	3	2	2	7	1	2	0	6	9	7	4	13	21	12	29	9	15	6	17	14	9	9	11	9	10	10	9	13	3	8	7	5	4	3	7	5	4	4	3	2	5	4	1	8	11	7	10	11	4	6	8	8	4	3	5	8	8	2	3	6	5	3	7	4	3	1	5	5	3	2	3	2	2	4	7	7
PD45532a_lo0024	8	6	1	4	5	4	1	3	10	1	1	1	7	3	3	5	4	2	0	3	1	2	0	6	2	1	2	2	4	3	6	9	9	7	35	6	6	4	17	13	10	8	23	11	6	9	11	10	1	4	3	3	2	2	1	4	5	0	2	1	9	1	2	3	12	3	18	14	5	0	6	3	8	2	3	8	5	2	3	7	5	2	7	4	0	0	4	9	3	2	7	4	6	2	4	10
PD45532a_lo0025	10	3	0	6	4	5	2	10	7	4	1	4	8	7	2	6	3	2	4	8	6	7	2	6	1	0	1	6	6	6	1	5	18	5	27	8	11	11	14	9	12	9	14	9	8	7	16	13	6	3	4	11	2	6	7	2	0	0	2	3	10	4	3	3	13	4	10	17	4	5	5	4	13	8	6	3	3	2	1	8	7	3	11	8	2	4	6	7	2	0	1	3	12	3	6	12
PD45532a_lo0026	10	8	2	10	16	4	2	7	6	7	1	3	22	12	2	15	7	6	1	4	7	2	2	6	2	3	0	5	8	3	2	10	18	11	33	12	22	17	17	21	16	16	18	9	13	17	13	12	5	6	6	12	6	11	6	2	2	2	8	3	8	2	6	4	21	10	19	24	5	3	6	8	5	6	9	15	12	6	4	16	10	6	12	12	2	7	7	13	3	1	1	3	10	3	11	16
PD45532a_lo0028	9	7	3	0	16	11	1	5	9	6	2	5	11	14	1	14	3	4	2	5	4	2	0	4	3	3	0	6	6	5	2	10	19	10	22	11	14	9	17	13	4	11	17	11	19	13	19	9	4	8	12	9	4	4	8	3	1	2	2	6	10	4	3	9	8	1	15	12	5	6	6	4	12	2	2	6	4	7	4	10	8	3	8	5	1	5	9	5	4	3	5	3	17	7	10	28
PD45532a_lo0029	12	12	1	8	13	3	3	3	6	9	1	9	4	6	3	18	6	3	0	12	3	5	1	5	4	3	1	2	6	3	1	15	16	11	44	16	12	12	20	32	15	16	24	12	14	10	22	12	2	0	7	8	3	6	10	7	3	4	4	7	9	3	2	3	29	7	20	25	10	6	10	8	11	3	4	19	6	7	2	15	2	4	3	7	1	6	4	6	1	2	4	6	4	6	5	15
PD45532a_lo0030	7	9	0	6	8	5	0	4	1	4	5	2	6	2	1	16	1	1	1	4	1	3	0	0	2	2	1	2	5	2	2	10	16	6	26	3	14	5	21	8	4	2	15	5	6	7	9	7	1	0	7	4	3	3	6	3	3	3	3	1	1	2	2	3	10	5	10	12	3	4	2	4	2	1	4	6	7	3	1	2	3	2	4	6	0	3	3	8	2	0	3	4	3	4	2	7
PD45532a_lo0032	15	13	2	4	20	3	3	8	8	5	2	3	16	12	3	13	6	2	0	13	4	1	2	5	5	6	0	2	6	6	2	16	22	11	33	13	10	13	18	20	9	12	21	10	19	11	15	14	7	9	15	12	5	7	7	3	2	2	3	8	6	4	4	11	11	2	18	24	6	2	9	6	8	4	5	13	8	6	6	11	14	5	10	10	3	4	10	11	4	4	4	2	11	7	6	15
PD45532a_lo0033	11	5	0	8	11	6	1	7	10	3	2	5	13	10	0	17	13	3	0	6	6	6	2	6	4	4	1	4	26	11	2	42	26	6	57	17	16	9	32	24	8	10	30	16	38	19	18	22	3	2	2	8	2	7	7	5	6	2	2	5	16	4	3	5	27	5	24	30	8	4	9	8	12	1	4	9	12	5	4	6	8	2	9	10	2	3	4	10	5	2	6	6	4	3	8	12
PD45532a_lo0034	13	12	0	8	18	6	2	9	10	5	0	2	7	4	0	8	18	4	1	6	8	7	1	9	5	2	1	7	7	8	2	14	32	11	65	16	17	13	42	32	7	17	39	14	10	13	14	12	4	5	8	4	3	8	10	1	6	2	3	5	16	4	2	9	28	5	29	33	10	7	7	7	15	1	4	8	12	4	6	7	13	2	9	12	2	2	9	15	4	3	8	7	7	2	8	12
PD45532a_lo0035	7	2	1	10	17	11	1	4	9	3	1	3	9	8	1	3	7	1	0	7	2	3	1	3	2	1	1	4	6	6	1	10	15	2	35	7	9	10	25	15	4	10	23	16	7	9	14	7	2	1	3	10	2	4	9	3	4	1	2	1	12	2	1	3	17	2	23	18	4	4	4	3	4	1	6	2	9	5	3	2	3	2	4	2	2	2	3	3	2	2	3	4	2	1	5	9
PD45532a_lo0036	10	7	0	6	6	5	2	9	6	3	0	2	7	5	2	9	13	1	1	6	6	5	2	5	2	2	0	2	14	4	1	8	20	12	33	12	15	11	29	17	8	12	19	9	14	12	16	15	7	6	4	7	4	6	5	4	2	2	6	3	9	1	2	4	14	3	14	19	6	2	8	9	5	3	3	11	6	4	2	8	6	6	5	8	2	7	7	9	4	1	3	4	8	3	3	11
PD45532a_lo0038	5	3	1	4	8	8	1	3	7	1	0	6	20	15	2	3	1	2	2	3	4	0	1	5	4	1	2	1	67	14	3	81	5	5	24	4	9	7	9	11	5	7	16	4	55	15	10	23	2	7	2	6	0	4	5	5	1	0	1	4	6	4	0	1	8	2	4	8	2	1	1	5	4	0	3	3	4	2	1	4	1	0	3	4	3	0	2	4	1	1	1	0	2	1	1	6
PD45532a_lo0039	5	0	1	3	4	0	2	4	4	3	0	2	5	8	2	4	2	1	1	2	3	1	0	3	1	0	0	2	3	2	1	2	4	3	21	3	3	7	7	7	3	0	7	3	2	1	8	5	2	0	1	3	0	7	3	1	0	0	4	1	5	0	0	0	5	1	6	7	5	0	2	1	4	1	1	2	4	3	0	5	2	2	9	9	0	2	3	10	2	0	3	1	5	3	4	6
PD45532a_lo0040	6	3	0	5	9	3	1	4	8	5	1	5	8	5	1	7	7	3	1	4	2	4	1	3	2	1	2	2	0	5	5	5	12	8	24	12	5	10	24	9	3	11	19	12	6	9	12	11	3	2	8	3	3	7	5	3	2	0	2	1	6	3	1	2	14	4	7	10	3	5	1	3	4	1	3	6	1	3	3	5	9	0	13	3	0	1	10	9	4	2	4	2	8	1	9	10
PD45532a_lo0041	5	2	1	3	10	1	1	3	5	3	0	3	10	7	2	7	7	1	0	4	4	2	1	4	1	2	2	1	1	4	4	1	11	5	24	8	3	11	23	9	4	9	15	9	7	11	12	9	4	4	4	7	1	3	4	4	2	0	1	3	6	1	2	2	11	4	5	7	0	7	1	2	3	1	3	5	1	4	2	4	1	0	4	2	0	0	5	6	2	1	2	3	2	3	3	5
PD45532a_lo0046	8	3	3	4	7	3	1	4	9	1	1	2	11	8	1	9	6	3	0	4	2	4	0	4	3	1	1	2	14	3	5	13	11	7	36	8	8	8	14	10	6	5	17	9	9	6	15	8	2	2	2	6	3	2	1	4	5	0	1	2	5	2	1	4	11	3	16	17	4	0	3	4	4	2	3	8	6	2	2	6	7	2	2	3	1	0	3	3	4	1	7	5	6	4	6	6
PD45532a_lo0047	4	0	1	1	11	1	2	0	1	1	1	1	3	10	1	8	1	0	1	1	2	0	0	0	0	0	0	0	5	1	0	3	2	1	13	1	3	3	8	6	4	3	6	4	1	1	6	2	1	1	1	5	1	3	2	1	0	0	1	1	6	1	1	1	3	1	3	5	2	1	1	2	2	0	2	1	0	2	0	2	3	2	9	3	0	0	2	2	2	0	2	2	7	1	5	2
PD45532a_lo0048	1	2	1	0	9	3	1	3	1	2	0	2	6	4	1	3	3	1	0	1	5	1	1	0	1	0	0	1	2	2	3	2	4	3	23	3	2	10	11	10	3	4	15	6	2	2	5	5	0	1	2	6	0	4	6	0	1	0	3	0	6	0	0	1	5	3	5	8	2	2	4	3	4	1	3	4	5	2	0	1	6	3	3	3	1	0	4	4	1	1	3	3	3	0	2	4
PD45532a_lo0049	12	4	0	8	7	10	1	5	6	5	0	4	9	5	2	6	6	1	0	6	7	9	1	8	3	1	3	2	6	7	4	16	30	14	59	16	14	11	26	17	11	10	27	16	19	9	29	16	5	8	8	8	7	3	12	6	4	3	1	2	5	3	4	6	28	7	18	18	8	6	6	13	4	5	6	14	9	5	3	6	3	0	11	7	2	4	1	6	4	2	2	3	6	5	5	13
PD45532a_lo0050	11	3	1	0	11	3	2	9	5	5	1	5	13	7	1	10	6	4	0	4	1	3	1	6	1	4	2	1	4	8	4	9	20	9	37	17	13	7	20	13	9	4	14	16	13	11	14	9	7	4	7	5	3	8	5	5	2	2	1	3	12	4	2	4	16	3	8	9	5	6	5	6	6	5	6	6	5	4	3	11	6	1	3	12	1	1	2	9	3	3	4	2	3	4	7	7
PD45532a_lo0051	14	2	1	3	7	2	0	14	7	5	3	3	8	8	2	7	3	2	0	6	3	4	1	3	2	5	2	0	1	5	3	7	13	13	43	14	15	10	14	17	6	6	22	21	8	10	18	7	4	3	6	8	3	3	6	4	3	2	3	1	7	4	1	3	16	5	5	16	4	1	8	6	9	6	6	11	5	1	0	7	8	2	6	8	3	2	5	3	3	1	1	2	6	3	1	8
PD45532a_lo0053	5	3	0	6	12	5	0	8	8	2	0	7	7	5	2	9	2	1	0	3	4	4	1	3	1	1	1	2	7	6	3	6	9	4	32	3	11	10	14	7	7	9	15	7	7	7	13	4	3	1	4	9	3	5	8	1	2	3	2	3	8	1	2	2	9	4	5	7	3	0	5	4	3	2	2	3	5	8	3	6	0	0	3	2	0	0	3	5	1	2	2	5	1	4	3	3
PD45532a_lo0054	4	2	0	7	13	4	2	5	4	2	0	8	10	9	1	5	7	2	0	3	4	6	0	4	1	1	1	1	6	4	3	7	8	4	26	7	5	8	14	12	7	3	21	7	9	12	11	4	2	3	5	6	3	4	5	4	4	2	2	1	2	3	1	5	17	6	5	8	3	2	6	6	3	4	2	6	4	5	1	3	3	1	1	7	2	2	2	8	2	3	2	2	5	3	8	8
PD45532a_lo0055	6	4	0	3	10	5	2	6	0	4	1	4	7	4	2	8	4	1	1	4	2	3	3	9	0	1	1	2	6	8	2	6	4	10	26	5	9	6	13	6	5	4	19	10	4	6	8	8	4	2	4	5	2	3	6	1	4	0	2	0	4	2	3	4	5	1	6	9	1	0	3	2	7	3	1	6	2	2	3	4	3	1	1	2	1	0	2	7	1	0	2	7	1	2	0	7
PD45532a_lo0057	7	7	3	3	11	7	4	6	7	4	1	5	6	9	2	5	9	1	1	8	3	4	2	9	4	1	0	3	2	8	2	6	19	16	38	13	12	13	12	22	11	13	16	10	6	14	14	9	7	4	5	8	4	2	3	1	5	1	3	2	8	1	0	8	17	3	17	24	8	5	7	6	8	5	3	16	11	5	2	10	5	6	0	6	0	3	5	10	4	3	1	5	3	3	3	9
