"PD42769a_CD20_1" "PD42769a_CD20_2" "PD42769a_CD20_3" "PD42769a_CD20_8" "PD42769a_lo0049" "PD42769a_lo0051" "PD42769a_lo0052" "PD42769a_lo0056" "PD42769a_lo0057" "PD42769a_lo0058" "PD42769a_lo0061" "PD42769a_lo0062" "PD42769a_lo0063" "PD42769a_lo0073" "PD42769a_lo0074"
"1_100950550_G_A" 15 27 17 13 15 23 13 11 15 24 6 28 19 22 17
"1_102076285_T_C" 9 20 7 24 25 25 21 13 23 14 9 36 26 18 13
"1_102305575_G_T" 14 21 19 18 21 43 21 14 24 15 11 34 10 16 9
"1_102499020_A_G" 9 22 16 14 16 26 20 13 22 17 12 31 33 23 14
"1_104384582_C_G" 15 28 18 13 26 26 15 10 22 18 16 27 19 15 18
"1_104740854_G_T" 10 16 14 21 16 35 21 11 29 18 13 25 18 16 17
"1_105105361_T_C" 5 22 13 13 16 23 20 14 17 26 10 20 28 13 14
"1_105393840_G_C" 4 20 18 23 24 42 21 9 19 15 12 30 24 21 16
"1_105577281_T_A" 7 19 16 18 17 19 20 8 27 14 7 27 22 18 16
"1_106019091_C_T" 16 14 17 9 22 40 18 13 26 16 11 31 19 21 9
"1_106350696_T_G" 11 29 20 9 26 26 14 12 23 15 6 39 22 19 18
"1_107600413_A_G" 4 29 13 22 22 33 22 10 21 18 13 26 15 13 19
"1_109828601_G_T" 16 34 28 25 28 33 8 16 20 22 15 34 14 11 14
"1_111283723_A_C" 22 41 28 26 18 27 19 11 26 17 13 24 22 35 12
"1_112575355_C_T" 9 40 18 28 21 26 11 12 22 16 14 26 15 20 15
"1_112976775_T_G" 21 34 21 23 9 27 20 15 13 8 8 15 10 22 24
"1_114429529_T_G" 7 18 14 16 7 13 7 5 8 7 4 14 6 8 6
"1_114843586_T_A" 12 39 22 33 22 23 22 4 23 24 8 29 18 14 18
"1_116552161_G_C" 18 43 17 29 23 23 17 8 17 15 15 24 23 23 18
"1_116820799_G_T" 8 25 17 24 26 24 24 9 14 22 16 27 24 26 18
"1_119177818_T_C" 10 20 14 16 15 21 19 6 11 12 10 18 22 29 14
"1_119184441_G_A" 18 29 16 26 15 35 25 5 15 14 8 19 12 25 13
"1_119860018_G_A" 12 32 21 30 20 28 25 9 16 14 10 23 16 22 10
"1_121477447_A_T" 12 16 14 12 14 9 14 9 10 7 4 14 9 13 2
"1_14473815_A_C" 17 29 25 44 23 20 27 15 24 18 7 28 16 17 13
"1_14692901_T_C" 12 38 15 24 24 29 12 11 17 13 10 25 19 18 14
"1_147242961_G_T" 9 38 25 21 19 31 23 10 16 26 8 20 21 8 14
"1_149733696_T_C" 6 19 19 24 4 27 13 7 10 8 8 11 11 11 4
"1_14981510_G_T" 20 43 30 29 19 29 17 8 30 15 6 22 21 16 10
"1_150869210_T_C" 14 46 14 44 15 27 18 9 20 15 5 36 16 13 9
"1_150898250_G_A" 16 41 23 39 15 28 12 6 12 23 6 19 24 19 11
"1_151652725_C_T" 10 31 23 17 14 31 26 10 16 19 10 22 8 13 18
"1_152485254_C_A" 20 33 23 20 16 31 25 8 19 10 8 20 20 25 10
"1_1526330_A_T" 17 35 20 39 26 30 21 4 19 12 8 27 18 17 9
"1_155325421_C_A" 15 32 18 28 29 38 20 7 22 20 10 25 17 12 12
"1_156479418_G_A" 19 50 26 33 22 31 17 7 21 12 8 17 16 13 19
"1_157644393_G_C" 14 48 27 42 25 30 17 12 21 26 9 19 23 29 18
"1_15765570_C_A" 14 52 22 37 17 31 22 11 18 10 14 20 19 11 9
"1_158071609_T_C" 16 41 16 24 20 26 19 3 14 12 8 20 18 16 9
"1_158795084_C_G" 10 40 18 18 12 37 18 10 30 20 7 27 16 13 11
"1_159873612_T_G" 19 41 19 36 19 26 14 13 19 24 13 21 20 19 14
"1_16029386_T_A" 15 32 23 33 16 29 20 15 14 18 8 21 18 19 19
"1_161093605_C_T" 14 44 14 24 23 22 11 8 24 22 13 22 17 13 13
"1_161679642_A_G" 14 46 30 30 26 25 16 8 15 20 9 35 15 22 12
"1_163919909_A_T" 11 33 20 22 22 36 17 12 21 17 17 29 18 22 8
"1_164237438_T_A" 12 25 29 21 16 27 22 12 22 12 6 33 21 22 15
"1_165431373_A_T" 15 25 15 31 18 24 27 7 19 13 9 27 15 18 13
"1_165701962_G_T" 14 28 17 28 31 21 20 15 16 17 13 22 15 12 12
"1_165750425_A_T" 16 36 22 25 16 28 14 6 24 15 12 28 11 21 13
"1_166155993_C_T" 16 37 19 29 21 29 20 12 22 17 8 29 21 19 19
"1_169710567_G_C" 16 38 10 25 26 24 18 10 20 19 12 20 20 21 10
"1_170317289_G_C" 6 27 25 21 17 32 18 11 18 17 7 20 20 26 12
"1_170470361_G_A" 17 27 14 21 25 35 23 13 24 20 13 25 17 22 15
"1_170962866_A_C" 18 29 14 21 14 38 22 8 27 23 12 36 15 21 23
"1_174557748_A_C" 10 26 19 24 21 26 21 16 14 14 6 23 11 18 19
"1_175021518_T_A" 10 32 14 34 13 37 17 15 20 14 12 21 14 18 23
"1_175803095_A_T" 5 30 20 25 20 30 11 10 23 17 19 25 18 13 22
"1_175909524_T_C" 16 23 29 21 24 29 22 9 28 16 11 25 34 18 14
"1_175966415_C_A" 17 29 11 12 18 30 22 9 26 19 6 19 19 20 11
"1_176223344_T_C" 22 28 19 25 18 28 17 8 21 19 10 40 21 29 14
"1_177128336_C_G" 14 22 18 12 13 26 16 9 17 15 3 24 14 15 9
"1_181106979_G_T" 14 38 21 18 21 26 28 8 10 19 6 27 19 14 9
"1_181143283_G_T" 13 32 19 36 23 21 23 10 25 20 6 21 17 16 9
"1_181314623_G_T" 13 27 11 27 10 24 19 9 19 13 14 30 16 25 16
"1_181345712_G_A" 14 31 18 26 20 26 10 14 18 24 10 27 11 18 13
"1_18174612_G_A" 23 47 26 35 18 28 20 12 26 21 16 22 18 21 12
"1_181890187_G_A" 20 29 17 25 17 29 12 8 19 19 4 31 20 23 12
"1_183218742_G_T" 9 25 17 28 18 30 15 12 12 16 12 22 13 16 16
"1_183693351_G_A" 12 34 20 22 16 25 10 7 19 17 12 16 25 18 21
"1_18406835_C_T" 20 48 12 42 23 30 18 7 18 17 13 25 22 20 17
"1_185070480_T_C" 17 35 15 19 13 39 34 10 19 26 10 21 18 17 9
"1_185628987_C_T" 11 30 15 27 25 27 17 11 24 21 14 21 15 17 23
"1_186180354_T_G" 12 24 23 17 12 31 16 7 18 20 11 32 15 26 12
"1_187965118_C_T" 9 19 13 19 26 24 17 15 25 16 6 27 23 14 14
"1_188419138_A_G" 6 25 22 18 22 31 20 13 20 14 15 32 13 21 15
"1_188533091_T_C" 14 19 9 10 14 34 19 10 20 14 10 27 19 14 11
"1_189138184_T_A" 8 15 20 12 22 39 13 12 16 17 11 35 26 17 17
"1_189310984_C_T" 7 8 15 17 10 29 13 8 26 11 7 20 17 11 13
"1_189651801_T_G" 8 28 14 7 21 25 16 16 14 21 13 28 22 21 12
"1_189718408_T_G" 15 26 11 16 16 30 12 10 16 21 3 22 29 20 10
"1_190457868_A_C" 5 33 7 19 27 34 20 10 25 22 15 20 19 29 20
"1_190783239_G_C" 12 26 15 12 19 40 20 17 21 19 10 32 20 11 17
"1_191009785_C_T" 7 23 11 8 20 28 23 12 14 15 7 23 12 21 17
"1_191668406_C_T" 5 13 16 16 17 29 14 5 20 19 9 23 14 18 11
"1_192419232_T_G" 10 18 16 17 18 36 25 7 26 25 9 29 26 17 19
"1_192886566_C_T" 13 25 25 11 24 25 17 12 18 18 10 23 21 21 21
"1_193435770_G_A" 10 19 26 21 18 37 26 9 25 13 13 23 21 22 10
"1_194189383_G_T" 11 16 22 14 14 33 19 4 12 25 10 20 18 18 14
"1_194482463_G_C" 9 18 18 23 23 30 20 19 19 22 10 32 14 12 14
"1_195224596_T_A" 11 22 7 15 20 27 15 12 18 13 8 23 18 14 12
"1_195480387_G_A" 9 21 10 12 25 38 20 4 21 15 13 30 14 24 19
"1_196617359_A_T" 16 25 12 15 19 33 20 5 24 16 4 34 24 24 20
"1_197242133_T_G" 4 27 18 20 16 20 15 11 23 21 3 24 26 10 12
"1_198071369_A_T" 17 34 24 18 22 36 29 10 31 20 10 21 16 17 12
"1_199395854_A_G" 18 43 17 19 27 25 18 13 18 19 12 27 15 17 13
"1_199758024_T_G" 11 25 23 19 19 33 30 14 16 20 11 32 29 25 17
"1_200387975_G_T" 21 26 18 16 13 23 14 6 17 19 6 21 14 18 5
"1_201328640_G_A" 5 22 23 21 18 23 15 7 14 21 8 26 23 8 15
"1_20189456_C_T" 17 47 27 38 20 32 12 8 25 15 11 30 16 23 16
"1_202402251_T_A" 21 47 31 34 24 26 30 9 21 16 9 23 24 13 5
"1_202695767_T_G" 13 50 16 34 22 38 22 14 23 24 9 29 11 20 21
"1_203736403_C_T" 14 34 20 25 17 22 15 7 13 20 9 29 14 18 5
"1_206978950_G_T" 16 48 25 55 25 35 28 10 20 17 14 28 20 19 22
"1_207392162_T_A" 14 34 21 26 19 26 18 17 20 22 11 27 21 21 15
"1_208983235_C_G" 17 43 18 20 22 34 13 17 15 17 11 24 21 13 15
"1_208987701_A_C" 22 29 23 18 22 31 27 8 16 12 7 26 24 19 19
"1_209385901_C_G" 17 24 16 34 20 29 23 10 21 13 7 25 17 17 19
"1_209414075_T_G" 14 28 18 29 18 33 28 15 22 27 9 18 18 22 10
"1_20990032_G_A" 15 38 36 46 26 26 17 8 17 12 6 26 24 24 16
"1_21066009_G_C" 20 39 17 41 16 38 26 7 16 14 7 33 18 16 15
"1_211456871_T_G" 14 17 27 33 15 35 13 8 12 18 7 27 20 17 13
"1_212082518_G_A" 15 34 20 25 18 30 11 9 17 16 5 28 18 16 9
"1_212658543_A_C" 10 26 13 21 10 18 12 12 12 11 5 15 15 16 10
"1_213732159_G_A" 11 35 23 20 15 31 20 9 22 18 11 27 25 16 13
"1_214328124_G_T" 14 21 19 21 16 32 24 13 19 11 10 22 18 23 11
"1_214539990_G_T" 14 38 8 17 22 34 16 8 27 24 8 24 23 14 15
"1_214888050_T_C" 14 29 17 19 17 21 14 10 24 16 9 29 22 25 27
"1_215944731_G_A" 12 18 17 19 17 25 26 10 17 17 10 20 23 11 11
"1_216167746_G_T" 7 19 9 19 23 27 22 12 16 24 12 23 30 16 14
"1_216649189_C_T" 8 8 16 17 20 27 24 10 18 12 9 20 21 21 15
"1_217732334_T_G" 8 19 13 22 20 35 14 8 21 21 9 22 15 15 15
"1_218003476_T_A" 3 27 12 21 15 33 13 10 20 14 9 21 27 17 19
"1_218884882_C_T" 10 24 10 11 20 30 25 16 20 16 7 29 22 21 15
"1_22014766_C_G" 19 41 20 37 14 25 18 12 16 14 11 31 12 20 13
"1_221538482_A_T" 13 41 14 19 12 30 18 13 18 20 10 21 23 20 11
"1_222261376_A_C" 16 26 13 24 13 24 22 10 14 17 10 30 22 14 17
"1_222875933_C_T" 15 34 19 21 22 26 14 8 15 24 10 27 19 17 12
"1_224311654_C_A" 10 13 7 20 17 21 9 9 17 12 7 12 9 9 9
"1_224817599_T_G" 9 28 13 28 27 26 24 4 29 15 8 27 15 16 13
"1_225252766_A_C" 27 28 24 21 21 31 23 10 22 17 17 34 28 20 24
"1_226340284_G_C" 16 43 20 28 20 29 12 10 19 19 13 26 17 22 19
"1_226373672_A_T" 15 30 31 24 20 25 18 8 24 16 5 22 23 21 9
"1_226723533_A_C" 14 25 18 34 18 29 18 6 23 12 7 27 16 15 14
"1_227492578_T_G" 16 23 21 25 24 38 18 10 11 14 11 24 13 18 20
"1_227668687_G_A" 21 32 27 24 21 25 21 15 23 15 10 25 16 18 13
"1_227746128_G_A" 14 32 11 19 20 25 12 10 23 22 8 20 17 20 15
"1_228191034_C_T" 21 39 18 30 16 22 20 10 16 20 6 37 26 15 16
"1_228832325_G_T" 14 33 32 27 28 25 15 11 24 15 5 30 17 17 20
"1_23054546_C_A" 21 54 21 42 24 19 22 15 20 15 17 29 14 19 20
"1_231216028_T_G" 14 44 14 20 19 25 22 15 14 19 7 26 8 22 21
"1_231912791_T_G" 9 32 18 23 24 31 14 9 17 18 9 23 13 15 17
"1_232243842_G_A" 23 26 21 29 22 23 15 8 20 10 10 25 20 19 15
"1_232459772_A_C" 15 30 25 22 6 36 21 10 19 15 7 22 28 20 9
"1_234183059_C_A" 15 36 14 18 17 23 15 9 24 25 9 20 19 16 16
"1_235146397_A_C" 16 32 19 38 13 30 11 10 15 15 14 25 9 14 15
"1_235152342_C_A" 10 33 14 32 10 37 19 9 19 17 14 26 21 15 11
"1_236088165_T_G" 13 16 11 14 9 20 7 7 6 7 4 12 3 8 2
"1_23644662_A_T" 15 34 18 25 9 24 17 11 18 16 7 21 18 23 14
"1_23821205_T_A" 17 36 19 35 18 31 14 12 19 17 13 28 17 15 16
"1_239775581_A_C" 14 23 21 19 27 35 23 14 25 16 8 32 15 12 12
"1_240098434_T_C" 10 21 15 11 25 31 18 14 18 21 8 25 20 26 24
"1_240203055_A_C" 11 19 14 24 15 29 21 11 26 25 11 27 17 16 16
"1_240248936_G_A" 13 19 9 21 22 30 16 6 22 17 7 20 14 9 14
"1_242019968_A_T" 7 35 21 24 30 35 16 13 22 10 15 36 12 18 22
"1_242650352_G_A" 12 19 16 13 18 30 6 5 18 20 11 30 21 26 10
"1_243225329_C_A" 10 21 12 13 13 11 13 7 8 13 5 12 7 12 11
"1_243827841_A_C" 15 25 17 22 18 31 10 11 15 15 10 32 16 13 10
"1_244734087_A_C" 17 27 17 22 18 25 10 4 19 18 10 27 19 14 14
"1_245576575_T_G" 15 26 20 15 19 38 12 17 24 15 8 23 23 20 19
"1_248269763_A_G" 21 34 13 23 23 32 22 10 24 22 19 34 24 25 9
"1_248496455_T_C" 14 35 21 24 20 44 19 22 17 23 11 31 34 15 11
"1_25245819_C_T" 7 51 23 37 20 35 20 7 22 19 8 24 9 15 16
"1_29170450_G_T" 9 39 24 33 22 26 16 12 14 24 9 15 16 26 19
"1_29400997_T_G" 20 30 28 44 17 30 19 7 19 17 4 25 19 20 24
"1_3276419_G_C" 21 38 21 43 18 29 17 9 23 25 8 23 12 20 26
"1_33657424_A_C" 21 44 23 32 18 34 16 11 17 19 13 25 15 23 18
"1_34200848_T_C" 22 45 24 37 24 32 15 14 22 18 15 28 20 26 11
"1_34706610_A_G" 16 37 24 36 21 39 17 14 25 25 11 27 20 24 10
"1_35757355_C_T" 13 36 17 23 17 28 24 15 19 28 7 31 25 12 15
"1_36086047_A_C" 10 32 23 33 10 19 9 11 17 16 9 19 17 13 15
"1_39516520_G_T" 17 47 22 40 27 36 13 12 25 12 9 23 14 14 12
"1_4072560_C_A" 20 41 26 31 16 30 22 11 23 20 12 17 12 19 26
"1_42853566_G_C" 22 37 26 26 20 29 20 11 13 27 11 23 21 15 20
"1_4308109_T_A" 18 40 27 25 18 31 15 13 17 21 12 28 27 30 15
"1_43370420_C_G" 19 28 20 34 17 34 19 9 15 17 9 21 12 11 14
"1_44583654_T_C" 8 33 24 44 16 32 16 11 21 16 6 26 15 21 12
"1_45185752_C_T" 16 50 27 42 25 25 21 9 13 15 6 27 21 22 11
"1_45192715_G_T" 9 52 35 30 20 27 21 7 19 18 11 28 22 18 17
"1_45736249_C_A" 14 40 18 39 23 47 21 13 23 7 10 33 25 19 18
"1_46537098_T_G" 9 15 16 12 5 11 9 7 8 12 2 9 6 12 4
"1_47147315_G_T" 23 31 27 26 21 29 15 8 17 17 17 26 12 28 15
"1_47557171_A_G" 3 22 9 24 9 16 17 5 7 8 5 14 12 15 7
"1_48570996_C_A" 11 33 24 29 25 32 19 10 13 21 11 20 17 19 10
"1_48646727_C_T" 14 27 31 24 19 28 21 13 27 15 13 15 17 20 13
"1_5083530_C_T" 19 44 18 29 15 26 14 10 22 9 16 24 22 14 23
"1_5361740_C_T" 21 32 18 41 21 33 13 17 10 17 5 31 23 26 22
"1_53618396_T_G" 22 37 26 33 19 36 17 14 21 18 9 28 23 22 17
"1_5439754_C_T" 18 45 25 38 22 26 15 11 22 15 12 27 18 24 14
"1_54437773_A_T" 19 46 19 37 21 34 20 11 17 19 6 29 14 23 26
"1_55155504_G_A" 14 30 22 34 17 27 17 8 14 20 8 30 19 15 13
"1_55597418_T_G" 17 34 24 34 21 43 23 11 22 19 12 30 17 18 9
"1_56652036_C_A" 23 27 14 20 15 22 11 10 19 11 6 23 17 17 18
"1_5750779_G_A" 21 53 20 26 22 34 13 5 10 15 14 33 13 11 25
"1_58252325_A_G" 19 20 30 27 22 34 12 14 22 11 10 27 23 12 14
"1_58381599_G_T" 12 31 22 22 21 29 21 11 21 21 11 30 25 17 11
"1_59398117_A_T" 13 34 24 29 17 41 20 15 19 16 11 27 21 24 11
"1_59402611_T_C" 22 34 18 23 13 28 23 10 22 16 12 31 14 23 14
"1_62706961_A_C" 8 35 17 22 10 28 12 12 11 20 9 13 6 12 9
"1_63846247_A_G" 17 33 24 28 25 21 8 9 18 17 6 27 10 24 16
"1_64987178_A_T" 13 36 12 22 12 26 20 14 30 20 9 23 17 17 15
"1_67077297_T_G" 6 35 15 19 14 30 15 11 20 23 7 26 23 16 15
"1_67649301_A_G" 16 37 21 22 22 43 16 12 20 15 10 17 12 20 16
"1_69281917_T_G" 7 27 14 15 12 26 19 11 27 17 12 30 17 17 18
"1_69647589_T_G" 16 12 20 15 16 30 21 5 18 26 12 21 27 22 12
"1_69661836_G_A" 16 25 22 25 24 28 17 8 24 18 14 31 22 19 17
"1_70003816_G_C" 7 29 9 27 21 37 26 15 16 18 9 27 23 21 16
"1_70042723_T_G" 8 27 15 17 16 27 17 12 24 17 11 26 15 16 18
"1_71304159_C_A" 11 23 26 21 21 31 25 16 22 16 11 26 26 16 11
"1_72680478_A_T" 12 18 17 15 22 25 26 13 24 14 7 39 27 20 12
"1_72776782_T_C" 7 5 9 13 14 12 12 6 10 8 2 15 12 10 3
"1_72955533_T_G" 9 22 20 12 21 20 24 12 16 22 6 31 17 16 16
"1_7475996_C_G" 21 39 16 34 22 27 19 8 19 13 9 29 9 19 18
"1_78939949_A_G" 8 28 15 11 23 25 28 6 21 18 8 20 22 17 10
"1_80026492_G_A" 8 23 10 18 25 30 15 7 22 11 14 25 17 28 17
"1_80292601_C_T" 8 25 17 18 18 29 19 8 17 24 11 22 15 20 12
"1_80641635_T_G" 16 20 9 22 24 27 23 13 17 16 8 18 22 23 11
"1_80730829_A_C" 8 25 14 20 21 40 16 13 21 19 5 22 19 26 11
"1_80832386_T_C" 9 18 13 12 15 31 16 12 24 19 6 29 21 17 16
"1_80845927_G_T" 10 21 18 15 24 22 19 12 17 9 8 23 18 22 17
"1_83813474_A_T" 19 22 14 15 18 27 19 9 13 12 2 26 16 18 15
"1_85089586_T_A" 7 29 11 13 18 29 21 7 19 12 18 28 18 27 16
"1_85174397_C_A" 13 27 11 27 26 26 18 9 26 18 6 17 11 15 13
"1_85394858_T_C" 16 23 10 25 20 21 26 6 25 17 6 21 15 19 13
"1_86099402_G_A" 6 28 15 16 25 33 23 8 13 15 13 31 22 20 7
"1_86532045_C_T" 18 27 12 10 20 26 15 12 16 23 9 22 19 21 9
"1_87033685_G_A" 15 16 13 24 20 29 21 10 18 21 8 25 15 22 15
"1_92347034_G_C" 15 25 19 21 19 33 21 12 22 20 7 20 18 14 17
"1_92437919_C_T" 17 23 12 21 16 26 18 8 16 14 9 31 21 23 9
"1_9530045_C_A" 19 30 29 34 21 26 18 9 17 12 5 20 18 15 17
"1_96408074_C_G" 12 22 11 17 22 31 16 13 13 13 11 26 21 18 14
"1_98460223_A_C" 6 15 9 7 21 26 27 13 18 17 9 31 18 23 18
"1_99169815_A_C" 12 29 22 20 23 44 26 10 25 21 13 20 23 19 18
"10_10167871_C_T" 14 21 21 19 15 26 16 8 12 15 14 25 19 22 12
"10_102057213_C_A" 15 36 18 20 12 22 16 12 20 12 6 20 18 13 13
"10_10306679_A_C" 15 22 10 17 18 27 12 16 21 28 16 16 21 17 17
"10_105448218_G_C" 11 62 28 27 24 31 20 7 15 15 8 29 16 14 18
"10_106329571_A_G" 10 26 25 21 22 24 12 6 19 19 18 17 20 25 18
"10_10903480_G_T" 11 36 24 26 14 26 14 10 14 20 9 34 29 18 22
"10_109112751_G_T" 13 13 15 14 32 30 11 6 17 19 10 33 18 23 14
"10_109880024_T_A" 11 26 16 30 22 39 21 12 26 25 7 19 18 20 12
"10_111441720_T_C" 12 34 19 15 22 40 19 14 14 21 12 23 21 25 13
"10_11313225_T_G" 14 38 16 34 22 25 17 7 18 20 7 28 22 20 13
"10_113595767_C_A" 18 24 15 16 16 18 12 9 15 16 9 21 16 15 10
"10_114519026_T_G" 11 39 22 15 16 29 14 6 19 17 7 13 23 14 17
"10_11455791_T_G" 10 42 19 25 22 31 11 10 19 20 8 23 24 22 15
"10_11466005_T_C" 18 34 26 27 20 34 18 10 17 12 8 27 22 20 11
"10_114969916_C_T" 17 35 30 33 21 24 17 18 14 13 14 27 19 24 20
"10_115848630_G_A" 12 23 12 26 26 37 15 8 14 17 14 24 22 25 9
"10_11801263_G_T" 11 29 20 29 15 25 14 8 19 7 7 20 17 15 9
"10_118535598_C_T" 12 29 18 23 23 33 20 7 21 10 12 15 23 23 15
"10_120274345_A_G" 10 37 18 24 21 27 24 9 15 14 10 22 16 20 18
"10_122241854_C_A" 14 39 16 27 16 27 15 9 17 19 11 26 20 25 13
"10_122568663_C_G" 10 35 25 33 14 28 18 12 20 20 14 20 14 13 8
"10_122853627_T_G" 10 36 14 17 13 24 16 10 18 12 9 26 16 13 16
"10_123369340_A_C" 17 30 22 22 18 26 16 8 13 12 8 28 19 18 7
"10_123381295_C_T" 7 28 13 22 14 24 25 9 17 24 9 20 24 14 10
"10_124598354_T_A" 13 41 19 20 14 23 17 8 20 18 6 29 14 19 14
"10_125548118_C_A" 14 25 7 35 19 21 25 9 11 15 6 22 10 24 13
"10_127006471_T_A" 23 33 22 24 15 41 13 6 21 10 8 29 23 12 14
"10_128426754_G_T" 11 28 12 22 12 18 25 10 19 20 9 27 21 12 16
"10_129099154_A_G" 11 26 17 21 19 28 16 5 20 15 17 20 8 18 13
"10_130469503_C_G" 17 32 20 22 17 31 16 16 24 13 12 19 13 23 20
"10_130497297_A_G" 17 32 20 29 18 23 22 8 22 8 4 24 26 25 18
"10_132819989_T_G" 13 32 14 28 21 28 17 14 24 9 9 19 14 17 11
"10_133168017_G_A" 14 36 19 27 21 38 15 9 21 15 9 29 23 21 18
"10_133230863_C_A" 6 39 22 18 13 27 17 8 16 20 9 16 14 18 14
"10_133657009_C_T" 14 38 19 29 11 18 22 7 20 12 8 31 12 16 12
"10_133851425_T_G" 10 34 27 22 18 39 17 14 24 13 9 29 18 15 17
"10_13605301_A_G" 16 39 17 32 14 28 17 7 15 14 8 30 16 17 12
"10_1590233_C_A" 16 33 14 26 19 25 8 15 12 15 14 22 16 24 17
"10_16177818_T_G" 12 32 19 16 17 32 16 3 15 16 8 21 24 21 16
"10_16311818_C_G" 18 26 14 21 22 32 12 12 21 23 10 27 16 26 18
"10_20031792_A_C" 8 7 9 2 8 17 16 6 8 8 9 17 11 5 10
"10_20385323_A_C" 16 27 15 13 22 28 12 7 16 20 12 23 24 34 10
"10_21201246_G_A" 14 28 13 28 20 27 15 11 27 21 10 20 15 10 9
"10_22080174_T_C" 5 24 24 19 11 29 17 8 20 15 9 26 16 8 22
"10_23043781_G_A" 10 39 21 22 21 35 16 10 23 11 12 24 22 16 6
"10_23064566_G_C" 17 29 19 18 25 38 14 13 17 18 15 23 11 22 11
"10_23891868_C_T" 18 16 16 19 17 33 17 10 17 25 10 23 20 22 9
"10_24439521_A_T" 10 22 18 17 24 30 17 8 16 19 6 35 23 17 12
"10_2454587_T_G" 14 19 19 30 16 31 20 8 20 24 6 24 20 17 18
"10_24685764_G_T" 9 27 16 16 25 29 17 11 13 18 6 22 21 23 19
"10_25222049_C_T" 9 29 22 20 21 32 14 9 18 20 7 28 25 12 14
"10_2697801_G_T" 21 28 21 21 16 40 21 6 17 21 9 21 13 23 12
"10_27720721_T_C" 10 16 23 14 21 26 12 7 16 16 8 15 20 12 6
"10_28292984_T_G" 7 37 12 23 9 24 15 8 21 5 8 18 13 21 18
"10_31231670_A_T" 12 34 20 29 18 30 18 16 22 25 6 19 16 27 17
"10_31471878_T_C" 21 24 12 13 14 19 12 5 21 11 11 24 12 14 10
"10_3316588_G_C" 15 34 20 25 23 29 21 5 14 15 4 30 11 21 12
"10_33413499_A_T" 19 34 23 26 11 37 15 13 17 22 15 29 18 26 19
"10_33769748_C_A" 12 27 16 28 20 35 16 8 16 13 8 28 15 23 11
"10_34632053_T_A" 13 29 12 16 27 32 17 8 24 17 8 34 14 29 11
"10_34938123_A_C" 11 29 17 21 23 27 15 8 13 21 12 23 16 15 16
"10_36093277_G_C" 9 17 10 13 11 24 13 8 13 14 16 24 15 20 18
"10_36642262_A_C" 5 25 11 15 12 21 21 10 10 13 5 30 10 19 17
"10_36739725_A_T" 7 5 2 4 5 6 3 0 3 4 2 2 5 2 5
"10_37255742_C_G" 17 24 15 20 10 33 21 18 19 16 9 18 21 19 11
"10_43392525_G_A" 10 34 27 32 23 39 20 8 21 18 16 22 16 27 12
"10_43758148_C_T" 9 28 22 19 24 27 21 11 18 12 8 20 15 23 18
"10_43908285_G_T" 8 22 17 19 16 22 11 7 11 9 12 14 13 15 5
"10_44763690_C_T" 10 37 14 31 17 27 26 11 19 15 12 23 16 19 12
"10_44826791_T_G" 16 28 18 25 17 31 26 7 19 21 14 25 27 23 19
"10_45638209_G_A" 18 25 25 14 16 39 19 8 19 20 16 29 24 22 13
"10_49757204_T_A" 18 38 12 18 16 30 10 9 13 13 14 13 22 15 21
"10_50754185_C_G" 13 27 22 23 23 29 19 13 19 12 10 25 11 16 12
"10_50787467_G_A" 7 21 14 21 14 22 15 11 15 22 11 21 16 15 16
"10_50851975_G_T" 13 35 11 22 21 32 16 5 22 19 7 25 18 18 12
"10_51548393_A_C" 16 36 20 29 19 38 16 5 15 20 8 25 11 13 12
"10_52065121_A_G" 11 30 8 27 28 32 25 7 16 16 11 34 20 27 18
"10_53161982_T_G" 11 18 10 18 22 32 21 12 11 22 13 37 20 25 17
"10_53954994_T_G" 3 5 3 8 1 5 1 0 1 4 0 8 8 5 4
"10_54196735_A_C" 10 27 19 21 22 36 24 10 20 24 7 31 14 9 17
"10_54353180_A_C" 11 22 19 18 20 30 16 10 16 20 16 36 16 20 25
"10_55243605_A_C" 14 16 18 19 19 39 9 9 21 16 12 25 20 26 12
"10_55245965_A_C" 9 28 26 16 21 34 22 9 17 18 7 29 23 20 19
"10_56298311_T_G" 13 25 14 16 17 26 16 8 21 24 14 23 19 23 15
"10_56300500_A_T" 11 20 21 14 18 35 18 10 25 19 15 30 9 19 19
"10_56533395_C_T" 11 21 19 19 20 41 17 11 16 27 11 28 23 25 17
"10_56888422_G_T" 10 21 15 12 19 27 16 13 21 21 17 23 26 22 9
"10_56921863_A_G" 15 22 9 17 33 27 15 10 24 23 13 28 27 29 13
"10_57055090_A_C" 8 15 16 16 24 27 19 9 28 20 10 26 17 21 21
"10_57860084_T_A" 10 13 14 11 23 28 28 10 24 19 8 22 14 26 10
"10_58847113_G_A" 6 16 9 14 28 26 21 4 22 17 14 39 11 19 12
"10_59136625_T_A" 9 15 10 20 25 28 24 13 18 8 15 26 19 21 13
"10_59888322_T_A" 19 29 20 13 25 34 19 12 23 17 15 17 31 20 18
"10_6159648_G_T" 12 31 24 34 21 29 15 14 21 16 9 17 14 20 19
"10_65773291_A_T" 10 24 17 22 16 35 15 8 20 26 9 17 21 11 18
"10_67103811_A_T" 10 12 27 18 17 33 19 15 13 16 15 26 25 24 15
"10_67179243_T_G" 9 20 10 21 17 24 25 11 21 15 13 27 13 29 15
"10_67747155_A_G" 12 23 12 12 27 28 15 17 21 17 10 33 18 24 19
"10_68358035_A_G" 15 38 16 14 23 42 21 10 25 16 12 31 25 27 10
"10_68714508_C_T" 16 18 11 21 27 37 25 10 25 15 8 22 24 23 20
"10_69939062_T_C" 8 28 17 29 20 29 21 9 17 18 10 19 12 21 17
"10_70106921_A_T" 13 30 22 25 19 30 19 15 16 16 7 24 17 19 7
"10_70597191_A_C" 6 20 12 17 16 9 13 7 4 7 3 14 8 9 15
"10_70660743_C_A" 22 40 23 28 19 24 9 6 17 21 16 20 15 18 16
"10_71349355_G_C" 11 31 18 13 13 22 12 3 19 10 11 16 11 9 16
"10_71357659_A_G" 7 30 23 32 28 29 22 6 16 14 6 15 18 20 14
"10_71505445_T_G" 12 40 25 30 26 32 14 8 26 25 9 31 14 13 23
"10_72152304_A_C" 11 33 24 24 12 26 13 10 13 15 9 22 8 14 6
"10_72755652_C_G" 16 34 18 33 24 28 25 7 21 12 11 24 19 18 22
"10_73886919_T_G" 15 39 22 33 19 28 18 10 23 14 10 22 19 15 20
"10_74136241_A_T" 15 39 25 19 19 30 25 13 23 24 5 21 20 19 14
"10_74243887_G_T" 22 46 22 26 13 28 21 5 20 16 10 22 15 11 13
"10_76232792_G_T" 23 29 8 19 32 34 23 5 17 22 11 23 17 11 12
"10_76502580_A_G" 16 30 15 25 17 30 21 15 17 18 9 22 28 16 16
"10_76562073_C_G" 17 38 8 35 27 25 21 11 17 20 7 33 17 20 19
"10_78740996_T_A" 9 11 7 11 15 14 8 7 14 9 4 9 14 7 6
"10_787816_T_A" 13 35 26 42 20 37 20 9 21 21 13 25 17 27 16
"10_78895210_C_T" 20 31 27 24 26 36 20 11 20 23 14 21 18 23 11
"10_81261485_A_C" 12 31 21 22 22 22 13 6 16 18 8 25 16 11 26
"10_81686182_T_G" 20 30 13 21 26 18 16 13 13 14 3 32 19 19 11
"10_81779646_A_C" 15 32 10 25 18 16 13 10 19 23 8 20 16 19 10
"10_82428141_G_A" 10 40 21 28 17 30 17 13 13 14 12 22 20 13 12
"10_83342643_G_A" 12 15 16 16 15 32 22 13 26 22 7 32 16 15 13
"10_83951153_A_T" 11 16 14 18 23 30 19 7 24 15 7 21 19 23 9
"10_85246556_C_A" 9 32 11 19 22 32 22 12 24 18 14 28 19 27 18
"10_85269416_A_G" 8 17 13 20 20 26 18 4 16 15 7 19 26 18 15
"10_86888695_C_G" 14 21 18 20 25 38 24 11 23 23 6 28 23 10 15
"10_87761899_A_C" 13 28 23 29 13 28 21 14 21 12 8 23 26 20 14
"10_89422824_A_C" 7 7 7 9 9 8 6 3 7 5 4 16 7 5 6
"10_89665915_A_C" 10 34 17 33 34 31 23 8 17 17 8 34 19 14 22
"10_8983824_T_G" 13 19 15 20 17 17 24 10 29 15 10 23 26 28 10
"10_90891251_T_A" 11 36 14 24 19 27 18 14 16 18 9 27 28 25 15
"10_92339721_G_T" 14 27 11 27 23 32 23 10 19 16 10 32 8 24 12
"10_93136064_G_A" 12 31 23 21 18 35 20 9 17 23 12 32 19 16 18
"10_93649734_T_G" 13 27 16 22 16 28 19 6 16 20 12 22 12 11 12
"10_93931448_T_A" 20 32 18 23 19 42 23 12 12 13 3 27 15 20 9
"10_9783643_G_T" 12 26 17 12 22 34 25 6 13 25 3 25 20 23 15
"11_101085620_C_T" 11 19 11 23 22 28 20 11 23 22 15 22 22 24 13
"11_101121254_C_T" 23 15 10 22 20 24 12 9 24 16 8 25 18 24 13
"11_101988062_G_A" 11 31 15 19 23 27 14 8 18 13 11 21 14 19 15
"11_102857615_A_C" 15 26 8 13 13 15 17 10 12 15 12 24 16 15 9
"11_104145085_A_G" 8 20 10 11 19 47 16 13 28 18 12 25 27 19 23
"11_105814384_T_G" 10 23 19 10 20 29 25 5 21 13 16 19 28 20 15
"11_1074630_G_A" 13 43 18 20 17 17 15 3 22 9 10 22 15 19 18
"11_10774838_A_C" 19 23 25 24 23 25 24 10 25 35 8 25 23 23 29
"11_108966259_G_A" 16 31 19 17 20 40 23 10 23 22 14 32 16 22 16
"11_110881279_A_G" 13 29 19 12 18 28 17 9 22 17 6 29 15 17 15
"11_112076325_G_A" 16 30 15 24 19 24 14 12 20 16 13 35 19 28 16
"11_112210439_A_G" 10 30 25 22 17 33 12 13 24 11 9 22 24 11 14
"11_113172530_T_C" 18 24 10 25 21 29 22 8 19 16 8 13 13 21 19
"11_113376852_G_A" 15 28 18 26 19 25 21 10 24 8 13 23 21 14 14
"11_113638696_A_C" 11 43 19 21 17 33 11 14 17 15 6 23 18 16 14
"11_113666764_T_A" 6 13 12 10 13 17 12 5 13 9 10 11 10 9 11
"11_113924432_G_A" 8 26 21 28 17 35 22 9 20 14 6 25 25 20 13
"11_114161662_C_G" 8 33 23 27 13 21 21 13 13 25 9 29 24 19 18
"11_115913402_A_C" 8 42 21 28 21 34 19 10 20 9 12 29 17 29 11
"11_116283151_C_G" 11 25 24 26 22 38 16 10 24 18 11 20 14 19 17
"11_116489708_G_A" 14 29 23 36 21 21 17 16 21 13 9 27 26 20 17
"11_118927747_T_G" 22 38 17 34 12 14 9 5 10 7 1 12 16 14 12
"11_119047811_G_C" 10 43 14 25 18 26 22 6 26 19 14 19 11 17 13
"11_1215868_G_A" 14 51 12 38 20 31 22 5 22 15 7 26 10 14 13
"11_122710905_A_G" 16 42 16 37 22 30 18 4 17 13 9 26 18 19 18
"11_122856739_C_A" 24 33 24 25 27 28 18 12 24 18 12 26 20 20 16
"11_123630828_G_C" 7 23 20 22 19 23 10 6 14 23 9 17 16 16 12
"11_123803359_G_T" 19 33 19 23 18 41 22 9 27 17 18 23 15 13 27
"11_124418311_C_A" 18 31 20 23 14 27 21 12 21 8 9 27 12 12 17
"11_125117233_T_G" 14 30 13 26 20 32 14 12 12 18 7 18 18 22 15
"11_126178510_A_T" 18 38 13 36 18 32 16 8 17 14 10 28 18 16 13
"11_126362_C_T" 2 4 2 5 4 6 2 1 4 4 2 3 5 1 5
"11_126659734_G_A" 15 24 20 35 21 20 16 18 18 17 16 24 17 21 22
"11_127044554_T_G" 20 27 15 23 24 39 23 10 19 15 12 23 21 24 14
"11_12718438_G_C" 18 35 18 20 17 19 16 8 18 13 5 18 16 19 15
"11_129702121_C_A" 22 22 23 25 20 26 18 13 17 15 13 25 19 19 23
"11_129834045_G_C" 15 34 19 25 21 27 15 7 19 15 7 28 20 19 18
"11_130094158_T_C" 11 24 14 25 17 37 16 4 19 13 8 31 18 17 16
"11_131596652_G_T" 16 20 17 27 21 28 9 6 23 15 10 17 20 12 14
"11_131618178_C_T" 9 34 14 22 22 36 16 7 16 13 15 26 19 20 9
"11_132106511_G_T" 9 26 23 30 18 26 23 8 15 12 11 33 13 16 16
"11_132242644_T_A" 17 30 30 21 14 32 28 16 18 13 9 28 27 15 11
"11_134732842_A_T" 12 32 15 21 17 23 27 5 12 16 8 23 21 21 13
"11_14502194_T_G" 21 28 20 17 20 21 18 7 23 15 7 33 15 12 9
"11_15399520_G_A" 19 28 15 17 18 25 23 12 22 15 14 25 18 16 19
"11_15475935_A_T" 15 29 13 13 18 28 16 7 18 16 18 28 18 21 8
"11_15835239_A_C" 13 33 23 17 17 22 18 9 14 19 9 24 22 16 9
"11_1607655_G_A" 8 35 22 31 21 31 16 15 13 19 17 23 11 19 11
"11_16138327_A_C" 10 19 13 22 20 24 22 12 14 6 9 15 11 14 17
"11_19221229_T_C" 13 29 18 23 20 28 21 14 20 25 12 25 19 20 9
"11_21459655_C_A" 15 23 7 26 16 29 23 13 25 14 10 16 23 30 15
"11_22192769_G_A" 13 22 19 14 21 26 13 7 18 22 10 27 12 13 24
"11_22333383_G_T" 11 19 13 23 22 25 21 11 24 9 23 26 27 20 15
"11_22392444_C_T" 11 29 13 20 21 40 17 8 24 17 19 22 17 26 18
"11_23163798_T_C" 16 26 7 12 24 16 29 14 26 19 7 25 12 15 16
"11_23225822_G_C" 11 16 14 16 22 30 20 16 16 17 8 26 27 26 11
"11_24296977_T_C" 8 24 14 12 29 31 21 11 24 11 12 18 22 22 22
"11_24760758_G_C" 12 25 12 10 21 28 16 12 17 20 7 26 28 17 16
"11_2482401_C_T" 19 44 22 35 16 25 16 6 14 10 10 34 9 14 17
"11_2514216_G_A" 30 46 23 38 21 35 15 14 18 16 11 35 14 29 11
"11_28954720_C_T" 7 14 12 10 29 20 20 11 21 16 6 21 20 18 12
"11_29173419_A_C" 12 15 15 11 26 30 12 12 21 13 16 25 19 29 17
"11_29588048_T_A" 10 30 17 15 20 33 20 9 26 21 7 31 25 30 26
"11_29739160_T_A" 19 27 20 14 23 25 23 8 27 25 13 26 22 16 12
"11_30951098_T_C" 15 24 14 18 24 23 13 15 22 19 8 23 20 20 13
"11_31510734_G_A" 12 21 22 22 18 24 25 14 17 18 12 28 10 21 19
"11_32546395_C_A" 16 24 19 16 24 25 26 10 28 17 10 33 27 29 14
"11_35648097_T_C" 18 32 24 23 20 34 16 8 14 16 13 21 20 14 20
"11_36258003_T_G" 4 11 8 7 6 8 9 5 10 6 1 17 10 6 6
"11_37736611_C_G" 10 25 8 12 26 34 12 8 23 18 15 23 23 18 16
"11_38044750_T_A" 7 25 8 14 14 28 24 12 19 15 16 34 25 17 10
"11_38961993_G_A" 10 18 13 8 23 31 21 11 22 20 8 21 17 11 12
"11_39463510_T_G" 6 17 9 16 12 20 17 10 17 14 9 22 20 20 11
"11_39560241_A_T" 10 23 10 18 22 32 24 10 18 20 14 19 23 12 11
"11_39942994_A_G" 8 12 8 9 13 25 26 13 20 19 14 35 19 11 12
"11_40293940_A_C" 10 17 18 17 20 27 12 6 12 10 9 26 24 23 19
"11_40848980_A_G" 13 26 22 9 17 27 19 15 22 15 16 29 23 16 10
"11_41638517_A_C" 8 15 9 14 19 34 18 12 16 20 17 26 30 23 16
"11_42349114_T_C" 11 35 12 23 16 32 23 9 28 14 12 28 21 22 20
"11_42491569_C_G" 11 22 9 11 13 16 21 8 24 22 11 29 26 19 13
"11_43290989_A_T" 18 33 16 18 17 23 17 12 18 13 10 36 21 17 14
"11_45621991_A_T" 16 34 20 20 24 29 15 11 17 15 6 27 12 15 13
"11_47189729_G_C" 12 47 26 39 22 37 14 10 20 13 12 24 25 16 15
"11_48639023_G_C" 11 39 29 18 27 23 16 6 22 20 12 22 18 9 16
"11_49128355_A_C" 9 27 28 12 18 25 18 8 20 15 12 20 20 14 14
"11_49545622_G_A" 8 23 11 23 17 30 19 11 18 16 14 25 27 21 16
"11_49905030_T_G" 9 29 15 10 17 19 11 9 22 16 8 16 20 12 16
"11_50027686_G_A" 13 31 13 16 16 33 12 10 20 15 7 22 16 22 10
"11_51375571_A_C" 13 18 15 12 15 29 18 12 35 13 20 21 20 12 9
"11_57442015_T_G" 10 43 23 25 16 25 11 14 21 13 12 20 17 20 16
"11_5850960_C_G" 8 33 12 21 22 22 22 9 32 19 11 29 16 22 16
"11_58878153_G_A" 12 43 23 23 20 26 20 8 14 11 10 29 22 22 14
"11_59128126_C_G" 18 31 16 27 21 27 23 7 23 12 9 25 16 21 10
"11_59167678_G_T" 22 35 24 27 16 30 19 2 19 18 14 23 27 29 18
"11_59317035_G_T" 16 41 12 33 23 25 13 6 22 23 12 21 26 23 10
"11_59359647_C_G" 23 29 19 30 21 37 16 11 22 21 12 29 25 20 19
"11_59359649_G_T" 25 30 19 29 22 36 16 9 22 21 13 28 26 20 20
"11_59482294_A_G" 19 31 26 27 19 26 21 15 19 13 10 24 17 22 8
"11_6068100_T_G" 14 29 8 19 23 20 20 15 13 16 9 29 22 19 18
"11_60707383_C_A" 14 39 13 39 25 24 22 13 20 13 6 22 14 16 12
"11_61795184_C_G" 20 48 31 33 17 33 24 12 14 18 16 27 19 18 15
"11_61881272_G_A" 22 41 27 28 24 39 18 10 31 22 9 35 18 22 16
"11_6280997_G_C" 8 25 13 15 15 16 15 2 9 15 4 12 18 11 9
"11_62877994_A_T" 4 15 4 18 7 10 4 6 7 8 3 12 5 6 4
"11_62878156_T_C" 0 15 6 11 8 10 9 5 6 4 5 13 5 5 7
"11_63114047_T_A" 16 44 23 25 29 33 18 13 17 19 14 26 15 24 23
"11_63667461_C_G" 12 45 25 37 16 17 12 7 16 11 9 19 20 21 15
"11_64531225_A_C" 14 41 18 36 17 23 18 9 21 20 3 24 11 18 11
"11_64645528_G_A" 16 65 27 49 19 31 20 13 20 22 7 18 17 19 10
"11_64772281_C_A" 17 42 24 35 24 25 15 12 23 17 9 20 11 17 15
"11_64837213_A_C" 17 63 26 36 22 36 19 8 20 16 9 30 11 17 16
"11_64986784_A_C" 17 34 22 24 17 25 12 10 16 10 6 17 12 9 10
"11_67149690_T_G" 17 27 18 25 10 12 12 8 17 13 4 12 19 11 12
"11_67730028_A_G" 13 56 17 36 9 35 15 10 22 12 11 19 17 16 15
"11_67945060_T_A" 16 48 34 36 22 38 18 13 23 20 10 24 15 10 17
"11_68467218_T_A" 18 49 40 39 16 36 24 6 26 19 14 26 16 18 20
"11_70172786_G_T" 15 43 30 47 24 28 22 7 25 12 8 17 12 25 8
"11_7018800_T_C" 22 34 19 18 15 26 18 15 20 24 13 23 20 12 15
"11_7146014_G_T" 14 30 15 11 15 25 17 8 29 17 9 17 26 11 15
"11_77587312_G_A" 27 41 19 34 17 37 12 9 21 20 8 22 17 22 8
"11_77954507_C_A" 22 39 20 28 18 27 18 10 17 15 4 28 12 20 9
"11_79566266_G_C" 8 37 17 24 19 38 13 9 21 20 11 31 18 20 17
"11_79573983_C_T" 16 22 20 24 21 22 12 8 17 14 13 37 27 22 16
"11_80257256_A_T" 15 20 21 23 8 29 18 11 21 16 12 26 21 18 18
"11_80333456_G_T" 13 33 18 20 13 33 15 9 17 26 9 20 24 22 14
"11_81634920_T_C" 20 23 19 19 17 28 21 10 21 16 11 33 19 19 6
"11_81891391_A_T" 16 22 17 15 27 35 17 11 20 17 12 25 26 24 12
"11_82521824_T_G" 10 32 21 23 19 29 18 9 13 16 14 30 18 19 14
"11_8296444_T_A" 16 23 8 25 30 24 19 9 28 15 10 30 16 18 17
"11_8520523_C_A" 19 27 17 24 22 23 24 20 14 16 8 33 18 18 18
"11_85559380_T_A" 15 23 31 24 18 25 15 10 14 19 15 24 15 21 9
"11_85780226_C_G" 14 49 30 27 10 28 14 2 14 14 10 21 13 12 6
"11_85950917_C_A" 10 37 18 17 19 28 25 9 25 16 9 23 25 20 8
"11_85955563_G_A" 22 35 16 23 31 27 22 10 20 16 16 26 26 14 21
"11_86232756_C_A" 11 25 20 20 15 30 15 6 24 18 10 23 17 16 16
"11_86268668_C_T" 11 27 17 17 11 33 17 11 17 13 9 30 20 18 9
"11_86500549_T_G" 15 39 16 19 19 23 20 17 15 16 8 16 28 18 12
"11_86593775_G_C" 5 29 15 21 18 24 21 10 16 16 12 32 23 18 11
"11_88527293_T_C" 5 22 19 19 17 28 13 17 29 21 12 25 20 20 13
"11_89048436_T_A" 2 5 4 7 5 13 6 1 8 9 6 8 6 4 2
"11_90261813_G_T" 12 24 24 25 21 26 15 13 27 17 10 38 16 25 13
"11_91397111_G_C" 10 28 19 19 15 24 25 19 19 19 9 19 23 15 13
"11_92288037_C_A" 12 19 27 18 23 28 16 5 27 10 7 32 16 25 13
"11_92385577_A_C" 10 34 19 17 21 32 18 5 26 16 9 24 14 18 19
"11_92551674_C_G" 11 21 9 10 10 13 7 2 12 11 4 12 6 10 10
"11_92669679_G_T" 5 17 10 15 17 32 12 11 17 10 8 16 21 12 11
"11_9297754_G_T" 12 45 11 33 28 20 23 10 17 21 13 24 15 20 13
"11_93127251_G_T" 9 39 24 26 24 40 18 9 20 16 12 33 26 25 20
"11_93206722_C_T" 28 31 11 15 20 21 14 13 20 15 11 22 18 14 14
"11_9332110_A_C" 12 39 15 26 16 21 13 9 17 13 15 28 16 16 18
"11_95302829_T_A" 17 32 11 28 18 29 16 11 17 13 7 33 16 18 11
"11_97135040_T_G" 11 17 7 17 25 25 25 8 15 13 18 26 23 24 10
"11_97185229_A_T" 10 15 12 17 17 18 17 6 20 13 16 20 16 11 12
"11_97204284_G_C" 10 28 10 21 14 34 12 4 17 16 9 24 22 27 11
"11_97628359_G_A" 8 26 10 16 28 33 13 9 21 24 10 32 20 14 10
"11_97964614_G_A" 13 23 14 15 14 39 19 7 15 26 17 23 23 25 10
"11_98703379_G_A" 10 12 18 13 16 23 13 12 27 15 12 22 27 27 10
"11_98712088_T_A" 21 17 16 19 19 33 19 9 29 20 22 27 20 25 14
"11_99286550_A_C" 9 23 15 12 20 27 19 15 18 20 8 27 25 13 16
"11_99337901_A_C" 17 23 26 11 20 27 23 9 24 20 8 29 24 22 17
"12_100156922_G_A" 16 23 19 23 12 36 18 9 22 21 16 26 25 22 14
"12_10227485_T_G" 9 30 19 18 17 23 22 8 10 11 10 30 23 18 10
"12_102342612_C_A" 6 22 25 14 20 30 13 7 21 9 1 16 16 20 11
"12_102702352_T_C" 6 10 3 11 11 15 6 6 5 5 3 8 6 6 9
"12_103265568_C_T" 10 25 16 16 18 27 11 10 14 14 3 25 20 16 12
"12_105226848_G_T" 14 43 25 27 15 24 14 7 22 20 10 31 19 9 17
"12_105330396_A_C" 12 37 26 30 26 28 13 10 22 21 6 20 12 20 12
"12_107329070_T_C" 21 45 18 27 23 34 19 7 23 18 6 25 23 24 18
"12_107561469_G_C" 15 47 15 16 22 23 26 5 25 20 10 21 20 19 19
"12_108621750_G_C" 7 34 7 24 19 26 11 12 20 14 4 21 10 11 12
"12_109850039_T_C" 20 37 17 28 18 32 17 12 13 12 6 30 20 26 22
"12_11301120_C_T" 4 9 3 5 6 6 6 5 10 3 3 13 6 6 3
"12_114735871_C_T" 7 30 23 21 13 34 21 10 21 12 12 21 16 14 15
"12_114796894_A_C" 6 27 18 17 25 35 22 8 12 13 12 30 20 15 12
"12_115033919_A_C" 12 22 20 24 14 33 16 9 22 17 11 20 11 17 20
"12_115043139_T_G" 17 37 22 21 25 36 14 8 17 14 7 16 16 16 16
"12_115456366_A_C" 11 25 12 23 19 32 14 13 23 21 13 27 17 19 14
"12_115568973_C_T" 9 25 18 16 19 23 21 8 20 23 9 18 18 27 9
"12_116103776_A_C" 13 43 23 20 14 40 20 10 13 14 10 28 11 17 10
"12_116285540_C_G" 13 31 17 25 18 38 19 18 22 5 16 21 15 20 18
"12_116320589_T_A" 15 41 21 25 19 30 25 7 24 20 7 17 23 20 13
"12_116347817_C_T" 11 45 23 28 13 35 12 6 23 11 8 26 17 21 13
"12_116362294_G_T" 8 23 11 23 13 33 13 11 12 10 17 19 10 14 11
"12_117343727_T_A" 13 21 21 22 17 17 20 13 20 11 9 21 18 8 14
"12_120830258_G_T" 16 38 19 28 20 21 21 11 24 22 11 37 13 14 14
"12_120951670_T_G" 12 33 23 36 17 25 22 14 28 13 11 19 11 25 14
"12_120953138_C_T" 17 43 18 36 20 21 21 9 31 12 6 16 14 16 18
"12_121446309_G_T" 12 36 17 28 22 39 16 16 21 21 10 25 13 15 6
"12_122838737_T_C" 20 23 20 40 24 26 14 11 19 17 13 23 10 18 21
"12_127244547_A_G" 13 30 13 26 21 29 26 13 17 14 13 25 17 22 21
"12_127530375_C_G" 12 41 18 25 17 30 20 12 24 13 8 19 26 13 15
"12_128399062_G_C" 14 27 17 22 22 36 23 12 19 15 15 27 20 30 22
"12_128640129_G_C" 12 30 24 16 15 32 21 5 25 16 9 32 13 26 14
"12_128761252_T_C" 10 24 14 21 14 18 12 16 26 20 12 25 15 26 21
"12_130485936_A_C" 9 22 15 27 18 23 22 13 19 10 17 28 20 24 12
"12_130801148_A_C" 11 31 20 29 20 25 11 20 26 20 14 26 12 19 17
"12_131706679_A_C" 16 33 9 34 18 13 20 12 15 19 5 23 16 11 11
"12_133832771_G_A" 19 44 27 31 23 30 16 3 24 20 6 19 23 18 15
"12_1347341_T_A" 13 34 22 25 17 40 16 10 23 12 12 20 14 15 11
"12_13502173_A_T" 21 25 10 19 23 38 25 9 18 20 10 29 14 21 14
"12_13609777_C_A" 14 22 14 14 18 30 27 6 22 22 11 19 24 22 14
"12_17017864_A_G" 8 21 18 18 14 34 15 11 27 13 10 21 21 27 20
"12_17509597_A_G" 10 21 15 15 34 32 18 9 24 23 11 26 15 17 17
"12_18125134_G_C" 11 22 5 13 21 27 23 14 24 19 15 17 21 23 17
"12_18289578_G_A" 5 21 15 16 18 28 16 13 19 18 15 13 24 21 15
"12_187040_A_C" 4 9 9 10 5 13 6 2 6 2 0 13 7 9 2
"12_19129248_G_A" 9 29 24 21 19 30 16 7 16 19 14 17 15 26 7
"12_19149152_G_T" 4 23 10 18 14 34 16 6 15 13 7 24 17 14 7
"12_19926958_T_G" 11 16 15 20 26 36 13 6 16 19 14 23 19 27 23
"12_204001_C_A" 12 46 19 22 26 28 25 7 22 9 5 27 22 15 21
"12_20904200_C_T" 8 18 13 18 20 33 16 13 25 20 8 22 21 13 18
"12_21753145_C_T" 7 27 21 17 28 29 16 9 16 17 10 28 16 13 16
"12_22398732_G_A" 6 19 14 20 16 27 21 16 29 21 11 32 21 21 8
"12_2385979_T_A" 22 41 19 24 28 22 14 10 17 14 6 24 15 15 13
"12_24698542_T_C" 10 20 12 21 13 19 18 10 22 19 11 20 17 23 17
"12_28109751_G_T" 12 37 17 23 21 33 12 7 20 21 12 29 21 23 14
"12_30522423_A_T" 10 24 17 19 13 29 16 11 16 18 10 16 20 20 13
"12_30712543_T_G" 9 27 12 23 25 27 17 19 15 25 14 29 20 21 14
"12_31588219_C_A" 12 30 14 27 18 28 5 17 23 20 10 27 14 21 12
"12_31992752_A_T" 15 22 23 21 14 28 11 8 24 15 7 22 26 22 14
"12_34323578_C_G" 4 22 15 16 20 33 13 5 25 9 11 20 23 13 13
"12_37858896_T_G" 8 26 16 15 19 33 23 9 16 22 9 27 20 22 16
"12_38765405_G_A" 9 23 22 18 17 36 23 7 26 13 16 18 21 23 15
"12_38808830_G_A" 19 17 21 20 23 23 16 12 17 18 9 36 8 8 14
"12_39605732_G_A" 9 27 23 20 28 34 12 11 21 18 6 25 15 22 12
"12_39686653_T_A" 11 11 9 7 15 16 8 9 8 7 6 16 13 11 9
"12_40847236_C_T" 10 9 20 13 17 44 17 8 21 14 16 23 19 30 8
"12_44877994_G_T" 10 31 11 17 23 31 13 10 16 14 12 30 19 16 13
"12_45575199_A_G" 14 22 19 22 13 33 12 8 13 15 8 27 18 19 21
"12_45886584_G_C" 16 30 22 16 22 41 17 6 17 22 7 20 13 20 20
"12_46383440_T_G" 12 49 21 28 25 35 27 14 19 18 10 14 14 15 19
"12_47051860_C_G" 18 40 21 22 16 35 21 12 22 12 5 23 10 12 6
"12_47739644_A_C" 4 4 6 7 6 3 6 3 2 2 3 6 6 2 4
"12_48407554_G_T" 13 49 30 26 24 40 25 8 19 13 8 22 24 22 24
"12_49212283_T_G" 7 29 19 23 16 16 8 10 12 16 15 22 14 14 5
"12_49573464_G_A" 24 39 20 26 15 29 15 7 15 20 15 23 16 13 23
"12_51796853_A_T" 17 36 23 25 20 23 13 5 23 19 7 28 17 28 18
"12_52356841_A_G" 17 29 20 27 8 24 15 7 21 20 9 20 27 16 9
"12_55109835_G_A" 21 34 16 23 25 21 14 10 24 17 12 25 18 28 23
"12_55140211_T_A" 15 19 23 21 20 29 14 8 27 8 8 21 18 14 14
"12_55711996_G_T" 13 27 20 16 16 28 12 5 21 16 9 20 20 15 15
"12_57355666_T_A" 14 34 21 28 11 24 20 17 16 19 11 18 19 22 13
"12_58616120_T_G" 10 25 26 14 21 35 17 12 19 15 6 33 17 21 19
"12_59013267_A_C" 21 29 23 21 30 28 23 8 17 14 10 32 16 18 13
"12_59298808_G_C" 8 30 22 17 29 33 30 8 16 20 11 23 17 16 14
"12_59811009_C_T" 20 23 11 19 16 24 17 14 22 28 14 26 14 22 14
"12_60230469_T_G" 16 30 23 16 25 30 18 16 16 13 12 24 29 25 16
"12_60327223_T_A" 12 23 7 7 22 29 18 9 16 11 16 14 16 18 13
"12_62084126_A_G" 5 24 18 16 18 22 19 6 22 24 12 30 26 14 23
"12_63502863_A_T" 15 26 9 20 20 27 20 11 11 11 10 27 20 24 20
"12_63616319_G_T" 18 23 10 12 27 31 23 11 16 22 14 31 20 16 25
"12_66618600_C_T" 20 19 16 15 17 26 17 8 17 18 13 31 17 24 15
"12_68043844_A_G" 13 36 14 20 27 25 18 5 16 20 9 25 16 19 14
"12_68407288_T_G" 10 35 20 20 21 24 19 8 14 9 8 26 24 20 13
"12_69325349_C_T" 4 31 18 18 21 25 29 15 18 19 10 33 19 16 10
"12_72788311_C_T" 10 28 17 15 19 35 13 10 20 11 12 39 15 19 13
"12_72942334_T_A" 8 15 18 11 23 29 21 6 24 15 16 35 28 33 11
"12_73408569_G_A" 15 15 9 14 19 33 14 9 22 16 10 29 8 23 16
"12_73840586_A_T" 8 22 16 10 22 33 19 12 22 19 3 26 17 21 7
"12_74038900_G_A" 6 23 11 15 28 26 18 10 21 14 18 19 19 18 16
"12_74091381_A_T" 11 16 14 15 18 25 13 16 22 20 12 27 18 20 21
"12_76273708_A_T" 8 22 13 21 22 23 23 15 18 25 11 25 27 14 16
"12_76482850_T_A" 18 26 13 19 29 29 8 9 23 17 11 23 19 11 9
"12_77650770_T_G" 14 22 12 22 27 28 16 6 26 22 15 32 15 19 18
"12_77741229_G_A" 10 21 20 18 21 28 18 17 16 17 15 22 14 9 12
"12_77905791_G_A" 11 22 10 23 21 21 19 12 13 18 10 27 21 24 21
"12_78320932_C_A" 11 22 19 15 20 38 21 17 24 17 11 31 13 17 14
"12_78627511_G_T" 12 14 11 13 24 31 17 9 21 16 10 29 20 14 16
"12_78656752_G_T" 4 19 20 13 22 36 10 12 22 12 6 30 14 16 24
"12_79631997_T_G" 12 28 13 16 28 31 15 15 16 24 14 22 26 19 7
"12_80563879_G_T" 12 18 15 14 19 34 14 15 21 21 14 28 10 11 19
"12_80638739_T_G" 11 19 8 17 15 20 21 10 17 14 9 17 22 16 11
"12_80990525_A_T" 17 26 12 23 23 24 19 18 19 19 19 30 23 14 14
"12_8123599_G_T" 16 32 25 24 18 30 18 5 16 27 8 19 17 12 18
"12_83405349_T_C" 16 17 10 24 11 29 14 17 16 20 13 15 31 18 19
"12_84450607_T_A" 17 26 7 20 21 31 18 10 22 16 5 24 22 18 15
"12_84471833_A_T" 17 26 15 17 23 26 17 15 22 13 7 22 18 25 11
"12_85292806_C_G" 10 24 15 13 26 29 17 8 20 18 10 28 18 16 16
"12_86279716_C_G" 11 26 12 16 25 17 17 11 17 20 6 33 34 21 8
"12_86819045_C_A" 11 13 11 13 22 40 18 10 17 6 8 24 16 30 16
"12_87724507_C_T" 10 18 9 18 23 31 12 6 7 22 10 24 15 17 17
"12_88067469_C_T" 11 19 14 14 31 25 24 14 26 12 7 24 21 16 17
"12_90289048_G_C" 8 30 17 26 27 31 14 15 23 11 13 23 27 13 21
"12_90435509_T_A" 14 31 25 22 21 23 16 10 18 18 14 27 17 22 21
"12_90439260_C_A" 8 24 17 19 26 29 15 4 16 14 13 22 14 22 16
"12_90445166_G_T" 12 25 10 21 17 23 15 10 21 16 6 17 17 25 18
"12_90683728_G_A" 12 26 15 16 24 39 32 11 25 15 9 30 26 13 16
"12_91535168_A_C" 6 33 17 23 23 20 24 6 21 17 8 20 17 14 10
"12_91917943_T_C" 12 14 7 16 32 23 18 10 16 20 6 19 16 12 17
"12_92261600_A_T" 12 28 33 25 32 22 17 12 19 17 3 20 14 13 10
"12_92850096_C_G" 20 35 23 23 18 41 19 7 18 13 7 29 17 27 20
"12_94807082_A_C" 9 44 18 26 21 34 15 10 23 13 4 25 12 20 18
"12_95518809_A_T" 15 36 16 18 26 31 16 15 19 18 6 24 20 27 16
"12_9598426_C_T" 5 17 8 3 3 8 5 0 5 2 2 7 3 7 4
"12_97330170_G_T" 6 11 9 15 11 19 10 2 4 7 5 14 8 10 10
"12_97589400_G_A" 13 30 14 18 24 32 25 17 28 21 12 35 21 21 19
"12_97858881_G_C" 6 21 18 23 24 25 18 18 19 16 14 17 13 16 7
"12_97960570_C_T" 12 31 18 18 17 30 11 15 28 24 10 30 17 19 10
"12_97972269_T_G" 7 24 19 19 12 29 21 9 20 16 9 34 21 15 15
"12_97994659_A_G" 7 18 17 11 26 33 19 9 23 20 9 26 21 25 19
"12_98335784_A_T" 9 12 5 11 11 14 12 7 9 13 12 16 15 11 13
"12_98818702_C_G" 12 36 11 20 22 30 26 8 16 17 13 29 22 18 19
"12_99307347_G_A" 14 25 22 18 29 28 24 17 23 23 13 28 19 24 26
"13_102051234_T_G" 15 14 11 19 23 28 18 12 21 20 12 26 18 16 9
"13_102182962_T_C" 18 37 14 27 10 30 17 14 21 22 7 37 16 10 23
"13_102959210_C_G" 12 29 15 24 19 23 17 11 25 14 10 24 19 19 18
"13_104138608_G_C" 10 19 10 20 17 27 18 14 20 23 7 24 25 16 13
"13_104379914_G_A" 7 19 13 15 22 31 20 11 23 22 9 38 24 20 11
"13_104899375_T_G" 7 22 23 9 28 32 10 14 18 23 14 37 26 26 13
"13_105015463_T_C" 14 24 10 20 21 26 18 8 10 22 11 27 32 13 19
"13_105248123_A_T" 16 13 14 10 24 11 21 10 18 16 10 22 24 20 8
"13_105574677_C_A" 12 18 15 18 26 26 23 11 17 22 12 22 18 19 12
"13_107729866_G_C" 12 30 17 13 27 30 14 11 22 14 11 37 27 12 15
"13_107848521_A_G" 8 27 15 23 19 35 16 12 15 23 10 22 24 14 15
"13_109137926_C_T" 11 29 10 19 24 33 19 6 14 22 13 24 23 19 13
"13_109401546_C_A" 10 25 8 14 24 33 27 7 16 16 7 29 14 21 22
"13_110743625_G_A" 9 34 9 20 19 27 13 8 17 14 11 28 15 17 13
"13_112182278_T_G" 9 35 29 27 13 37 10 9 15 15 9 21 13 13 14
"13_112209787_T_G" 15 40 17 36 16 20 19 12 20 15 12 29 22 17 10
"13_113472315_G_T" 18 33 23 37 15 25 10 8 16 18 11 16 20 18 13
"13_19022160_A_C" 16 26 20 20 20 35 24 20 22 16 7 41 21 30 17
"13_19085227_A_T" 15 30 29 24 27 45 26 18 25 19 12 29 18 35 18
"13_19148411_G_T" 2 7 4 4 7 9 7 3 6 2 0 6 5 3 2
"13_19240331_C_T" 8 28 23 16 26 28 19 5 15 10 7 29 19 22 27
"13_19521715_T_C" 14 19 11 16 23 14 13 6 19 11 8 21 17 15 15
"13_19587508_G_A" 9 27 14 31 29 35 14 16 17 19 9 25 22 22 15
"13_21832166_T_A" 21 34 23 33 31 29 21 8 24 16 15 22 22 26 15
"13_23451686_T_C" 11 20 11 14 25 25 20 18 21 14 8 28 14 17 12
"13_23830323_C_G" 16 23 17 22 25 20 24 16 23 10 5 25 21 22 10
"13_27003590_A_G" 13 20 15 26 20 40 17 10 17 21 8 25 18 29 18
"13_28123770_A_G" 15 23 22 24 20 37 12 14 19 15 8 17 22 28 16
"13_28253749_C_A" 14 28 17 27 28 26 18 8 18 12 15 27 16 17 20
"13_28355142_A_C" 17 31 18 21 27 32 16 14 16 27 8 19 17 21 13
"13_29312085_T_A" 16 22 13 31 27 31 19 9 19 12 11 34 13 16 20
"13_29361973_C_T" 15 24 16 30 23 32 18 7 20 17 7 16 22 26 12
"13_29562474_C_A" 13 22 13 25 23 23 21 8 20 16 12 27 17 18 17
"13_31392207_G_A" 13 27 14 27 15 32 15 12 12 13 6 23 21 16 23
"13_31619162_T_G" 9 31 20 25 19 25 19 6 26 14 11 28 18 27 13
"13_31659571_A_C" 20 37 24 14 21 27 19 10 12 20 6 23 16 24 19
"13_31915923_A_C" 6 10 6 18 9 19 10 3 11 10 7 8 5 8 8
"13_33406136_G_A" 10 24 19 18 20 31 8 11 17 18 11 27 25 15 18
"13_34441844_G_A" 19 16 15 23 16 27 10 11 20 13 12 25 17 10 14
"13_35789129_A_G" 13 16 12 16 27 28 16 20 16 22 12 21 16 19 13
"13_36489843_A_C" 12 19 11 18 13 28 22 6 21 6 8 30 24 29 22
"13_36844577_C_T" 23 6 13 24 18 21 19 7 16 20 14 19 15 24 17
"13_37001778_G_A" 16 30 18 20 21 27 18 10 24 21 9 23 17 24 23
"13_37051743_G_A" 11 27 22 26 23 32 20 9 21 18 14 29 20 29 13
"13_37708686_A_G" 15 29 18 24 26 38 15 5 21 15 13 29 11 22 13
"13_38146997_C_A" 11 14 17 18 16 28 21 8 23 17 10 27 26 18 20
"13_38708627_A_C" 13 21 25 12 28 29 20 11 18 15 4 28 22 20 25
"13_39630612_T_A" 16 27 13 28 22 27 23 12 17 7 13 23 16 17 16
"13_40329419_G_A" 7 18 20 16 23 35 14 8 17 28 11 16 17 29 16
"13_40525193_A_T" 21 30 25 20 27 32 25 4 12 11 8 19 22 22 18
"13_40816784_G_C" 16 25 24 26 20 32 19 15 13 24 6 22 16 15 18
"13_42460540_A_C" 11 31 21 29 23 27 18 14 21 15 10 23 20 15 18
"13_45702948_C_A" 14 28 18 26 15 28 22 15 16 21 8 21 23 16 13
"13_47332546_G_C" 18 28 12 29 26 30 17 10 15 19 11 23 15 6 15
"13_47876503_G_A" 8 20 14 13 15 36 13 8 15 16 4 27 32 24 15
"13_51506149_A_C" 13 30 12 16 24 33 24 8 12 17 13 24 24 21 14
"13_52754207_T_G" 17 27 17 26 19 21 14 11 15 15 11 21 17 32 13
"13_52754209_T_G" 16 26 19 27 18 22 14 11 15 14 12 22 14 30 13
"13_53439608_T_G" 17 23 29 26 18 31 27 12 26 24 7 33 16 23 15
"13_53448467_A_T" 13 26 18 14 18 25 19 13 24 27 9 21 17 18 16
"13_54283689_T_G" 14 32 14 13 22 26 18 6 17 13 10 26 20 28 11
"13_55851632_T_G" 9 24 16 12 19 31 16 10 23 20 19 31 20 20 26
"13_55906795_A_C" 8 18 21 17 22 32 25 15 25 13 13 35 22 22 17
"13_55939524_T_C" 9 15 11 12 10 25 17 10 13 15 15 18 20 25 13
"13_56064627_C_A" 14 21 13 16 16 26 14 7 12 6 14 27 13 14 14
"13_56392029_A_C" 8 16 8 24 18 38 23 13 24 29 10 24 27 17 15
"13_56627491_T_G" 12 29 14 18 25 25 14 8 18 20 9 31 20 20 17
"13_57086869_G_A" 6 19 9 13 15 45 20 13 21 19 8 27 18 24 15
"13_57112874_A_C" 13 19 12 13 20 33 19 10 16 12 15 26 24 16 16
"13_57352942_A_G" 12 22 19 8 25 32 18 9 21 22 11 24 15 19 14
"13_57789093_G_A" 5 22 16 14 30 28 20 9 25 30 7 31 31 23 14
"13_58104142_T_G" 13 20 20 22 24 39 20 14 23 16 12 29 16 20 15
"13_58325752_T_A" 10 19 15 18 16 21 20 14 15 21 13 22 27 19 19
"13_58426776_A_T" 13 22 6 11 26 34 12 9 17 18 22 30 18 16 20
"13_58659719_T_G" 17 22 15 13 19 26 14 15 19 18 9 22 18 14 18
"13_58913312_C_A" 15 16 8 19 18 27 17 9 22 17 12 34 20 25 13
"13_59081060_C_T" 7 17 17 11 25 33 15 8 14 17 8 24 18 9 12
"13_59235276_T_G" 9 23 14 15 21 20 25 10 18 24 6 23 24 16 19
"13_59667621_G_A" 6 19 12 16 17 33 19 14 18 20 10 21 19 14 20
"13_60158136_T_C" 8 31 22 16 16 36 20 9 21 13 15 33 19 21 10
"13_60917768_T_C" 16 18 11 27 21 22 13 11 25 15 12 17 26 23 15
"13_62339930_T_A" 10 13 12 11 21 33 13 15 20 17 5 28 24 17 21
"13_62399962_C_A" 11 19 11 24 20 19 14 6 15 14 16 32 20 19 13
"13_63696631_A_T" 5 20 10 19 24 38 10 5 27 16 14 33 20 20 9
"13_63854705_A_G" 12 16 10 16 21 35 20 11 26 21 18 27 20 22 14
"13_64687685_A_C" 13 28 14 15 18 38 21 10 26 24 8 34 22 17 8
"13_64881970_C_T" 11 19 7 15 25 29 21 10 16 14 14 27 21 18 10
"13_65412670_G_A" 12 17 11 17 18 26 16 12 24 21 11 33 25 23 12
"13_67601851_C_T" 5 15 6 10 15 23 14 3 12 15 3 15 8 9 7
"13_67826206_C_G" 14 14 13 16 20 37 20 16 26 13 9 31 16 21 9
"13_68194536_T_C" 11 22 10 15 25 22 20 8 14 16 14 32 25 18 12
"13_68429195_G_T" 5 23 13 17 30 27 20 13 22 18 7 22 22 22 16
"13_68498236_G_T" 8 18 18 26 31 34 25 11 23 24 10 15 23 18 17
"13_68596468_T_A" 8 27 16 13 26 26 28 14 16 18 12 22 20 16 18
"13_68699656_A_T" 13 18 16 11 22 33 18 9 16 24 13 33 19 27 24
"13_68910912_G_A" 6 17 15 10 20 37 10 8 20 16 12 20 20 15 15
"13_70202046_C_T" 7 20 18 20 26 30 18 10 9 17 9 30 31 15 15
"13_71036203_A_C" 3 1 1 3 6 9 7 1 4 5 2 6 7 3 3
"13_71950828_G_A" 13 25 15 14 19 35 22 11 14 21 13 21 15 25 22
"13_72878184_T_G" 7 23 8 15 23 30 19 11 16 15 12 32 31 25 11
"13_74988241_A_T" 11 35 18 16 20 34 17 5 20 15 11 25 24 9 15
"13_76352949_A_G" 10 33 15 21 19 31 20 11 15 14 5 26 18 22 14
"13_78420412_T_C" 13 26 15 18 18 40 17 16 22 23 11 26 22 19 22
"13_79023404_T_C" 12 31 14 22 20 31 19 12 13 13 11 25 18 21 19
"13_79316162_G_C" 15 31 13 14 21 34 20 12 28 19 10 37 12 21 14
"13_80564966_C_A" 9 31 14 26 24 31 16 14 16 17 7 34 25 17 9
"13_81006861_A_T" 11 23 16 18 23 28 13 12 20 11 12 24 17 19 18
"13_82443467_C_A" 13 19 17 16 23 23 13 14 23 23 7 25 14 24 15
"13_82811042_G_A" 8 25 18 14 17 34 19 11 23 19 12 32 29 24 16
"13_83035448_C_T" 11 20 11 20 29 41 13 12 21 31 9 24 23 9 10
"13_83823205_G_T" 9 15 12 15 25 20 20 10 24 23 11 26 21 14 15
"13_84137438_C_T" 13 29 21 17 25 36 25 17 22 19 10 19 24 22 13
"13_84138522_A_T" 12 14 17 13 19 29 19 11 19 17 9 25 15 23 18
"13_84258009_C_G" 6 10 14 14 21 19 14 14 27 16 11 31 23 16 12
"13_84634590_C_T" 18 22 18 18 17 29 16 5 26 21 12 30 19 26 17
"13_84882463_G_A" 6 19 13 15 31 25 18 7 20 21 7 34 10 25 13
"13_85034651_C_G" 7 23 8 6 12 33 19 10 12 18 7 27 19 19 18
"13_85277679_G_A" 23 26 17 7 19 28 10 7 16 16 12 26 28 14 10
"13_85727696_T_C" 7 20 5 20 26 30 18 14 20 23 9 24 9 25 19
"13_86982482_T_G" 16 23 18 15 22 29 11 13 25 14 5 20 21 30 11
"13_87018383_T_G" 5 27 9 11 21 31 28 15 18 22 18 22 27 21 22
"13_87271691_C_T" 8 19 5 10 16 33 15 8 25 22 10 32 19 16 22
"13_87501639_G_C" 5 21 12 9 22 24 15 6 20 21 9 27 24 26 13
"13_88178735_A_T" 13 23 10 16 23 44 15 15 25 29 11 25 22 19 11
"13_88216865_A_T" 9 26 9 16 16 23 27 11 21 26 14 18 16 21 16
"13_88628566_G_A" 5 13 10 3 21 18 11 8 10 22 12 16 11 13 11
"13_89080608_A_G" 6 24 15 15 24 34 19 14 17 26 6 18 16 20 16
"13_90372936_T_G" 7 17 7 7 12 25 18 11 12 20 8 23 17 14 12
"13_90398376_A_T" 13 18 10 13 18 36 19 8 15 17 10 30 17 17 19
"13_91033209_A_T" 9 26 17 9 20 24 16 10 22 16 18 35 20 29 14
"13_92953268_G_A" 10 26 11 14 33 27 18 10 24 29 10 19 21 14 17
"13_93175217_T_C" 8 23 17 14 21 31 19 9 21 24 11 22 19 19 17
"13_93280727_C_T" 6 17 16 17 25 39 11 19 31 11 10 30 17 26 9
"13_93990058_T_G" 13 21 11 23 20 24 14 10 17 18 15 36 19 16 11
"13_94217858_C_T" 12 17 16 17 24 30 21 12 30 19 6 27 21 29 16
"13_94336629_T_G" 13 24 14 21 18 26 17 13 23 19 6 21 20 16 15
"13_94349927_A_C" 11 21 17 12 19 29 22 10 24 21 16 27 22 31 21
"13_95168700_T_G" 6 29 17 17 13 28 15 6 23 20 11 30 17 11 14
"13_95496805_T_A" 24 19 29 20 25 25 21 11 26 25 7 22 20 22 12
"13_95915809_G_A" 13 27 23 15 27 21 17 8 22 24 11 27 22 15 16
"13_96330632_A_T" 23 47 17 27 22 23 19 10 28 17 7 22 22 19 13
"13_97444896_C_T" 20 19 14 31 23 25 29 10 17 14 13 19 12 12 15
"14_101190366_G_C" 25 32 31 33 25 28 14 11 13 24 4 16 12 21 11
"14_101884873_A_C" 25 32 22 36 13 16 14 10 31 16 8 28 15 21 16
"14_103736007_G_A" 17 36 13 27 16 25 12 3 19 13 8 30 20 15 15
"14_103897893_A_G" 20 30 18 21 23 26 19 11 18 22 7 21 18 25 9
"14_104412896_G_A" 25 51 26 30 14 31 25 12 29 15 8 28 17 16 19
"14_106173569_G_A" 41 100 36 70 39 65 51 30 48 40 22 54 33 47 27
"14_106327606_C_G" 19 50 15 35 19 23 13 5 18 18 9 29 17 19 24
"14_106329526_T_A" 10 36 13 27 15 27 13 6 21 10 12 21 20 12 12
"14_19720515_G_T" 18 30 31 27 10 17 12 9 13 7 13 21 13 28 31
"14_20336132_C_T" 20 61 35 43 44 67 41 31 40 36 20 63 46 53 34
"14_20368140_G_T" 37 54 41 44 29 53 41 18 37 39 19 49 44 38 28
"14_20412709_C_T" 28 55 40 44 45 62 42 15 32 35 22 57 33 40 39
"14_20466382_T_G" 10 20 15 19 21 33 16 11 25 24 10 24 18 21 15
"14_20475634_C_T" 11 29 18 22 21 29 15 10 23 16 9 31 27 24 19
"14_21060987_A_C" 14 27 20 42 26 33 16 10 27 16 15 32 12 14 17
"14_22311567_C_T" 24 42 21 27 24 29 23 9 28 20 10 35 23 27 23
"14_22593298_T_G" 6 19 5 14 11 18 11 18 20 7 7 30 24 20 11
"14_23397034_C_G" 13 29 19 36 13 27 16 7 21 11 9 19 16 14 10
"14_24223738_G_T" 26 28 23 22 23 34 18 15 17 20 22 26 25 15 11
"14_24647376_C_T" 11 31 23 30 22 20 9 12 22 11 11 22 13 13 19
"14_25632909_T_C" 10 21 22 25 21 39 22 8 14 21 7 22 31 17 17
"14_25904598_C_T" 9 22 20 24 17 36 19 6 19 14 13 20 14 9 25
"14_26498650_G_A" 9 37 14 16 16 38 15 10 17 15 9 17 26 24 16
"14_26659584_T_C" 15 23 13 18 28 29 20 10 25 19 11 23 17 17 19
"14_26721682_T_G" 11 18 19 11 24 21 15 13 17 23 11 23 25 18 9
"14_27740026_C_T" 8 22 13 13 23 28 9 16 32 19 10 18 16 21 16
"14_28025329_G_A" 16 22 13 23 24 28 19 6 29 16 14 25 20 19 13
"14_28266333_G_A" 4 19 18 3 15 26 16 22 19 21 15 16 17 13 7
"14_28322980_T_C" 9 13 15 20 24 34 22 7 18 20 12 29 23 16 16
"14_28693296_T_G" 7 25 20 11 17 23 17 13 18 22 12 19 24 17 15
"14_28911359_G_A" 17 25 20 10 24 33 21 15 14 14 5 20 11 26 14
"14_29040724_T_A" 10 17 24 14 29 25 26 13 16 19 16 23 19 26 13
"14_29403800_A_T" 9 20 9 15 18 38 20 11 23 23 10 18 24 23 11
"14_29840676_C_T" 10 15 11 12 24 30 15 14 21 17 9 28 23 23 18
"14_30306417_A_T" 11 26 13 23 24 37 21 6 27 25 11 29 29 25 17
"14_30318392_T_G" 8 20 18 15 16 22 22 12 26 19 11 31 14 13 8
"14_30645235_C_T" 10 19 15 17 13 27 13 7 25 23 19 31 24 22 15
"14_31429248_A_C" 17 31 13 21 28 23 20 10 19 20 8 21 21 19 16
"14_31573673_A_T" 17 25 12 20 13 28 18 9 25 21 9 23 21 17 11
"14_33292170_G_A" 10 41 18 27 18 25 18 9 15 13 12 35 24 20 12
"14_35475518_A_G" 24 41 24 30 21 33 21 9 16 24 5 19 12 30 18
"14_36400374_C_A" 8 22 18 21 20 37 15 6 18 15 10 21 22 15 12
"14_36839367_T_A" 17 26 12 24 12 28 15 9 17 25 9 24 20 24 17
"14_37049809_A_T" 13 21 9 8 20 16 20 6 24 13 7 18 23 18 8
"14_37216833_T_C" 10 23 20 21 15 39 19 8 23 16 9 19 20 18 13
"14_37431890_G_C" 9 19 11 15 21 37 17 12 20 17 10 26 21 16 20
"14_38511061_T_C" 21 36 17 6 26 39 27 8 20 20 8 23 19 18 19
"14_38529870_G_C" 5 21 7 23 17 25 23 13 17 14 10 33 21 23 18
"14_39304217_G_A" 7 18 11 15 27 24 13 7 17 20 9 17 22 6 8
"14_40084977_C_G" 7 24 19 20 21 29 18 6 23 15 8 26 23 25 15
"14_40161623_T_G" 11 11 15 20 17 29 16 12 13 18 12 31 15 19 13
"14_42192101_C_T" 8 21 19 10 17 32 16 13 17 27 11 23 17 23 14
"14_42204724_G_A" 8 27 30 13 19 26 19 6 21 13 6 30 20 17 16
"14_42330273_A_G" 18 25 13 18 22 39 26 8 16 22 11 21 21 15 14
"14_42781443_G_A" 8 15 9 21 19 22 24 13 26 19 6 38 22 19 9
"14_43296715_G_T" 8 29 11 12 26 29 13 11 17 18 12 32 22 19 15
"14_43623620_G_T" 17 24 22 13 18 29 16 16 19 12 9 26 24 16 18
"14_43741093_G_A" 14 21 14 20 22 26 18 9 12 19 13 24 16 17 25
"14_44697700_C_G" 5 16 16 14 15 32 23 8 23 14 16 29 24 17 14
"14_44752878_A_G" 14 18 17 17 23 35 25 13 24 15 16 28 25 23 18
"14_46717450_T_C" 9 24 12 17 18 39 17 9 21 19 14 18 15 30 10
"14_47945958_T_A" 10 12 15 20 26 33 20 11 20 18 12 26 19 21 16
"14_48204814_C_T" 8 20 19 14 30 25 18 14 23 19 11 22 20 12 9
"14_48360130_C_A" 13 25 16 8 25 29 12 11 23 14 13 23 28 24 8
"14_49009680_T_C" 9 17 14 16 14 28 15 12 13 20 6 22 22 12 15
"14_50708165_C_A" 14 31 15 17 19 33 14 12 12 16 15 15 17 20 20
"14_50917580_G_A" 17 32 19 30 25 37 17 11 19 20 14 30 24 18 19
"14_52624745_G_T" 11 41 15 25 21 34 24 9 19 26 7 22 18 15 13
"14_53351542_A_C" 16 25 18 25 15 31 20 4 13 12 6 24 20 16 12
"14_56338628_C_T" 13 24 14 14 24 29 27 17 18 23 12 27 16 13 15
"14_57172700_C_A" 14 17 16 23 18 34 16 8 16 15 8 28 22 30 15
"14_57585969_G_A" 18 32 16 25 20 27 21 10 21 22 6 33 12 22 17
"14_58082859_T_G" 12 29 18 26 18 28 19 12 16 20 7 25 27 13 20
"14_59182583_A_G" 9 21 17 25 10 29 17 9 11 14 6 18 18 15 17
"14_60916524_T_G" 14 19 13 17 13 32 21 5 13 22 8 31 15 18 12
"14_62192140_T_A" 5 6 4 2 2 5 3 0 0 3 2 4 4 3 1
"14_63319427_A_C" 11 37 23 21 16 20 19 9 20 21 9 27 14 17 15
"14_64430228_C_G" 16 31 17 24 16 35 16 14 24 16 14 24 17 22 5
"14_64441887_A_C" 5 9 12 7 7 9 9 5 7 12 4 5 13 13 6
"14_65415623_T_G" 9 34 29 28 23 21 19 11 23 19 14 17 19 12 12
"14_65780179_A_T" 14 27 16 25 14 30 14 11 17 12 8 24 13 21 9
"14_67891731_C_T" 28 38 15 23 16 28 19 15 22 10 9 27 16 25 13
"14_70161751_C_G" 19 39 15 26 20 29 21 10 15 9 6 17 15 11 10
"14_71034690_A_C" 15 34 19 19 16 33 16 11 19 17 11 16 22 23 10
"14_71299761_A_C" 9 18 10 9 15 19 11 8 12 15 5 17 12 14 8
"14_73127141_C_G" 15 43 10 31 24 30 18 15 11 21 11 25 19 18 13
"14_73972291_G_T" 20 37 26 29 22 26 15 7 19 16 10 27 29 17 14
"14_74340784_A_C" 8 32 26 31 16 19 11 7 18 16 11 23 14 17 22
"14_74540769_C_T" 12 28 20 37 26 29 20 4 21 26 15 22 12 19 13
"14_76493286_G_T" 19 41 24 28 27 34 22 7 23 9 10 26 15 25 12
"14_76645089_T_G" 16 28 16 32 21 31 13 13 19 17 7 19 20 17 11
"14_79212474_A_C" 10 16 20 17 13 27 18 8 19 13 12 33 9 20 17
"14_79276276_G_T" 12 29 24 27 23 19 23 7 8 27 12 23 15 11 21
"14_79277652_T_C" 15 36 18 15 19 32 24 15 12 10 7 28 11 12 18
"14_80555939_C_A" 21 17 18 17 29 25 25 12 28 19 6 29 20 21 13
"14_81310771_G_A" 13 33 6 17 23 28 16 11 22 22 9 30 19 17 9
"14_83578136_C_G" 10 25 17 18 19 25 18 8 17 17 7 40 20 15 20
"14_84198804_T_G" 12 25 13 21 22 33 12 9 25 24 17 37 19 26 15
"14_84220674_T_G" 12 30 10 10 23 30 18 9 30 17 11 26 12 21 19
"14_84949097_T_A" 20 27 7 11 27 29 21 6 18 16 13 24 16 19 19
"14_85166838_T_C" 10 29 20 14 23 35 21 11 26 15 7 27 29 21 7
"14_85370143_C_A" 4 24 17 20 26 31 15 6 15 20 9 20 21 14 12
"14_85833072_T_G" 9 25 15 22 15 31 16 9 19 23 16 30 11 18 14
"14_86359374_C_A" 14 27 10 22 28 25 21 8 16 24 7 27 26 17 16
"14_88459668_G_C" 11 55 25 25 20 25 18 8 14 18 13 25 21 18 2
"14_89528466_C_G" 10 37 18 26 21 31 15 12 26 25 8 27 18 22 13
"14_92224612_A_G" 13 31 21 28 13 35 16 10 17 19 13 31 25 13 9
"14_92477536_A_C" 16 34 26 36 25 24 19 10 21 21 17 27 15 15 10
"14_93643363_G_C" 10 39 17 33 23 33 26 8 26 28 14 22 19 19 18
"14_95300309_C_T" 18 47 26 28 22 35 22 14 19 19 8 24 19 19 4
"14_95570847_T_A" 21 33 21 26 20 27 12 12 32 19 3 33 18 24 11
"14_97687448_T_G" 18 33 22 19 17 25 15 13 14 15 14 27 20 14 16
"14_98219411_G_C" 19 31 17 31 23 30 13 11 20 10 10 24 16 23 6
"14_98489637_G_C" 14 36 29 25 24 23 17 11 20 23 15 22 15 18 11
"14_99284940_A_C" 11 27 21 17 7 15 12 6 13 14 11 18 8 13 10
"15_100004030_C_T" 19 29 28 17 24 30 18 13 19 13 8 26 23 19 16
"15_101227036_C_A" 30 43 25 24 13 29 18 9 29 15 5 29 13 13 11
"15_101287904_C_T" 23 35 27 28 19 28 18 7 19 15 12 18 16 17 11
"15_101567989_G_C" 19 38 23 33 17 20 16 12 14 14 6 19 16 15 10
"15_102399473_A_G" 21 38 20 21 19 25 19 5 12 17 15 27 24 18 11
"15_21148031_G_A" 26 40 23 28 27 37 23 17 28 24 14 27 23 28 21
"15_23947765_G_A" 14 27 23 21 20 28 20 14 20 19 7 30 23 15 12
"15_24582653_G_A" 10 11 16 18 25 29 16 8 20 19 6 26 20 19 15
"15_24863760_A_C" 11 26 14 19 18 34 17 23 18 18 10 27 18 25 14
"15_25019229_A_C" 15 34 17 11 12 33 14 10 24 20 9 30 20 23 23
"15_25088069_G_A" 18 26 23 16 13 34 13 14 24 20 8 29 23 15 12
"15_25737512_A_C" 15 30 14 27 23 33 21 10 24 18 15 30 22 36 16
"15_26332645_T_A" 13 34 16 15 18 16 14 8 21 21 13 20 12 26 18
"15_26914061_A_T" 18 24 11 20 24 22 11 11 13 12 9 26 23 12 15
"15_27990315_G_T" 15 35 21 22 16 36 20 22 20 14 16 26 19 17 7
"15_29542344_A_C" 16 29 22 26 19 33 13 14 18 14 8 28 18 19 21
"15_30167863_G_C" 6 23 20 27 25 23 18 12 25 15 9 24 28 13 11
"15_31277841_A_C" 10 41 23 28 20 26 14 6 17 14 19 28 18 25 12
"15_34293009_C_T" 13 31 10 34 14 27 19 9 18 17 6 39 20 17 17
"15_35405146_A_C" 22 26 20 25 21 33 20 12 24 29 8 31 15 19 18
"15_36339292_C_T" 14 26 18 25 15 23 14 9 22 19 10 20 16 15 16
"15_36711194_A_C" 8 19 25 17 30 27 17 14 22 20 10 38 30 21 17
"15_37621411_A_T" 24 23 24 10 23 36 12 8 17 16 20 31 23 22 21
"15_38871720_A_T" 11 22 23 15 20 35 5 12 20 15 12 12 16 13 12
"15_39076072_T_G" 17 29 21 20 17 32 13 8 24 21 8 21 19 23 14
"15_40330835_T_A" 15 39 18 27 25 28 13 5 16 18 5 27 18 15 17
"15_41362795_A_G" 21 34 22 34 15 35 15 11 31 25 17 26 13 22 19
"15_42555098_A_T" 21 30 25 35 20 34 20 8 21 20 8 22 16 27 11
"15_42588177_T_A" 17 37 28 25 23 34 15 5 21 23 11 23 14 16 5
"15_42784036_T_G" 24 47 33 34 17 25 13 6 18 14 17 35 21 15 15
"15_43041599_A_G" 13 43 24 27 15 24 24 11 17 20 4 25 22 20 16
"15_43679440_T_C" 18 55 22 31 16 27 16 8 17 15 8 27 18 13 12
"15_44499002_A_C" 6 40 19 22 18 32 18 8 16 18 7 22 15 15 13
"15_44581295_T_A" 13 40 27 37 15 24 9 6 21 19 12 29 20 13 10
"15_44953804_T_A" 16 45 21 33 15 34 10 13 25 26 5 22 29 19 18
"15_46150505_C_T" 19 37 14 28 20 32 12 8 22 10 10 27 28 25 15
"15_46640450_A_T" 12 23 16 26 16 23 21 13 26 28 14 23 13 25 16
"15_48384339_C_T" 10 21 14 20 8 29 12 10 16 11 12 27 19 23 21
"15_48390607_G_A" 9 31 16 24 16 29 20 9 26 24 11 30 30 23 18
"15_49433982_G_T" 14 28 14 20 26 37 19 9 17 23 7 27 23 16 10
"15_50023849_A_T" 11 41 12 23 29 39 20 10 25 16 11 18 19 18 17
"15_50923192_G_A" 12 37 22 26 18 25 10 7 15 23 10 26 14 11 13
"15_53169359_C_T" 11 24 12 20 15 20 17 16 23 22 10 24 25 24 15
"15_56332407_G_A" 18 31 20 32 17 26 16 13 18 22 13 33 16 14 15
"15_58057263_G_A" 15 31 11 22 23 28 21 5 23 13 9 19 14 18 7
"15_58468742_T_C" 17 22 21 18 16 29 11 10 17 17 4 16 15 11 7
"15_58578873_G_C" 12 32 18 32 10 26 16 11 21 20 10 28 24 15 20
"15_58965472_G_C" 19 35 24 23 32 28 17 8 21 12 9 15 18 23 9
"15_59664941_A_T" 16 41 31 32 16 28 19 19 15 12 10 24 19 13 9
"15_61389146_C_G" 20 41 24 31 20 29 19 10 24 17 6 22 14 19 17
"15_63358499_T_G" 12 21 11 22 7 14 7 3 9 9 4 12 8 13 7
"15_63635451_T_C" 8 25 14 17 12 21 7 3 9 3 9 15 10 17 6
"15_65720133_A_T" 13 32 25 32 12 37 17 8 17 18 9 22 18 21 22
"15_66006610_G_A" 13 27 21 32 24 37 23 5 19 11 9 21 12 22 15
"15_67060045_T_G" 26 36 29 30 18 33 19 11 27 21 9 21 17 19 8
"15_68974224_C_G" 16 42 26 25 19 29 20 7 16 13 10 23 15 25 22
"15_69681224_C_G" 16 59 21 36 19 31 15 10 19 21 13 17 13 26 12
"15_70195548_T_G" 17 45 18 36 17 33 11 12 13 16 8 20 18 14 16
"15_71588627_T_G" 18 40 26 27 22 16 13 9 24 18 14 23 20 21 14
"15_73192279_C_T" 12 35 19 31 21 37 19 12 21 17 17 30 15 25 11
"15_73299837_G_A" 11 32 23 28 20 23 18 12 13 17 4 16 14 19 16
"15_73330182_G_A" 20 50 23 30 24 29 21 8 24 24 16 24 22 24 16
"15_73833416_T_C" 15 27 20 25 13 30 17 3 21 11 7 20 14 14 12
"15_78241514_T_G" 42 71 33 83 41 48 46 24 50 40 18 45 36 30 34
"15_80557162_A_G" 23 45 23 42 16 40 23 7 17 18 3 21 30 19 21
"15_82102519_G_C" 18 47 27 28 24 31 26 15 25 18 8 26 24 33 23
"15_83567763_A_C" 19 38 20 33 19 23 16 10 13 19 6 29 17 19 16
"15_83696620_A_G" 20 40 27 34 19 41 21 7 14 18 11 22 16 18 10
"15_86245650_G_C" 17 45 35 32 24 29 19 8 21 12 12 24 18 12 16
"15_86697753_C_G" 12 24 20 14 19 31 27 11 14 21 8 27 26 22 12
"15_86869901_T_G" 14 29 16 20 20 29 18 5 16 20 14 24 19 24 9
"15_86934591_G_T" 17 44 17 26 16 34 23 14 20 24 16 24 30 17 13
"15_87586478_T_A" 8 32 21 13 16 24 22 20 14 15 5 21 15 16 15
"15_88480436_G_C" 18 48 22 25 22 25 20 11 20 16 12 22 18 26 12
"15_89159810_G_T" 19 45 27 24 25 29 19 11 11 13 10 20 18 24 19
"15_89792602_G_A" 29 41 21 26 25 37 21 6 21 18 8 30 18 19 18
"15_89845809_T_A" 8 31 18 28 14 23 22 9 17 8 9 17 14 19 12
"15_92405206_G_C" 6 22 13 15 17 13 5 4 14 9 14 20 8 7 5
"15_94390378_G_A" 17 34 17 30 23 37 20 10 21 12 11 28 15 19 12
"15_95095318_A_G" 21 30 22 31 11 21 17 10 14 10 6 19 18 26 18
"15_95376809_G_A" 14 34 19 22 21 38 19 16 29 18 16 29 22 11 14
"15_95473823_T_G" 13 28 22 21 20 31 16 12 20 25 8 25 18 31 20
"15_95611068_T_G" 8 37 18 32 18 28 13 8 15 23 9 23 20 24 26
"15_96475596_C_T" 15 27 13 16 18 19 17 7 19 20 14 22 19 25 9
"15_97846239_A_C" 15 31 17 30 21 35 19 11 10 18 15 22 20 15 13
"15_98985132_C_G" 17 31 19 29 13 26 16 8 16 20 5 29 19 22 12
"15_98989821_G_A" 13 29 22 29 20 33 21 13 17 10 9 16 15 19 14
"15_99378300_C_G" 7 29 17 20 13 20 14 10 22 10 5 19 12 14 15
"16_11108379_T_C" 21 30 18 32 17 37 24 14 13 16 10 21 25 13 15
"16_11377738_C_T" 19 42 36 39 14 24 18 9 15 11 15 25 17 16 13
"16_12080808_C_G" 16 39 16 40 27 31 25 8 14 22 11 27 10 14 10
"16_13467196_A_C" 16 39 23 28 23 27 14 6 22 14 7 21 14 22 17
"16_13660826_A_G" 13 43 19 30 15 22 13 15 21 17 15 41 20 22 17
"16_13828568_C_T" 19 35 18 34 23 41 21 15 32 20 10 30 22 35 17
"16_16048946_C_T" 12 57 18 31 17 30 19 15 22 24 14 23 11 19 9
"16_19512804_T_C" 14 52 24 32 21 29 18 12 18 24 12 30 12 21 6
"16_20092405_A_C" 17 36 23 36 8 35 22 12 19 17 12 31 16 23 20
"16_20121994_A_T" 15 41 22 38 19 20 16 10 13 13 7 29 14 23 11
"16_21297649_T_G" 10 30 23 27 21 22 12 14 18 18 8 17 18 10 14
"16_22309847_C_T" 20 41 21 44 20 27 22 4 25 16 6 28 17 31 12
"16_23530232_A_C" 15 42 19 32 29 37 17 17 16 14 10 25 13 14 11
"16_23609000_T_G" 22 51 24 22 27 28 11 9 18 29 10 26 22 15 13
"16_23654659_G_A" 26 37 25 34 15 36 20 7 16 14 11 27 14 24 20
"16_24427929_T_G" 11 26 28 32 22 25 17 10 16 18 10 23 23 20 15
"16_25468763_C_T" 12 32 13 26 20 27 13 7 20 9 9 21 20 23 22
"16_25802763_G_A" 16 25 24 32 18 33 26 13 21 27 6 34 19 25 10
"16_25927059_A_G" 15 35 22 30 21 39 21 8 17 16 6 24 20 17 21
"16_26228432_G_A" 20 32 22 37 11 27 11 12 30 21 15 17 26 20 14
"16_26435988_C_G" 16 34 27 23 23 39 18 12 18 17 9 28 20 20 18
"16_26977149_C_G" 15 43 17 26 16 34 12 12 23 21 9 22 13 23 14
"16_27381726_T_C" 13 43 28 47 18 31 15 15 23 23 14 26 15 24 17
"16_3014854_G_A" 25 46 18 41 17 27 14 6 22 12 7 25 10 19 13
"16_30322874_A_T" 11 48 11 25 24 21 12 6 14 19 5 26 13 13 11
"16_30707433_G_A" 21 38 22 28 16 16 11 8 16 16 15 18 8 16 16
"16_32031512_C_T" 24 58 25 30 18 35 22 17 26 26 9 23 16 17 13
"16_32338575_A_G" 9 17 11 14 14 14 6 5 7 9 5 18 5 8 8
"16_32397020_C_G" 17 37 23 27 31 26 22 5 28 20 7 32 27 16 15
"16_32599563_G_T" 21 39 22 38 19 31 17 9 16 22 14 32 15 16 17
"16_33367632_A_T" 20 53 38 52 42 51 30 17 49 30 18 47 36 19 27
"16_34745255_C_A" 22 25 15 28 21 32 14 15 27 14 9 33 20 15 13
"16_47196805_G_C" 17 25 19 21 19 31 19 5 16 12 8 25 21 15 6
"16_47196845_A_C" 15 23 21 21 18 26 17 3 16 12 8 25 18 16 9
"16_47921677_G_A" 4 27 24 34 16 21 20 10 15 14 12 28 21 22 17
"16_51948810_A_T" 12 29 11 20 23 26 16 9 18 21 10 22 15 15 13
"16_52488259_C_T" 12 28 16 19 32 25 12 8 23 14 11 20 21 23 13
"16_53423319_G_T" 19 32 20 29 9 35 20 14 23 19 6 22 16 10 7
"16_53454619_A_C" 12 39 24 28 26 24 19 9 15 17 9 30 8 16 16
"16_54175244_C_G" 16 33 13 21 24 24 19 5 34 17 11 26 15 22 15
"16_54567978_T_A" 14 10 12 23 6 24 15 12 9 21 8 25 11 5 4
"16_55398909_C_T" 18 33 22 26 21 34 15 15 19 20 4 25 16 22 15
"16_55763701_G_A" 14 29 16 31 13 32 19 18 21 16 10 20 20 18 17
"16_55988769_T_G" 12 43 25 20 24 28 16 14 7 24 6 23 14 25 20
"16_56001791_G_A" 16 31 13 24 20 34 17 12 22 21 12 23 16 17 14
"16_56797370_T_G" 11 50 23 32 19 27 21 9 23 31 14 19 15 21 13
"16_57743306_C_A" 15 55 22 24 28 21 29 14 27 14 6 26 31 11 17
"16_58943891_G_T" 8 44 16 16 21 40 12 17 18 18 11 34 15 25 9
"16_60475374_C_A" 9 21 23 20 16 30 19 12 26 19 12 28 23 25 15
"16_60496502_T_A" 16 11 21 19 15 29 20 11 34 21 8 20 21 21 11
"16_6137352_A_C" 9 28 26 38 22 30 18 8 23 13 8 25 22 21 5
"16_61438256_G_A" 8 24 15 15 16 17 31 18 12 15 3 16 19 19 12
"16_61874774_C_T" 16 23 14 17 16 21 17 5 25 22 9 21 20 12 11
"16_61894749_A_T" 10 23 17 17 31 33 21 11 18 20 16 21 18 13 20
"16_61903887_A_T" 12 32 9 21 27 32 16 7 22 16 12 30 19 24 16
"16_63236815_G_T" 10 29 19 27 25 21 15 7 23 11 11 32 23 16 15
"16_63245029_C_T" 17 24 28 14 27 42 17 16 18 21 13 26 23 18 12
"16_63251215_A_C" 7 23 15 14 21 36 18 15 27 20 8 24 16 17 16
"16_63322935_A_G" 11 16 15 17 21 25 20 10 20 17 14 26 15 8 18
"16_63545048_C_A" 13 18 13 19 21 26 18 10 15 16 7 35 25 21 9
"16_63778311_A_C" 9 17 16 21 13 22 18 11 16 13 7 32 15 14 17
"16_63811420_C_A" 9 17 6 18 20 29 17 9 26 21 8 21 24 25 13
"16_63941194_A_C" 13 25 15 16 15 25 14 9 22 20 9 32 17 20 10
"16_64982648_A_C" 9 29 13 16 18 18 15 8 20 15 8 25 13 21 16
"16_64998793_T_G" 11 28 25 16 21 32 22 17 21 17 4 23 19 20 12
"16_65372727_T_A" 12 25 20 17 24 25 22 20 23 17 7 21 14 17 14
"16_65471048_G_A" 19 31 14 34 28 34 20 10 14 18 11 13 23 10 18
"16_66447110_G_T" 23 36 24 25 15 19 20 15 17 15 10 15 14 20 21
"16_66769354_T_C" 12 34 26 24 19 28 15 8 20 20 15 25 18 13 18
"16_67107980_G_T" 14 42 32 45 18 26 15 10 20 14 9 23 14 14 12
"16_67350578_G_A" 12 41 27 26 19 29 22 8 20 17 11 19 16 17 11
"16_67947402_T_G" 17 39 17 30 16 21 23 13 12 28 8 23 20 18 14
"16_68273321_C_A" 13 46 21 38 20 34 23 7 22 15 6 30 7 16 12
"16_6835588_A_T" 13 26 16 24 19 35 22 12 25 19 9 27 12 21 20
"16_68910067_A_T" 16 36 16 27 21 27 19 10 20 16 13 14 16 14 13
"16_69678247_A_C" 24 36 30 41 22 24 22 11 21 19 11 19 12 23 18
"16_69714081_A_T" 11 44 25 27 20 44 15 11 23 20 10 19 21 20 17
"16_70676445_C_T" 27 46 23 30 17 30 17 7 18 24 9 28 22 14 19
"16_73509104_G_A" 11 31 19 32 20 31 22 12 24 14 11 32 20 17 16
"16_7359322_G_A" 14 40 22 20 24 34 17 12 19 21 15 27 18 31 11
"16_73633412_A_G" 16 39 15 19 26 31 24 9 21 21 16 25 17 16 19
"16_741044_G_A" 20 55 18 30 20 26 15 4 19 20 10 13 17 18 15
"16_74160325_A_G" 22 31 24 27 18 33 18 12 24 23 7 24 22 24 11
"16_75642756_C_A" 14 31 24 17 17 37 15 10 22 14 7 28 16 20 9
"16_76062434_T_G" 18 28 18 22 27 28 28 9 18 22 12 24 24 17 16
"16_76340088_T_A" 14 24 16 17 26 40 15 9 17 22 11 32 17 15 18
"16_76587255_T_G" 11 26 16 16 22 23 17 13 28 20 7 17 16 25 20
"16_76884298_G_A" 15 26 17 26 19 27 24 13 19 13 10 17 13 19 16
"16_77111222_A_G" 4 25 22 14 18 28 15 14 26 18 11 15 25 18 17
"16_78953290_A_G" 18 30 17 32 21 32 10 9 19 18 10 27 16 24 14
"16_80246178_C_T" 22 36 14 22 18 31 23 15 22 18 14 13 18 27 15
"16_8102214_T_A" 13 36 32 27 16 31 17 9 19 13 8 25 19 17 17
"16_81201267_C_T" 10 50 25 34 26 27 19 13 21 16 14 20 21 14 18
"16_81785063_T_G" 21 48 20 26 18 34 8 6 19 10 8 30 20 23 17
"16_82141621_T_C" 13 52 27 31 19 19 16 8 23 18 15 26 14 15 15
"16_84303056_G_T" 18 39 22 34 15 16 21 8 24 13 7 13 14 29 16
"16_86120864_C_T" 19 45 16 37 16 32 23 5 18 16 15 20 9 15 12
"16_86166915_G_A" 17 43 18 37 20 34 17 13 26 15 8 28 18 12 11
"16_87134181_G_A" 11 50 23 32 19 29 18 11 26 15 5 27 15 18 4
"16_87405342_G_A" 17 46 28 39 26 22 10 8 23 16 8 27 12 16 14
"16_88833572_T_G" 13 40 15 27 10 12 10 7 10 6 1 15 11 14 11
"16_88933592_C_A" 20 45 21 49 17 16 20 9 8 20 12 23 20 11 15
"16_89146503_C_T" 20 49 22 36 25 36 16 9 22 15 5 21 13 26 21
"16_89214228_A_G" 23 44 25 33 23 23 10 4 20 14 9 11 13 21 17
"16_9207684_A_G" 13 39 17 28 19 24 14 6 14 20 6 23 12 14 16
"16_9320353_T_A" 2 5 3 3 3 8 4 0 0 1 0 3 2 3 2
"17_12548096_T_G" 18 26 16 28 8 20 9 13 27 22 11 24 17 16 8
"17_12880877_A_C" 16 28 15 25 13 30 19 8 17 12 10 27 16 12 9
"17_13217932_C_A" 8 32 22 22 22 30 21 4 16 18 11 22 22 16 19
"17_13985943_G_T" 21 31 20 29 14 32 13 10 21 14 14 30 17 24 16
"17_14406603_C_A" 24 31 30 28 18 33 19 17 17 18 11 37 18 26 10
"17_14418276_T_C" 19 43 30 38 23 27 20 8 6 14 13 20 17 20 18
"17_14852874_G_A" 21 46 27 36 15 21 17 8 13 15 8 42 20 23 10
"17_15181856_G_T" 20 35 17 28 19 22 20 11 20 15 10 23 17 15 15
"17_16136347_G_A" 19 34 20 40 16 31 25 13 24 21 7 20 10 26 11
"17_17932974_A_C" 11 43 20 36 18 26 13 8 19 9 9 27 17 16 15
"17_19218293_T_C" 15 33 13 25 7 23 21 12 18 10 9 24 19 22 12
"17_19315735_T_G" 13 44 22 33 16 24 12 9 17 12 7 21 19 13 20
"17_20256764_G_T" 12 32 18 19 22 20 23 9 25 15 6 28 19 22 14
"17_21726711_A_C" 8 15 14 22 21 29 14 11 22 12 10 28 16 14 15
"17_25525675_T_G" 29 47 25 29 28 30 15 6 14 15 9 23 21 18 14
"17_28185538_C_A" 22 42 32 34 19 22 18 8 15 10 7 28 21 29 8
"17_28567455_G_T" 13 42 22 24 17 26 22 14 16 20 10 26 12 27 20
"17_29654779_A_G" 21 31 17 32 28 19 16 6 18 21 12 15 12 18 9
"17_31438640_C_A" 17 24 18 35 21 29 15 10 19 13 15 12 28 22 12
"17_33091762_C_T" 17 50 23 47 27 15 14 19 24 12 8 28 14 10 26
"17_34951525_T_G" 14 32 16 23 24 29 13 9 20 13 12 20 12 22 11
"17_36236452_A_G" 21 39 19 25 28 30 13 10 28 23 7 24 19 19 21
"17_36330035_T_A" 9 11 12 7 3 4 5 2 0 3 2 0 4 6 6
"17_36989993_A_C" 23 46 17 32 25 29 13 11 20 17 9 28 14 22 14
"17_38734516_A_C" 21 32 24 45 14 33 13 4 24 26 7 31 16 16 12
"17_40023764_A_T" 18 50 30 34 23 26 19 6 22 31 11 33 13 24 16
"17_40251404_C_T" 19 41 20 24 20 27 11 11 20 23 3 20 16 22 5
"17_41893517_C_G" 12 51 23 37 16 33 18 13 22 14 11 34 16 22 15
"17_43328660_G_T" 14 44 24 38 19 34 21 7 13 16 4 20 18 19 21
"17_43547117_G_T" 17 34 19 29 19 35 22 8 11 17 6 18 20 22 11
"17_43908530_T_G" 21 52 17 37 16 25 19 12 13 23 10 22 10 22 15
"17_447910_T_C" 19 38 28 37 21 29 12 6 13 15 9 21 16 16 17
"17_4525547_C_T" 23 47 22 48 20 22 27 4 23 21 10 27 17 24 18
"17_45327370_A_G" 18 51 25 42 13 26 17 12 23 11 8 27 20 14 14
"17_45814349_G_T" 8 36 24 17 19 17 17 8 19 10 8 24 16 7 7
"17_46854859_G_A" 13 56 17 25 21 29 17 9 25 18 14 23 12 13 12
"17_46941536_A_C" 14 30 23 25 16 29 20 9 11 17 7 28 11 14 14
"17_48276552_A_C" 10 21 14 16 10 16 6 8 9 12 8 18 10 11 8
"17_48884172_A_T" 16 37 18 33 20 27 16 9 14 18 7 25 10 14 15
"17_49677425_T_G" 13 35 34 18 12 29 28 10 26 15 9 26 8 18 13
"17_50124655_T_G" 17 33 23 25 21 31 25 8 16 11 18 21 25 18 18
"17_50750628_A_C" 13 42 23 23 27 27 19 10 19 19 15 17 16 25 9
"17_51401412_T_C" 21 36 21 25 16 28 20 8 17 17 9 38 16 22 20
"17_51695888_G_A" 11 17 18 20 16 24 22 8 17 21 9 30 21 25 16
"17_52140795_A_T" 27 24 9 26 22 30 12 12 15 14 9 22 20 18 16
"17_52534388_A_G" 12 31 21 25 24 28 26 11 24 18 9 34 22 25 16
"17_56427165_T_C" 22 48 33 36 27 24 18 5 18 14 7 27 16 14 18
"17_56569128_G_A" 21 54 21 42 20 38 22 13 28 13 9 26 10 24 14
"17_57577699_C_A" 19 38 17 27 15 18 11 8 14 15 8 26 19 13 9
"17_57703399_T_C" 16 44 21 31 20 30 18 14 24 13 12 18 13 20 15
"17_57795173_C_A" 13 47 19 33 16 30 20 9 22 13 10 20 14 27 8
"17_58600963_G_A" 20 57 19 23 11 25 13 8 12 20 16 30 19 24 13
"17_58646301_T_G" 10 29 17 27 18 27 21 13 9 15 6 21 16 14 12
"17_59306290_C_G" 14 35 20 28 11 45 18 8 17 26 8 23 21 28 14
"17_59567147_G_T" 14 48 29 31 28 30 18 10 7 16 11 24 15 19 27
"17_59650364_C_A" 18 25 22 28 22 31 24 9 23 23 11 19 21 17 13
"17_59699039_G_C" 17 40 20 31 13 31 29 15 16 11 6 35 16 10 14
"17_62948805_C_A" 15 35 8 29 16 21 16 8 19 16 9 25 19 22 19
"17_63295932_T_G" 12 33 13 30 16 30 14 13 11 15 10 21 18 21 15
"17_63496876_A_C" 13 52 18 24 21 27 24 9 19 18 10 26 15 27 15
"17_65217124_A_T" 13 33 25 37 18 31 26 4 18 15 12 22 11 20 16
"17_65276489_T_G" 6 25 18 24 15 27 20 13 19 12 10 29 13 25 13
"17_66795052_C_A" 20 41 22 32 20 26 17 6 21 19 9 32 23 26 10
"17_67423921_G_A" 12 34 25 26 22 35 15 10 24 14 8 25 13 17 19
"17_69487569_A_G" 20 22 28 21 13 29 26 11 22 20 12 33 18 14 12
"17_69655620_T_G" 10 30 20 18 19 30 14 14 23 21 13 19 18 33 18
"17_70643471_G_A" 15 41 24 35 24 25 8 7 19 14 3 26 12 10 12
"17_71388931_G_T" 13 43 19 30 16 38 24 7 19 14 6 19 20 20 17
"17_71595051_G_A" 18 43 12 46 23 32 21 8 31 17 9 25 16 17 14
"17_71771428_G_C" 12 39 21 36 17 19 23 11 23 19 7 31 12 22 9
"17_72313570_G_A" 17 30 27 28 18 27 9 9 16 14 10 25 9 17 17
"17_75909094_A_T" 17 43 13 40 19 28 15 9 17 24 11 29 20 14 10
"17_76465911_C_T" 12 43 18 30 23 24 12 5 16 17 12 28 20 18 9
"17_78523679_A_G" 21 52 24 47 20 22 17 7 24 11 14 29 14 21 15
"17_79285244_C_T" 25 59 14 31 12 23 16 13 10 15 8 25 14 18 6
"17_79561018_G_A" 19 48 19 42 19 25 10 9 15 19 11 25 5 16 9
"17_81141519_A_G" 4 8 5 1 7 5 6 2 3 3 2 3 1 2 5
"17_8184274_C_T" 18 46 20 36 18 21 22 7 14 25 9 29 14 19 10
"17_8493103_A_T" 15 44 21 35 13 14 19 7 24 14 9 15 21 17 16
"17_928132_G_C" 14 46 27 44 18 30 21 12 16 16 8 21 12 15 10
"17_9622146_A_G" 15 31 13 26 17 34 17 10 16 20 8 26 21 17 15
"18_10181647_G_C" 11 43 21 22 22 25 20 13 13 11 16 37 20 24 14
"18_10406779_A_C" 11 46 23 30 22 27 22 9 17 26 10 36 19 27 17
"18_12131206_T_G" 16 23 20 19 17 27 14 12 18 25 9 23 16 25 11
"18_12433747_T_A" 14 29 14 16 22 24 22 7 26 14 9 28 17 16 10
"18_12657665_A_C" 10 17 13 22 15 15 9 9 12 13 6 8 14 8 8
"18_1315080_T_G" 12 22 18 15 22 42 25 16 25 19 6 26 21 29 10
"18_13165482_G_A" 27 32 17 15 18 30 20 8 22 23 9 25 19 17 16
"18_13981635_G_A" 1 8 3 3 8 10 6 0 4 4 1 4 3 2 0
"18_14818965_A_T" 9 31 8 18 20 17 17 9 14 12 3 17 13 13 20
"18_15370351_G_A" 5 33 17 14 12 18 11 7 19 9 9 30 19 15 7
"18_1856092_G_T" 12 23 13 20 18 22 19 8 14 15 7 28 15 24 15
"18_20052736_A_G" 6 31 19 18 25 26 21 8 22 11 6 24 17 17 9
"18_20827174_C_A" 10 39 21 27 20 33 19 9 23 13 2 27 18 22 9
"18_21040851_A_G" 16 25 12 27 22 37 17 9 9 10 9 20 21 17 12
"18_2214135_G_A" 13 30 17 17 17 28 19 9 19 20 9 25 22 22 15
"18_23045873_C_A" 8 33 21 22 20 30 18 18 19 15 6 32 22 29 15
"18_23128835_C_G" 9 21 12 25 24 36 14 9 16 18 16 26 8 20 17
"18_23233363_A_T" 12 39 19 21 24 36 20 12 24 18 12 20 20 21 14
"18_23335283_T_G" 13 21 18 10 19 18 14 11 15 24 9 23 17 19 13
"18_23449641_C_G" 13 26 13 20 10 33 14 10 17 14 10 16 17 11 9
"18_24215946_A_C" 7 17 6 10 12 19 14 1 9 10 1 17 4 13 6
"18_25640899_T_G" 9 13 20 16 13 37 12 16 17 20 9 28 26 12 18
"18_26044147_G_T" 7 17 19 24 22 24 25 6 23 17 9 30 18 28 13
"18_26636488_C_T" 11 22 19 20 25 24 10 9 23 25 9 28 23 20 10
"18_26860755_G_A" 8 22 19 15 20 26 13 6 15 17 15 29 22 16 24
"18_27168585_C_T" 14 20 19 16 12 21 18 7 19 18 7 28 19 24 13
"18_27577830_G_A" 11 22 12 16 22 26 20 9 28 17 5 28 16 22 20
"18_27920931_T_G" 9 12 17 12 24 34 21 14 29 21 13 29 24 26 16
"18_28158300_A_C" 15 13 13 13 21 31 19 15 24 20 8 34 16 17 15
"18_28168234_G_A" 10 20 10 18 27 33 23 11 23 17 16 23 24 26 11
"18_28372749_C_T" 10 21 10 28 22 32 17 11 29 17 10 34 13 16 9
"18_30119639_T_C" 12 21 20 21 16 27 15 11 22 20 13 27 21 25 14
"18_30175946_A_C" 6 30 16 16 20 19 19 9 22 23 6 25 19 18 15
"18_30683546_T_A" 6 21 12 12 17 22 13 14 21 15 7 25 26 19 11
"18_31423335_C_T" 3 14 11 9 9 31 14 8 17 10 10 20 11 14 10
"18_31467955_C_T" 13 25 9 14 28 19 16 10 28 19 8 23 20 20 8
"18_33603146_C_G" 20 30 14 19 17 33 14 12 24 24 9 17 28 17 15
"18_34787875_C_G" 7 29 13 32 19 29 15 13 18 14 12 30 12 16 16
"18_36049205_G_T" 11 17 16 23 18 35 11 9 24 14 10 24 16 17 13
"18_36115318_C_T" 16 12 15 9 22 25 16 5 19 11 10 22 16 19 17
"18_36350725_A_T" 13 24 16 16 19 33 24 12 18 10 8 30 21 21 16
"18_36430445_T_A" 12 23 16 16 23 22 11 11 22 13 10 24 24 34 11
"18_37127081_A_C" 13 27 21 15 22 27 17 12 22 11 9 26 13 17 14
"18_37144232_G_A" 14 13 3 4 5 9 14 3 18 9 1 12 5 10 2
"18_38185833_A_T" 15 21 22 17 17 33 16 8 19 17 7 29 22 18 19
"18_38653331_T_A" 10 18 12 14 14 21 8 10 20 18 9 18 17 17 9
"18_38911027_A_C" 7 14 13 17 21 32 23 7 18 17 4 22 20 21 15
"18_39449047_A_C" 10 37 18 18 20 27 16 12 16 17 11 27 14 16 13
"18_40818921_C_T" 12 23 10 22 25 23 18 12 22 17 16 28 26 20 6
"18_41109717_G_A" 15 28 13 22 21 30 9 12 27 19 9 26 19 27 20
"18_41383674_T_A" 6 27 18 16 22 23 14 10 16 15 17 28 20 14 18
"18_41672596_A_T" 16 33 14 20 28 33 24 7 17 21 14 25 15 16 9
"18_41988316_A_G" 10 24 20 21 25 41 16 8 21 20 7 24 20 24 15
"18_42127439_A_T" 14 18 12 21 23 33 20 12 20 19 3 22 27 23 17
"18_42557800_C_T" 15 41 20 15 15 25 15 13 18 20 6 30 7 20 17
"18_43079126_G_T" 10 34 20 19 22 28 13 11 26 12 6 42 26 26 16
"18_4314303_G_T" 7 24 15 23 24 17 18 12 17 19 8 25 22 18 12
"18_44296922_C_T" 15 34 16 27 20 27 27 5 20 11 9 20 22 18 17
"18_45575998_A_G" 10 26 16 27 18 17 19 4 20 13 13 22 17 20 17
"18_46316239_A_C" 13 36 13 18 23 19 15 17 20 16 10 24 15 21 4
"18_47084231_T_C" 9 21 8 17 21 32 24 9 19 12 9 20 14 13 16
"18_49701677_C_A" 9 25 9 15 19 26 21 12 24 16 12 41 24 19 15
"18_49886709_A_C" 17 39 20 21 21 30 17 9 21 18 13 32 18 22 15
"18_50572747_T_G" 13 27 18 24 16 25 18 11 20 23 5 24 24 17 22
"18_52850550_C_T" 16 30 14 29 17 24 22 11 25 18 13 28 22 16 14
"18_55063745_G_T" 10 30 12 20 22 36 15 11 17 24 11 23 26 20 12
"18_55996822_C_T" 11 27 23 24 14 22 21 2 18 14 9 21 18 14 12
"18_56197761_C_G" 14 40 24 26 19 31 12 4 14 16 9 30 19 14 18
"18_56956991_T_C" 18 19 26 18 18 30 19 7 22 17 4 25 17 25 13
"18_57203949_C_T" 2 23 18 17 15 26 18 8 19 17 10 32 17 17 11
"18_58585543_T_C" 7 22 17 20 22 36 17 7 22 24 9 34 19 14 14
"18_6008530_C_T" 15 28 19 24 20 26 22 11 20 18 13 27 19 20 13
"18_61771333_G_C" 11 28 16 17 21 41 23 12 21 23 9 26 22 21 12
"18_61940132_T_C" 14 27 18 15 23 32 24 17 28 16 9 21 21 19 15
"18_62428622_C_A" 11 21 15 16 24 28 24 13 18 16 11 23 22 24 17
"18_6273603_C_T" 9 28 20 27 31 29 21 12 18 23 11 23 9 38 26
"18_64365945_C_A" 15 26 16 13 17 42 16 11 17 29 5 24 29 24 12
"18_65403708_G_T" 11 19 10 17 18 29 16 18 24 22 16 25 18 31 14
"18_65721349_G_A" 7 24 16 12 22 28 14 12 33 11 12 28 23 17 7
"18_6681648_C_A" 13 31 18 22 15 33 18 18 21 17 11 28 13 17 15
"18_6693486_T_C" 18 29 24 23 8 24 9 10 17 14 12 24 26 21 11
"18_67394089_A_T" 7 12 10 11 15 20 11 3 11 8 4 11 6 10 10
"18_67547570_A_G" 8 11 11 14 8 17 7 6 12 10 11 11 10 18 12
"18_67708892_C_A" 13 34 13 14 18 26 22 16 21 15 10 28 14 12 13
"18_68058843_C_A" 5 12 13 18 8 17 11 7 10 12 17 17 22 19 10
"18_68315934_A_T" 16 15 11 16 16 33 19 11 21 12 6 29 14 26 14
"18_68354886_T_G" 9 23 12 16 24 36 17 13 12 20 9 37 27 20 13
"18_69244190_T_G" 8 21 15 16 16 34 18 10 26 19 8 21 19 17 16
"18_69633685_A_T" 8 15 17 14 21 34 18 7 14 20 10 24 26 21 18
"18_69684562_G_A" 8 26 12 12 22 29 25 11 11 20 17 23 28 20 8
"18_70040063_A_T" 14 14 14 13 17 25 27 13 25 18 9 29 22 20 13
"18_70210238_T_A" 9 21 7 6 21 27 7 21 17 13 6 23 23 21 13
"18_70624348_G_C" 7 17 14 26 13 29 19 5 22 21 6 23 20 12 19
"18_71315326_T_G" 15 30 9 21 21 34 19 8 23 17 11 23 13 23 19
"18_71965192_C_G" 9 27 23 25 19 36 18 11 22 17 8 24 18 20 9
"18_72791952_A_T" 11 16 8 22 17 20 14 5 14 11 5 24 13 17 12
"18_72883749_A_C" 6 31 18 27 24 40 16 9 18 20 8 16 17 21 8
"18_73786948_T_G" 7 18 18 24 14 33 26 7 14 13 9 27 20 21 13
"18_74536367_G_C" 17 52 22 27 32 29 15 9 22 18 7 25 15 27 18
"18_75438361_G_A" 20 38 18 28 23 29 24 15 27 17 19 23 21 24 12
"18_75596475_A_G" 8 23 23 24 20 36 16 9 18 24 15 30 31 29 8
"18_75785589_C_A" 13 33 21 15 16 36 16 16 16 12 15 31 16 19 17
"18_76368239_C_T" 14 37 19 29 15 30 13 5 18 15 13 31 15 18 20
"18_77294727_A_C" 14 41 19 28 23 23 16 11 18 17 9 17 19 19 17
"18_77711692_T_G" 6 24 9 21 13 10 11 5 9 8 5 11 4 4 3
"18_77829039_A_T" 14 33 22 15 25 32 21 13 15 18 7 18 12 19 6
"18_8130409_T_A" 15 19 19 23 25 30 11 10 24 21 6 18 23 25 17
"18_8532083_T_C" 19 30 21 30 18 25 17 17 31 25 15 23 23 19 18
"18_940245_G_T" 11 18 11 21 22 34 16 12 17 20 11 30 12 24 14
"19_12232706_C_G" 5 24 7 24 17 22 6 8 6 5 1 7 11 8 10
"19_13106772_A_C" 11 11 12 9 9 7 5 4 7 4 1 10 4 11 3
"19_1317605_C_A" 16 45 28 31 18 28 8 8 24 27 8 26 9 15 15
"19_13497134_A_C" 12 42 25 47 28 31 18 12 21 18 8 25 16 26 17
"19_13784676_C_A" 20 47 16 31 18 26 21 5 13 20 6 23 15 25 13
"19_1443153_G_T" 20 45 26 37 15 27 28 17 22 14 6 21 17 22 10
"19_14469397_C_A" 13 36 27 27 15 19 7 9 17 8 7 34 10 33 12
"19_14826267_A_C" 14 70 21 40 22 21 28 10 19 21 4 23 14 22 18
"19_17456385_C_A" 13 42 13 20 16 27 9 12 19 8 4 24 8 23 10
"19_17909259_C_A" 16 39 18 23 25 22 24 7 16 13 6 16 11 16 11
"19_18087446_C_A" 12 36 20 25 19 23 24 11 15 25 7 14 17 17 13
"19_1823995_G_C" 20 55 15 51 16 24 18 12 21 16 5 25 11 9 15
"19_1825787_A_T" 12 33 16 28 15 15 13 5 10 12 11 15 9 18 10
"19_18450286_A_C" 21 44 24 42 25 27 20 12 11 22 9 19 22 18 5
"19_19024758_T_G" 19 27 22 32 15 23 16 15 9 13 4 10 17 18 7
"19_20979767_A_C" 11 35 26 30 17 33 14 6 16 19 9 16 13 16 11
"19_21084023_C_T" 12 40 20 29 17 34 16 7 20 22 8 25 20 19 16
"19_22841036_G_T" 19 29 19 31 19 35 28 7 26 18 3 30 17 17 17
"19_22906154_C_T" 11 26 14 42 21 27 14 19 20 21 6 31 28 13 13
"19_22941526_T_G" 8 21 22 19 17 29 22 11 20 23 10 38 21 23 11
"19_22945496_C_T" 13 30 16 31 22 34 20 8 17 16 18 24 21 29 11
"19_23183064_C_T" 15 36 16 25 20 30 23 16 21 16 15 22 15 20 17
"19_28941853_T_G" 12 30 25 22 22 19 11 13 22 17 6 24 16 16 15
"19_29243411_A_T" 16 38 18 17 20 29 15 9 16 17 6 33 18 15 14
"19_29581940_A_T" 15 38 27 31 21 22 28 15 25 14 13 22 22 16 17
"19_29852328_G_C" 14 28 21 19 9 26 11 5 12 11 8 21 18 21 8
"19_30806378_T_A" 18 42 20 31 13 33 20 8 16 15 9 25 13 23 15
"19_31497454_T_C" 16 43 24 22 18 27 29 10 18 14 8 27 16 16 27
"19_32012318_C_T" 10 27 21 30 21 17 24 9 15 26 7 31 21 23 11
"19_33687305_A_G" 20 39 25 28 15 25 9 8 18 9 8 15 13 19 13
"19_34436610_T_G" 4 31 17 27 16 17 10 6 9 11 0 15 15 14 13
"19_34730414_G_T" 24 37 23 44 26 24 26 3 15 21 13 26 16 17 13
"19_35056903_C_G" 12 37 27 37 20 26 21 9 17 23 12 18 12 7 10
"19_3570247_G_A" 17 33 16 27 21 31 22 5 20 11 9 21 7 20 12
"19_35783280_T_A" 24 44 15 31 21 27 18 11 22 15 8 27 13 20 20
"19_39706802_T_G" 20 39 14 26 22 34 15 7 15 21 9 30 9 13 12
"19_39931934_C_G" 10 47 24 37 22 30 14 10 19 16 5 25 12 21 14
"19_40268074_G_T" 18 45 24 38 25 29 17 13 15 21 15 18 19 15 21
"19_40647125_C_T" 21 47 16 46 20 26 15 13 16 14 6 25 16 22 13
"19_43385075_C_T" 16 36 21 38 13 30 15 12 18 18 8 19 7 13 9
"19_43793836_T_C" 16 45 30 39 16 28 20 13 26 18 4 23 15 17 9
"19_44051638_T_G" 13 17 9 15 7 7 12 4 10 11 8 11 7 6 4
"19_44291339_T_G" 23 49 25 36 13 22 16 9 15 14 10 19 18 8 15
"19_44831771_T_C" 16 29 23 33 20 34 23 7 25 15 16 18 13 18 11
"19_45150983_A_C" 3 6 2 5 7 5 3 0 3 1 1 4 8 1 1
"19_45253151_T_G" 15 49 24 38 24 24 14 11 15 18 7 16 8 28 7
"19_46269057_G_A" 20 47 18 37 17 18 20 3 18 18 6 15 13 13 20
"19_4641655_T_G" 14 32 14 32 13 18 12 10 14 10 4 17 12 6 12
"19_46582062_G_T" 24 52 34 40 27 48 32 20 27 18 30 27 31 19 11
"19_46799635_G_C" 17 37 21 28 14 28 16 6 10 19 15 15 22 12 8
"19_46945404_C_G" 15 49 20 34 22 26 16 9 12 15 10 22 21 18 23
"19_47118675_A_C" 19 53 25 35 25 35 15 11 16 16 15 23 17 17 16
"19_475866_C_T" 26 36 12 35 13 14 15 8 19 15 8 20 10 23 11
"19_476147_C_T" 16 46 16 34 18 21 20 13 16 17 10 20 16 23 19
"19_47836796_G_T" 12 43 10 32 13 34 16 8 15 15 7 12 11 17 8
"19_48215463_T_G" 24 30 16 43 17 23 23 9 15 15 13 20 13 16 12
"19_4892244_C_G" 20 44 18 35 19 19 23 9 21 13 4 21 15 11 12
"19_50151827_C_T" 11 23 9 20 13 21 13 5 9 6 3 14 5 11 9
"19_50778611_C_A" 12 36 17 43 11 20 13 9 18 14 13 30 10 34 11
"19_51693859_T_G" 28 43 26 25 18 28 19 6 18 13 14 24 14 27 20
"19_51978348_A_G" 15 49 27 45 24 36 25 8 24 11 8 36 18 16 20
"19_51989050_T_G" 17 47 19 39 16 17 17 12 22 16 5 26 19 12 18
"19_52030144_A_T" 23 43 27 34 17 20 16 14 19 12 7 26 14 25 13
"19_54187929_G_T" 17 38 18 44 15 33 22 6 22 15 12 23 18 22 12
"19_54633182_G_C" 22 41 22 42 12 26 26 13 16 19 19 31 17 15 18
"19_58147932_G_T" 21 60 22 34 25 29 17 12 17 16 8 28 17 24 12
"19_58242059_C_T" 25 49 23 38 20 23 15 12 15 15 13 20 19 25 7
"19_58671481_G_T" 14 21 17 30 19 26 17 12 15 10 7 20 14 15 13
"19_58936386_G_T" 16 43 23 21 21 21 14 10 30 15 5 22 14 10 11
"2_100100171_T_C" 19 41 21 30 22 39 19 9 22 20 10 25 20 25 13
"2_101623094_T_G" 13 43 17 23 15 19 13 11 21 15 7 20 14 13 11
"2_103831647_T_G" 15 24 19 15 19 28 15 17 16 17 11 23 19 16 14
"2_103972579_C_T" 14 20 23 16 14 39 20 10 16 21 20 21 27 26 8
"2_10448150_G_A" 18 39 22 21 18 30 19 12 17 17 13 28 22 20 14
"2_104567208_G_C" 6 25 16 16 23 23 26 6 19 8 10 22 12 31 11
"2_104611319_C_A" 12 35 20 11 19 22 17 18 24 17 4 25 20 29 23
"2_105064064_G_A" 12 32 11 20 18 26 16 14 16 24 7 21 22 11 19
"2_105518807_G_A" 19 32 21 30 15 23 19 18 21 15 13 39 19 15 15
"2_105914792_G_A" 13 43 23 14 25 23 32 6 20 23 11 28 14 20 15
"2_106201584_G_A" 11 31 25 33 25 29 13 3 16 21 5 27 24 22 12
"2_106211722_A_C" 15 37 14 17 17 20 15 9 19 24 2 20 17 8 15
"2_107632364_C_A" 8 13 19 16 18 15 21 11 20 18 8 18 22 10 9
"2_107739881_G_C" 7 23 21 22 18 29 25 11 23 19 10 17 21 12 13
"2_107954749_G_T" 12 28 16 15 23 33 23 13 29 20 6 26 28 12 22
"2_108635520_C_G" 9 27 13 13 36 34 19 8 21 17 8 24 14 25 15
"2_109479973_A_C" 19 20 13 19 21 32 17 10 10 20 9 30 17 16 13
"2_109904891_A_C" 10 28 13 18 17 33 19 10 25 9 12 35 18 27 18
"2_111630361_T_A" 20 41 19 33 15 39 25 10 24 21 6 25 17 24 22
"2_112461298_C_T" 16 24 23 36 19 30 14 7 17 23 7 20 12 14 12
"2_115651630_A_T" 10 24 20 12 22 37 14 11 20 17 10 29 29 24 19
"2_115740269_C_T" 20 19 17 25 12 27 22 13 19 11 13 24 21 19 11
"2_116085004_A_T" 12 18 12 21 22 23 23 9 26 21 9 33 15 20 15
"2_116623492_A_C" 13 27 18 14 19 26 20 10 21 16 7 29 16 24 16
"2_117736781_G_A" 13 27 12 11 26 26 21 17 23 24 10 19 17 20 14
"2_118208990_A_G" 11 34 13 23 25 30 24 8 23 23 10 31 20 28 7
"2_118241327_A_T" 7 17 18 22 15 30 12 9 20 18 12 28 20 21 20
"2_118297025_A_G" 9 20 20 15 22 30 22 10 16 18 11 32 20 15 16
"2_119711761_T_G" 14 28 15 24 13 35 17 12 20 18 14 28 20 27 17
"2_122096760_C_G" 24 28 13 20 17 31 15 16 21 17 12 20 18 23 15
"2_12226758_T_C" 16 19 18 42 26 27 14 12 14 19 11 28 23 12 16
"2_122791259_G_A" 9 27 27 22 18 35 25 9 18 25 3 32 11 18 13
"2_123074922_T_G" 13 28 21 21 13 36 16 5 30 21 11 22 31 21 23
"2_123218273_A_C" 8 21 19 15 14 23 14 12 13 23 8 24 11 11 12
"2_123331926_T_G" 11 22 13 11 25 19 15 6 17 9 8 26 13 18 15
"2_123509992_T_A" 20 19 7 27 18 30 21 13 22 21 11 23 24 19 8
"2_124315397_C_A" 17 22 12 12 23 37 15 11 22 17 7 30 25 23 10
"2_124406188_G_A" 4 20 17 7 19 34 22 7 23 17 11 21 13 24 15
"2_125849733_C_A" 13 19 17 14 12 22 22 11 15 18 9 39 33 26 14
"2_126100814_A_G" 12 20 10 11 22 29 24 8 15 14 12 41 23 15 9
"2_126436744_A_T" 22 19 19 16 15 37 18 7 29 26 13 29 16 15 21
"2_129600711_A_T" 17 40 19 27 22 26 14 7 12 23 12 33 15 27 14
"2_130286547_C_T" 15 40 19 21 24 26 20 7 18 15 6 28 12 18 15
"2_133861963_A_C" 7 29 18 18 21 25 21 11 18 13 16 24 21 22 14
"2_135043220_T_G" 12 31 24 23 16 28 28 15 17 21 11 27 13 13 14
"2_135693855_C_A" 15 24 25 20 19 24 8 17 22 17 11 21 14 32 15
"2_136222654_T_G" 8 26 15 18 14 23 12 11 16 21 7 19 21 20 17
"2_136939417_G_A" 14 37 15 25 14 28 15 5 19 16 17 38 20 13 19
"2_138011264_T_G" 10 18 12 20 18 44 16 12 17 16 12 32 18 10 12
"2_138817657_G_T" 16 25 24 20 17 29 11 8 18 14 12 32 14 11 12
"2_139614117_T_A" 7 24 14 18 22 27 15 12 22 13 7 35 28 24 12
"2_14062411_T_G" 12 21 24 13 21 26 18 9 13 17 12 15 20 14 14
"2_140738137_A_T" 10 11 15 12 13 35 21 18 22 26 10 35 19 21 25
"2_141357317_G_C" 14 14 15 15 22 18 17 12 27 19 12 24 18 12 9
"2_141362108_A_T" 6 25 5 9 19 27 15 10 18 20 10 27 16 12 7
"2_14208486_C_A" 17 17 21 14 38 21 18 10 22 22 9 25 23 25 22
"2_142182380_C_A" 6 20 17 15 31 35 24 15 23 22 10 20 27 17 18
"2_143064248_T_C" 12 19 13 20 20 35 16 20 26 13 9 28 19 21 26
"2_143091860_A_T" 7 25 10 15 25 30 20 8 17 16 7 21 25 21 15
"2_143803434_G_A" 18 29 17 20 21 23 12 8 23 24 20 24 25 24 14
"2_144541650_T_G" 17 25 23 17 14 41 17 16 16 16 11 28 15 18 21
"2_144951954_C_G" 6 33 11 25 18 34 21 12 20 14 18 34 22 23 7
"2_146874303_G_A" 5 10 6 7 9 23 12 9 5 12 3 13 15 5 10
"2_147937166_T_A" 13 26 11 14 21 29 20 9 15 15 11 21 24 14 10
"2_15024384_G_A" 16 21 16 18 16 34 28 9 26 16 12 25 18 21 16
"2_151617277_G_C" 10 20 15 25 18 30 21 9 20 27 15 27 22 25 18
"2_153049057_A_C" 13 45 14 35 16 33 20 5 22 21 11 40 21 18 15
"2_153905311_A_C" 9 22 13 14 17 28 16 12 15 9 8 24 26 18 12
"2_155672722_A_C" 10 24 12 12 13 28 20 11 21 22 11 23 25 21 13
"2_1566927_A_T" 12 39 12 26 28 22 20 15 25 22 10 22 12 23 10
"2_156874044_A_T" 14 27 13 16 24 25 20 13 26 16 11 24 17 19 6
"2_157810268_A_G" 15 18 11 15 21 34 19 9 20 25 11 29 18 20 21
"2_158120054_T_G" 7 33 23 16 24 26 19 15 24 14 10 18 19 22 10
"2_158901144_T_A" 17 19 20 17 20 32 25 8 23 10 7 27 25 21 16
"2_158911787_A_G" 5 17 16 21 17 36 12 14 22 21 8 23 19 19 19
"2_159008507_T_G" 10 31 15 16 22 26 19 9 18 18 17 29 17 25 9
"2_159147002_G_A" 6 29 9 12 20 24 17 8 16 14 10 23 20 21 11
"2_159924378_C_G" 18 34 17 17 18 21 16 9 25 27 10 37 18 19 13
"2_160005738_C_T" 10 24 19 17 25 30 17 14 16 21 11 24 14 21 12
"2_160175491_T_G" 21 22 24 23 31 34 16 12 30 17 16 26 24 16 32
"2_160175525_C_G" 17 23 23 24 26 31 13 12 27 19 13 28 23 23 26
"2_160536246_G_C" 8 38 10 17 13 25 22 10 21 16 12 28 17 21 22
"2_160792026_A_T" 13 40 26 19 18 31 17 5 13 22 14 24 20 19 17
"2_160953965_C_T" 9 37 13 17 17 25 20 9 17 23 13 24 21 20 14
"2_161064143_G_A" 8 28 12 15 24 37 15 9 15 21 8 33 18 12 17
"2_161158729_T_A" 20 19 22 18 15 28 16 13 15 19 16 26 23 18 19
"2_162595476_G_T" 9 22 19 16 21 36 18 7 23 14 12 28 24 12 18
"2_163458655_T_G" 11 29 13 13 26 30 17 9 16 15 10 35 16 19 13
"2_164201450_T_G" 17 24 17 11 20 29 15 16 30 29 13 38 9 18 16
"2_164243153_A_G" 16 22 12 15 16 26 14 6 30 13 12 24 20 17 13
"2_164352241_T_A" 12 17 9 23 18 31 18 6 22 17 17 25 21 22 17
"2_164605614_C_A" 8 22 19 11 20 27 27 5 22 16 9 32 13 26 11
"2_165165168_G_A" 10 18 11 19 21 24 16 8 18 26 7 37 31 19 15
"2_168609644_C_G" 7 23 12 19 33 31 22 15 16 16 10 37 17 19 13
"2_169539714_T_C" 11 18 20 18 26 28 14 8 20 16 6 29 24 17 18
"2_170224096_A_G" 8 18 20 20 21 22 21 14 25 19 6 33 12 27 15
"2_171082222_C_G" 10 17 21 23 23 31 19 7 17 15 7 30 20 16 11
"2_174887099_T_C" 15 33 13 18 13 28 17 9 20 17 9 28 25 22 10
"2_174922720_T_G" 10 32 22 14 16 31 13 12 22 18 14 29 19 28 8
"2_175384623_A_T" 17 32 13 23 18 34 21 11 14 20 11 26 22 18 14
"2_176302067_C_T" 11 25 14 17 17 25 15 8 24 27 10 32 17 22 12
"2_176406403_A_G" 10 23 20 12 15 36 19 12 13 19 14 26 19 25 18
"2_176466154_T_G" 15 24 20 23 19 38 21 11 20 18 19 30 26 15 13
"2_176922217_C_T" 15 31 15 18 20 41 18 9 18 22 9 26 12 25 15
"2_176982446_A_C" 11 26 8 28 20 33 15 10 12 15 11 30 16 23 5
"2_177891546_C_T" 15 29 14 19 21 30 25 11 27 16 16 20 22 19 15
"2_177944022_A_G" 17 28 14 15 20 27 20 8 19 22 15 34 10 16 12
"2_178624906_A_C" 15 30 16 17 18 27 25 10 17 21 10 29 17 18 14
"2_179602326_C_T" 12 24 11 25 28 23 17 9 23 14 13 25 25 22 9
"2_180119583_A_G" 14 28 17 25 24 27 17 12 23 20 6 23 29 23 21
"2_181087243_T_G" 14 22 14 19 27 28 22 8 25 20 9 25 21 16 17
"2_181555912_G_C" 14 18 16 14 21 26 9 9 14 22 13 25 15 23 13
"2_183514210_C_G" 11 20 12 17 19 33 14 9 20 22 8 17 15 16 12
"2_183741199_A_T" 10 17 17 14 21 22 19 11 27 17 8 20 13 20 12
"2_188185632_G_A" 7 24 15 18 21 27 20 8 21 14 7 25 15 24 16
"2_188489025_C_T" 9 18 9 17 18 36 16 17 22 20 11 19 31 17 19
"2_189606376_G_A" 9 21 13 19 17 34 23 6 15 18 10 30 34 19 27
"2_1897924_T_G" 9 16 11 9 14 21 14 8 14 14 9 18 6 10 9
"2_190282137_T_C" 10 18 28 18 17 33 13 14 22 20 7 23 24 15 16
"2_190573738_G_A" 11 22 24 25 28 38 18 10 25 12 4 31 24 24 8
"2_191089793_C_A" 7 33 17 21 18 23 18 18 21 17 11 27 16 15 9
"2_191538886_A_G" 17 29 13 23 16 22 11 9 13 15 9 20 34 22 12
"2_191797766_C_T" 18 21 29 21 18 32 15 6 23 27 11 29 18 22 19
"2_192440511_G_C" 17 23 16 24 17 31 20 10 20 16 9 18 20 20 15
"2_192565201_T_A" 20 29 14 20 23 35 14 13 20 14 4 24 13 16 15
"2_193576454_T_A" 9 23 20 15 14 32 19 11 15 18 10 33 30 24 17
"2_194427099_A_T" 5 16 14 19 24 23 18 11 29 26 7 31 19 22 21
"2_195096675_A_G" 10 17 14 9 22 33 24 16 25 20 9 25 23 22 14
"2_195823256_A_C" 11 17 21 24 20 30 17 16 15 28 9 27 22 18 8
"2_196161639_T_C" 11 29 19 12 14 31 13 18 15 15 14 16 8 18 10
"2_198936127_G_T" 15 16 18 22 20 37 23 15 15 12 5 28 27 19 18
"2_199326480_C_A" 14 18 18 19 19 36 27 12 18 14 8 26 18 31 14
"2_199833925_C_T" 11 25 18 11 28 27 24 10 19 15 12 27 27 23 16
"2_200076019_G_A" 13 19 12 17 23 27 19 10 20 23 11 21 26 23 12
"2_201463366_C_G" 7 22 18 18 22 25 24 9 20 17 8 20 15 16 17
"2_201735973_C_T" 15 35 13 25 25 24 17 6 13 17 8 29 25 14 19
"2_202917123_C_A" 13 31 20 31 20 23 11 7 30 16 9 15 14 27 13
"2_203258484_A_G" 11 39 10 22 18 34 11 10 20 9 5 17 19 13 15
"2_205237798_T_G" 10 22 19 18 19 31 22 12 21 17 4 20 20 26 9
"2_205307467_T_C" 11 32 19 25 26 33 22 14 26 15 11 32 24 19 14
"2_205604766_C_A" 9 26 15 18 17 28 23 9 22 21 6 28 13 18 9
"2_207286040_G_C" 19 36 23 21 26 30 17 13 23 15 9 38 18 18 28
"2_20924038_C_T" 14 26 23 15 16 21 20 14 12 16 6 22 23 23 9
"2_210761778_A_C" 11 25 21 11 20 30 12 11 16 17 10 39 23 23 13
"2_211472674_A_G" 15 22 9 23 21 28 22 8 18 16 9 36 21 17 13
"2_211502864_G_C" 10 20 18 20 27 30 22 13 33 20 14 24 19 22 18
"2_211715036_C_G" 14 13 10 17 23 36 27 12 25 24 6 28 23 23 12
"2_211906142_C_T" 16 19 12 17 17 29 19 13 21 24 12 20 17 16 11
"2_213220595_G_A" 18 18 17 15 24 23 16 6 17 16 16 22 16 19 13
"2_214453879_C_A" 6 24 11 16 21 29 16 10 18 16 7 29 28 26 17
"2_214660449_A_T" 18 20 10 15 23 21 25 15 28 16 11 27 14 20 16
"2_214692968_T_C" 21 24 16 14 19 34 30 12 23 22 17 34 18 19 14
"2_21524095_C_A" 8 35 15 23 18 31 16 10 29 13 10 22 22 23 13
"2_21530550_A_C" 10 24 13 25 20 22 21 10 18 24 11 26 14 22 12
"2_21830835_G_A" 8 22 17 16 17 30 12 8 16 22 12 28 17 26 13
"2_21937828_T_A" 9 20 14 23 12 26 18 10 18 20 9 34 19 29 11
"2_219852839_T_G" 11 32 14 34 27 18 18 3 19 17 3 28 15 19 11
"2_220127407_A_T" 10 35 12 43 21 19 26 5 23 17 11 24 17 26 11
"2_220621038_C_A" 12 19 16 20 16 35 24 6 19 15 6 22 17 30 13
"2_220728914_T_G" 7 22 13 25 14 29 23 9 14 17 7 19 10 14 16
"2_221282055_C_T" 11 33 14 17 20 30 23 11 13 15 9 23 22 14 15
"2_221293743_G_T" 9 26 16 17 28 28 14 11 16 20 10 19 16 22 11
"2_221648970_G_C" 15 33 19 25 21 27 20 6 21 19 11 30 14 20 11
"2_22213181_G_A" 4 17 12 20 21 32 33 11 22 19 7 32 18 25 11
"2_22238139_G_T" 11 27 19 16 17 34 21 12 27 21 15 26 26 17 21
"2_22238140_G_T" 11 28 20 16 17 35 21 12 28 20 15 26 24 19 18
"2_222574574_A_G" 5 23 9 13 17 28 24 7 21 20 8 35 12 31 10
"2_223516973_C_G" 14 29 12 19 21 45 24 14 21 17 10 18 18 23 13
"2_223689598_T_A" 9 32 33 27 21 36 16 6 18 15 5 31 21 28 8
"2_22388808_G_A" 6 25 20 14 20 20 14 11 22 15 8 29 26 25 22
"2_224445917_G_C" 14 25 14 18 17 25 19 11 25 15 9 27 25 22 14
"2_224980247_T_G" 9 36 16 29 21 25 11 8 31 22 14 28 20 26 19
"2_225359856_A_G" 14 25 20 24 23 31 12 9 22 13 16 25 15 17 5
"2_226367253_C_T" 11 29 23 12 21 34 14 9 19 20 9 27 14 17 21
"2_226741695_T_A" 14 30 20 26 25 29 14 10 19 21 14 33 21 37 10
"2_226973328_C_T" 11 25 20 17 12 37 22 17 17 19 8 32 24 18 9
"2_227806807_A_C" 17 20 15 21 16 31 16 9 15 15 12 33 23 15 13
"2_228113254_A_C" 9 17 9 8 11 15 10 5 12 16 7 18 5 6 7
"2_228575859_C_T" 11 24 14 22 21 28 17 12 12 24 6 25 26 17 16
"2_229290850_T_A" 10 23 16 16 34 38 16 10 18 19 10 35 28 24 17
"2_230029364_T_G" 5 28 16 13 30 38 16 4 23 15 10 31 21 23 14
"2_230062368_A_G" 10 39 15 10 23 42 19 8 18 13 4 37 25 27 15
"2_23016746_A_C" 22 21 25 17 15 32 12 11 24 16 12 26 22 23 21
"2_230923960_C_G" 13 37 16 22 16 29 20 11 12 16 20 22 21 19 18
"2_231095902_A_G" 18 30 27 29 28 28 15 7 22 21 11 22 17 22 21
"2_231428120_A_C" 11 30 19 22 22 24 16 13 17 12 9 33 23 14 8
"2_231826449_A_C" 14 32 23 28 21 21 18 7 21 18 10 24 16 17 23
"2_234155427_T_G" 10 43 25 28 20 38 18 5 17 13 10 24 15 27 17
"2_234472651_C_T" 13 36 16 29 18 25 19 9 17 22 13 24 23 22 18
"2_235646647_T_A" 6 27 15 23 19 26 12 6 13 15 8 7 14 16 15
"2_236988100_C_A" 8 24 11 26 16 23 15 8 18 18 9 25 13 20 10
"2_2374199_T_G" 12 21 17 18 25 23 18 10 18 25 12 40 16 17 14
"2_238151445_T_A" 18 34 19 32 16 33 22 11 23 23 15 32 20 23 17
"2_239478037_C_T" 14 53 26 26 25 32 24 8 33 12 7 30 19 13 16
"2_239483743_C_T" 9 33 13 27 17 33 20 8 21 17 8 25 15 24 12
"2_240625634_T_G" 14 43 24 26 14 34 26 14 21 10 15 30 24 19 22
"2_24115190_C_T" 21 48 31 31 22 33 19 7 22 11 7 26 22 25 15
"2_242100922_C_A" 30 43 18 43 22 32 15 15 23 25 10 26 13 17 22
"2_25023942_G_A" 17 29 25 37 12 25 14 11 22 12 12 25 15 18 19
"2_25723577_G_A" 11 40 22 29 13 28 21 9 26 15 10 30 10 17 15
"2_29546859_A_C" 9 35 17 25 14 30 18 10 10 12 7 32 8 26 10
"2_31970435_C_G" 9 35 18 24 23 34 23 13 24 19 8 24 16 22 10
"2_34907212_G_A" 14 18 17 17 21 32 26 8 14 9 10 22 19 25 10
"2_35341498_C_T" 15 21 12 17 19 30 19 10 21 20 9 22 12 25 17
"2_35613674_C_A" 8 18 9 13 22 24 18 8 23 21 14 30 18 18 11
"2_35697854_T_G" 12 17 18 20 18 31 16 10 19 24 15 25 16 22 17
"2_35798642_T_C" 10 12 13 19 16 33 18 9 20 18 8 25 21 19 16
"2_3585632_A_T" 11 21 13 17 19 26 20 5 18 13 6 23 13 23 16
"2_37218063_G_C" 20 36 19 18 22 28 19 10 22 11 9 25 18 26 11
"2_38316663_G_A" 12 32 24 27 21 38 13 11 20 23 11 19 24 20 16
"2_38643235_C_T" 13 30 21 25 21 31 15 7 24 24 9 27 13 13 16
"2_39651846_C_T" 8 24 11 15 13 31 13 12 22 20 15 16 13 21 9
"2_41940074_A_C" 7 28 15 22 28 25 12 7 18 15 7 26 19 17 11
"2_4221211_G_A" 10 16 18 14 13 38 18 7 24 13 7 25 24 16 17
"2_43012084_C_T" 18 53 28 29 22 28 15 7 21 16 13 33 27 18 13
"2_43301471_G_A" 18 31 20 26 19 22 14 3 31 22 4 28 12 21 14
"2_43593858_T_C" 13 47 24 37 26 20 14 6 21 19 6 35 17 18 14
"2_44365229_A_C" 6 23 20 14 14 25 5 9 14 11 5 14 6 6 7
"2_45054585_C_T" 18 32 17 29 22 30 14 5 25 11 8 21 16 18 14
"2_45309158_C_T" 20 36 27 33 37 30 30 12 28 11 9 31 24 21 24
"2_45508160_C_T" 15 37 21 25 26 24 21 8 26 17 9 42 19 24 13
"2_47969511_C_G" 19 40 19 30 23 34 21 4 24 20 10 37 28 19 17
"2_48015452_G_C" 13 15 13 13 20 25 16 7 12 20 11 18 17 12 8
"2_48314970_A_C" 13 42 16 28 17 22 14 12 21 18 7 23 20 11 12
"2_49269849_A_G" 7 31 9 23 24 36 19 7 15 22 15 20 26 21 17
"2_50208874_T_G" 11 27 12 18 27 24 17 15 21 30 9 24 14 22 13
"2_50456028_G_C" 11 28 16 15 20 21 12 10 26 21 13 31 19 24 9
"2_51890779_T_A" 6 26 12 9 19 27 17 9 16 23 16 23 19 33 10
"2_5224821_C_G" 7 21 20 13 19 24 21 11 21 15 11 17 24 23 15
"2_52275409_A_T" 8 21 12 13 25 34 15 9 26 18 11 32 16 14 12
"2_54031852_C_T" 15 29 15 15 16 36 19 11 23 16 12 26 11 23 15
"2_5433352_A_G" 9 26 23 19 15 27 22 17 18 21 6 26 17 11 9
"2_5664156_A_C" 13 24 14 31 31 33 16 14 22 19 13 23 18 10 15
"2_57205695_T_G" 8 21 18 16 23 36 16 16 21 22 12 35 24 14 24
"2_58166427_C_A" 11 23 5 14 21 33 14 9 22 17 12 24 26 17 9
"2_58324450_T_A" 9 22 21 22 22 24 21 10 24 19 10 35 16 24 15
"2_58688544_T_C" 7 21 20 18 24 32 27 14 14 21 18 26 13 14 16
"2_58903590_C_T" 16 19 21 24 20 31 13 7 12 12 10 34 15 23 18
"2_6059450_A_C" 16 17 19 17 20 32 21 9 16 26 12 25 21 26 15
"2_60713149_C_A" 15 21 19 26 18 45 16 7 15 20 8 27 13 21 8
"2_62218650_T_G" 9 34 15 19 19 31 24 7 28 16 4 23 19 22 16
"2_6424389_A_C" 19 25 22 21 22 25 18 12 19 19 9 27 14 14 17
"2_6429481_C_T" 13 23 20 15 20 24 19 6 15 19 11 25 18 14 17
"2_6440690_G_A" 13 23 8 11 18 25 21 10 11 15 11 18 17 15 15
"2_64413232_C_T" 8 44 18 31 20 46 16 4 16 19 13 16 18 23 22
"2_64498072_T_G" 19 30 15 21 13 35 18 7 20 18 8 18 18 15 10
"2_65789927_G_T" 10 38 14 30 17 24 23 11 24 21 5 26 14 28 26
"2_66262903_G_T" 10 31 23 22 23 28 20 9 21 27 19 18 14 19 9
"2_66957648_C_G" 21 28 18 16 18 30 22 3 20 21 14 35 18 19 20
"2_67068681_T_G" 19 35 23 14 17 30 17 9 19 20 16 32 30 14 13
"2_6874113_C_A" 20 35 18 25 26 30 19 11 19 8 9 16 25 16 12
"2_69300353_T_C" 16 38 17 26 26 31 22 10 29 11 10 23 12 8 11
"2_69811771_C_A" 13 38 15 29 34 28 16 6 21 11 6 19 13 13 15
"2_70341097_A_C" 6 36 25 56 32 19 22 7 19 11 7 29 15 18 8
"2_71704246_G_T" 14 44 14 24 18 31 21 12 22 15 12 26 13 13 19
"2_71919365_C_T" 12 33 12 26 22 28 23 8 25 12 10 30 17 21 23
"2_72050279_A_C" 8 34 16 22 18 30 11 9 24 19 16 30 19 17 17
"2_73063522_G_C" 14 45 23 20 18 36 18 8 11 19 7 20 15 26 17
"2_73063538_A_C" 14 44 26 20 20 35 17 8 9 21 9 19 16 28 16
"2_73065572_A_T" 23 35 22 26 29 28 20 8 29 19 15 17 12 19 15
"2_73263290_C_A" 8 37 24 19 25 29 19 12 20 14 8 24 16 21 11
"2_73315326_G_A" 12 33 18 24 18 20 15 6 23 15 9 19 14 13 14
"2_73390306_C_T" 10 18 11 18 13 14 9 2 7 10 5 9 8 8 9
"2_76957994_C_A" 6 18 11 20 23 36 10 5 25 18 6 24 23 18 16
"2_77499139_C_T" 4 24 15 5 25 27 23 17 20 19 11 37 26 11 17
"2_7770007_C_G" 15 24 23 20 18 23 18 17 24 20 12 22 18 17 11
"2_78038982_T_A" 16 21 13 14 23 29 21 9 15 18 10 19 19 19 20
"2_78133446_C_T" 10 27 18 13 20 29 20 8 22 23 11 23 23 28 12
"2_78331706_C_A" 8 32 15 7 16 26 21 13 19 23 8 25 26 21 23
"2_79032235_G_A" 14 18 16 20 18 43 22 12 16 20 7 21 17 20 10
"2_79133308_T_G" 13 22 19 18 20 27 21 14 19 20 13 18 22 21 11
"2_79153476_T_G" 11 21 14 18 20 32 30 13 20 22 10 24 16 24 15
"2_79793314_C_G" 10 23 18 20 12 30 18 8 14 18 10 26 15 18 17
"2_80285869_C_T" 13 20 19 13 6 34 14 16 13 8 5 28 23 18 10
"2_80381111_T_G" 17 25 12 25 26 30 25 9 17 21 12 28 21 21 10
"2_81076908_T_A" 16 25 17 13 28 29 24 10 8 19 11 21 15 20 11
"2_81369921_A_G" 9 20 18 23 26 41 28 8 23 19 6 21 18 27 10
"2_81743725_T_G" 8 20 23 21 18 25 25 15 20 17 15 29 21 14 12
"2_81901986_A_G" 15 26 13 17 21 43 20 9 21 20 12 16 23 20 7
"2_82070910_A_C" 18 20 18 18 10 36 23 12 25 23 2 29 16 24 15
"2_856019_T_C" 16 39 14 26 17 29 26 7 22 21 13 21 19 21 16
"2_86118278_T_G" 7 1 2 3 3 5 2 2 3 0 2 3 2 5 4
"2_86186794_A_C" 23 27 26 27 21 30 11 9 22 17 5 20 22 19 15
"2_88455651_G_A" 22 38 19 26 20 32 15 9 19 26 13 31 15 27 20
"2_89159384_T_A" 14 38 22 21 17 31 19 12 26 21 6 28 14 21 27
"2_89159442_T_A" 18 28 23 20 20 33 15 11 22 19 5 32 17 17 24
"2_89358582_A_G" 10 21 12 22 21 27 13 11 19 18 8 22 13 8 11
"2_89385310_T_G" 12 25 12 14 21 28 26 15 19 17 11 29 20 16 13
"2_92036724_G_C" 10 30 17 20 17 26 16 9 24 18 17 25 15 25 6
"2_92109595_C_T" 11 31 18 29 16 31 12 8 22 29 11 19 21 26 15
"2_9389821_T_G" 12 30 16 21 18 12 12 9 13 10 12 26 18 9 16
"2_95587654_A_G" 14 33 18 40 31 35 15 13 17 17 11 29 21 23 16
"2_95801763_C_T" 12 33 26 22 12 16 20 16 23 13 9 26 21 26 14
"2_95978474_A_C" 3 16 8 7 12 16 5 1 8 6 8 8 6 12 8
"2_96644906_T_C" 15 64 15 29 24 24 23 13 11 11 8 29 18 21 15
"2_97318868_C_T" 14 45 19 32 18 25 22 9 19 18 12 39 17 24 9
"2_991940_T_G" 16 37 21 38 23 24 23 9 28 17 8 20 18 24 15
"2_99364661_C_T" 14 34 27 42 26 35 12 10 21 13 9 32 20 22 15
"2_99706859_A_C" 11 15 17 15 13 22 10 4 15 9 5 13 11 14 14
"20_11756337_T_G" 13 28 10 14 17 25 18 15 27 19 12 22 16 12 9
"20_12151728_C_T" 13 20 6 23 26 18 21 5 22 20 11 23 14 19 16
"20_12228705_T_G" 12 17 11 15 22 18 18 10 17 17 10 28 17 19 17
"20_12283039_G_T" 16 25 11 15 20 18 18 15 16 19 15 25 24 24 23
"20_12457138_C_T" 15 17 14 21 23 28 16 18 20 9 7 21 17 11 16
"20_1247575_T_G" 13 22 13 24 6 10 7 5 8 9 4 13 8 9 5
"20_13750160_C_G" 18 35 19 25 21 24 11 14 21 14 6 26 15 32 16
"20_14236523_C_T" 15 23 16 14 19 23 17 11 24 15 5 31 24 32 12
"20_14362625_T_A" 15 24 21 22 16 28 19 11 19 21 13 25 25 13 19
"20_14409963_T_G" 14 17 16 16 21 37 19 11 22 16 9 25 15 18 15
"20_14504474_T_G" 10 28 18 15 28 24 18 6 19 15 11 23 21 18 12
"20_14780428_A_G" 6 13 10 16 12 26 13 10 12 17 9 22 8 14 16
"20_17225637_A_C" 7 30 16 26 15 28 14 10 16 18 10 25 10 17 9
"20_17863404_C_A" 12 42 15 26 19 30 18 11 23 17 10 28 22 16 18
"20_19005592_G_C" 19 42 23 13 20 26 20 5 22 23 5 27 11 17 14
"20_20186227_C_A" 13 22 35 20 16 28 17 8 20 18 10 19 20 23 14
"20_21012702_C_T" 8 33 16 35 17 29 21 12 24 20 8 24 23 21 20
"20_22427399_A_T" 12 45 27 18 22 32 12 13 16 20 4 24 28 20 17
"20_22904219_A_C" 17 43 19 25 25 21 17 5 21 30 10 17 13 7 9
"20_23290677_C_A" 16 51 18 34 21 21 21 6 17 16 5 22 16 12 15
"20_23914015_C_T" 13 33 18 19 16 40 22 11 28 20 10 19 13 20 18
"20_24114119_A_C" 23 38 17 20 18 31 17 11 24 27 9 24 18 21 13
"20_25085869_A_C" 16 36 21 32 29 42 25 7 17 18 12 23 20 20 20
"20_25143237_G_T" 11 27 18 27 26 33 17 10 22 29 11 24 19 12 19
"20_25563131_T_C" 13 30 9 27 22 30 20 14 21 12 14 38 17 22 18
"20_26095244_G_A" 15 33 36 17 24 42 23 12 15 23 3 29 19 21 8
"20_308299_C_T" 16 46 18 45 16 24 20 4 17 18 10 19 22 21 25
"20_32983100_A_C" 16 34 18 29 21 29 20 10 22 9 9 23 23 21 13
"20_33296916_G_A" 14 56 26 25 13 21 11 11 7 20 6 18 19 15 12
"20_34888473_A_C" 19 41 20 28 19 24 17 7 18 24 10 22 15 21 13
"20_39726721_A_C" 21 45 23 42 19 37 21 6 18 17 11 36 9 18 11
"20_41646167_T_G" 14 37 12 21 16 23 20 11 11 23 5 22 19 25 14
"20_42589465_C_T" 11 35 23 40 28 25 25 12 16 20 4 28 15 18 11
"20_43572624_A_C" 14 46 25 28 15 21 16 8 20 26 5 25 11 16 21
"20_44576523_C_T" 16 47 27 39 21 23 16 10 10 18 5 15 13 17 15
"20_45178979_T_C" 26 58 26 31 23 26 28 9 19 14 14 31 17 10 24
"20_46368118_T_G" 18 48 26 37 19 26 16 10 22 13 6 27 13 15 16
"20_46540182_T_G" 19 40 23 36 20 28 15 9 16 15 16 25 20 23 19
"20_4692822_C_A" 13 38 15 25 19 30 25 4 20 15 7 27 12 20 17
"20_46928640_T_C" 16 44 23 27 23 31 17 7 25 17 10 33 17 32 8
"20_48184076_C_A" 17 40 27 36 24 27 15 6 17 26 11 24 15 22 5
"20_48965986_A_C" 17 40 18 23 23 24 17 7 21 10 8 31 20 13 10
"20_52061297_G_T" 12 46 22 34 17 27 23 9 13 14 16 20 15 20 23
"20_52164141_G_C" 15 46 24 41 16 27 15 8 19 17 9 22 19 14 16
"20_5329850_G_A" 15 31 23 29 23 25 16 14 23 22 5 32 15 14 24
"20_53490023_T_C" 12 44 24 21 23 26 33 8 23 19 7 25 25 26 18
"20_53917884_A_G" 14 31 19 21 26 28 25 12 30 20 7 25 20 22 18
"20_540315_C_A" 19 32 21 29 26 27 27 13 29 13 9 23 16 4 17
"20_54072604_T_C" 19 32 25 21 19 31 15 12 22 23 7 34 26 17 13
"20_54564310_C_T" 16 44 21 22 18 29 19 10 24 22 10 24 23 15 8
"20_54815377_A_T" 15 32 20 27 15 31 19 11 32 11 15 31 25 18 23
"20_54854591_T_G" 14 29 20 29 17 21 9 9 23 16 15 26 19 23 16
"20_55412713_G_A" 13 37 29 21 24 23 15 9 18 15 7 25 15 19 21
"20_58262722_A_G" 14 28 27 24 27 26 18 7 18 14 16 30 23 16 18
"20_59126534_A_C" 14 41 25 27 17 36 19 10 26 22 12 30 11 22 11
"20_59706063_C_G" 15 35 24 31 19 37 21 13 21 24 9 25 16 24 18
"20_60308768_A_T" 8 39 22 35 18 22 20 8 12 22 5 22 16 27 17
"20_6035100_G_T" 20 35 16 29 21 28 21 6 10 21 12 26 14 20 23
"20_6200153_G_T" 17 48 19 21 20 27 26 12 17 18 17 32 24 23 10
"20_6876243_A_G" 18 29 14 19 27 41 26 14 16 11 10 24 14 15 14
"20_8267779_T_C" 11 28 21 27 25 29 26 7 26 26 8 30 22 26 21
"20_9015675_G_C" 7 31 19 19 23 25 17 5 21 20 11 22 20 15 14
"20_9381222_C_T" 8 31 20 18 23 22 25 7 22 24 9 33 24 28 16
"20_9472848_T_G" 14 15 20 20 16 17 24 9 18 14 7 32 22 23 11
"20_9658210_T_A" 9 22 17 14 18 17 15 14 26 18 9 23 22 14 17
"20_9793848_A_T" 16 31 20 21 32 17 24 10 21 24 8 29 25 26 15
"21_10512063_A_G" 34 42 27 33 34 44 30 18 50 34 20 49 38 48 31
"21_15201087_T_G" 15 27 6 16 12 21 9 8 9 19 4 16 12 15 10
"21_15601762_A_C" 5 16 10 13 23 27 17 6 17 16 9 15 8 16 11
"21_15829258_T_A" 6 29 20 14 19 33 16 15 24 24 16 27 18 20 21
"21_17681982_C_A" 12 26 12 15 13 34 20 12 14 7 12 24 24 18 8
"21_18398812_A_G" 15 21 9 18 32 35 32 10 21 20 9 14 15 20 10
"21_18429476_T_G" 13 28 17 20 25 26 18 14 25 15 10 18 14 16 14
"21_18537876_C_A" 10 18 9 18 16 28 15 6 35 18 14 27 16 18 11
"21_18948493_A_G" 11 20 9 17 18 15 11 5 15 13 8 23 26 17 10
"21_19998651_T_C" 14 24 11 24 24 26 18 8 28 14 12 33 18 13 11
"21_20109341_A_T" 3 22 18 13 15 28 28 10 24 25 10 30 25 14 13
"21_20262678_G_T" 11 18 14 24 22 24 20 12 20 28 12 25 21 21 23
"21_20734075_A_T" 13 26 18 18 23 34 21 15 24 23 13 27 25 20 17
"21_21233843_C_T" 3 28 14 17 18 29 11 11 30 12 10 28 11 27 21
"21_21246946_G_T" 10 18 14 14 19 29 17 14 20 21 8 25 26 18 11
"21_21314345_T_A" 19 19 8 16 13 22 19 9 17 18 5 24 28 28 10
"21_21574651_G_A" 13 17 14 14 16 34 15 10 23 20 13 34 18 20 14
"21_22666161_T_G" 8 20 15 7 30 28 17 12 17 19 8 23 23 17 20
"21_23522392_A_G" 9 21 18 9 25 28 14 9 29 14 13 30 23 18 13
"21_23555758_G_A" 17 19 8 12 24 35 16 11 27 21 11 25 23 16 15
"21_23631263_G_C" 10 17 17 21 29 37 19 9 23 19 14 28 28 19 17
"21_24264228_T_A" 10 21 12 21 27 32 16 6 15 21 12 26 28 23 16
"21_24711082_G_A" 13 20 13 19 23 32 12 14 25 19 11 24 17 20 17
"21_25770105_T_G" 17 21 23 14 22 30 16 14 23 13 11 26 26 14 21
"21_26067303_A_G" 8 24 12 19 21 24 14 10 17 13 12 32 9 20 8
"21_26152498_T_G" 15 27 13 18 19 31 24 9 20 24 14 26 25 15 9
"21_29065537_A_C" 11 22 12 16 19 27 16 7 20 13 16 23 10 15 15
"21_29652727_A_C" 17 21 12 14 28 26 24 16 21 24 9 26 21 25 11
"21_30307868_A_T" 18 31 20 26 21 40 8 15 23 11 13 34 16 18 16
"21_31696446_T_G" 13 35 25 21 29 23 8 12 25 12 11 24 25 17 15
"21_31804802_A_G" 18 28 9 16 24 22 16 9 30 21 9 35 28 14 23
"21_32170195_A_C" 14 21 18 20 14 20 22 8 26 17 13 30 20 16 14
"21_34347906_A_T" 19 22 22 28 17 43 22 17 18 23 9 25 21 16 25
"21_34821215_A_T" 11 23 14 30 16 32 17 6 17 12 12 20 19 16 11
"21_35867104_C_T" 16 27 15 25 26 33 19 10 19 12 10 25 22 16 11
"21_36951013_A_C" 21 48 20 32 15 30 16 9 18 20 8 26 18 31 14
"21_37394903_C_A" 14 36 16 37 22 28 16 8 19 17 12 28 17 20 10
"21_40061243_A_C" 16 35 22 24 21 24 14 12 19 14 10 27 17 22 12
"21_41627696_T_G" 8 40 20 21 15 26 22 10 18 16 11 46 22 15 14
"21_42555625_T_G" 9 26 20 29 18 25 19 13 15 19 15 17 15 24 8
"21_44812560_G_C" 19 51 19 37 17 22 12 20 23 23 14 11 15 16 13
"21_9438607_G_A" 10 11 8 8 12 19 16 4 12 12 4 24 7 21 14
"21_9693418_G_A" 3 15 4 9 4 12 8 4 5 10 1 13 7 19 7
"22_20295624_G_C" 20 53 22 36 17 37 18 11 13 13 10 23 18 18 15
"22_21087729_A_C" 5 17 8 11 6 11 8 1 10 7 4 8 4 3 1
"22_21273222_A_C" 6 12 17 13 3 14 11 4 10 4 6 6 9 9 3
"22_22876475_A_G" 19 51 18 28 20 34 20 2 20 19 7 30 15 14 16
"22_23753674_T_G" 7 27 8 20 18 12 10 4 8 7 2 8 8 7 6
"22_25023116_T_C" 16 33 24 21 20 17 9 10 15 15 8 14 6 18 8
"22_27267961_T_G" 18 42 26 27 15 25 10 12 21 22 8 29 14 29 12
"22_27696826_C_T" 27 29 20 31 27 35 14 8 13 21 9 34 13 17 14
"22_28927228_A_G" 14 36 27 29 23 26 22 9 20 15 7 23 19 20 18
"22_29214463_C_T" 21 41 27 51 24 34 13 5 25 11 11 16 16 18 7
"22_29454058_G_C" 15 32 21 28 20 24 18 7 19 13 7 30 12 25 15
"22_29865132_C_T" 24 61 25 32 17 37 24 14 19 19 6 24 21 14 12
"22_30190880_G_C" 22 45 23 48 24 26 14 12 25 19 14 19 15 22 16
"22_30483936_A_G" 13 52 15 29 11 24 9 7 19 18 10 19 17 20 12
"22_31994338_C_G" 20 39 26 41 19 24 20 8 16 15 10 33 25 27 17
"22_32107195_A_G" 5 43 20 42 16 27 20 13 21 15 11 21 13 21 10
"22_32288380_G_A" 25 44 25 35 16 27 22 9 21 19 8 22 14 19 16
"22_32516600_A_G" 10 34 21 35 17 22 15 8 17 20 7 18 13 12 6
"22_32941443_G_A" 17 49 20 36 19 32 22 11 17 16 7 28 17 22 20
"22_34354595_C_T" 15 46 25 36 15 32 12 11 21 22 16 27 12 20 10
"22_34600700_C_T" 17 31 19 44 15 37 14 15 13 24 10 23 23 18 8
"22_35394102_G_A" 18 37 20 44 26 33 15 13 27 13 12 27 13 22 15
"22_35507836_G_A" 20 42 28 32 13 41 24 17 16 21 10 24 12 16 19
"22_35946074_G_T" 15 46 23 37 12 35 24 13 24 16 11 23 12 14 8
"22_36591881_G_A" 17 39 20 34 20 22 22 10 21 22 14 16 13 20 13
"22_37036233_G_A" 14 41 25 34 15 24 15 4 25 13 6 19 12 18 9
"22_37918444_C_A" 18 50 22 33 19 41 13 9 23 19 7 17 17 20 20
"22_39235717_A_T" 18 48 26 41 21 34 20 13 25 15 8 20 17 15 21
"22_40822832_G_A" 22 30 20 42 19 32 20 9 15 14 4 22 22 14 15
"22_43336214_A_T" 15 53 32 38 12 32 21 8 20 20 13 30 14 27 14
"22_45546476_A_G" 18 51 19 29 22 23 27 6 20 24 14 32 14 17 21
"22_47638235_A_C" 18 37 33 29 14 30 16 11 22 27 6 21 24 16 16
"22_49403720_A_G" 16 46 19 24 23 27 21 19 20 11 10 25 15 28 11
"3_101121615_T_C" 11 24 19 17 19 25 12 8 14 19 5 26 25 27 6
"3_101682744_A_C" 15 27 18 11 15 26 18 9 29 26 7 31 19 11 17
"3_102372032_G_T" 8 27 15 16 15 26 17 10 14 21 13 26 16 20 16
"3_10277950_G_T" 9 24 17 25 12 23 20 8 12 16 11 25 14 13 7
"3_102841273_A_C" 3 4 7 5 3 3 4 4 4 3 2 5 11 3 5
"3_103469608_A_G" 12 10 9 11 18 17 12 9 12 15 10 18 16 16 16
"3_103594401_A_C" 21 21 13 14 16 32 13 7 28 22 12 40 16 16 11
"3_104506218_A_G" 17 20 13 20 17 22 22 10 18 26 9 25 8 12 14
"3_105233878_T_G" 18 28 20 24 16 31 12 9 12 16 9 26 21 13 13
"3_105357487_C_A" 13 10 18 21 14 24 16 15 21 16 6 20 19 10 18
"3_106063613_T_C" 14 18 18 22 18 29 22 16 20 16 11 31 26 23 17
"3_106727259_G_A" 14 24 17 12 19 39 21 9 20 22 14 20 20 28 8
"3_106920943_A_C" 6 17 14 17 15 16 11 9 15 11 6 23 24 10 17
"3_107419554_G_A" 12 15 17 18 13 29 16 10 14 24 9 12 18 22 15
"3_107669323_A_G" 12 28 12 11 20 25 21 12 16 16 13 25 24 21 14
"3_107878037_A_C" 9 30 12 14 19 22 18 9 18 12 11 20 13 16 11
"3_108037742_A_G" 14 24 13 18 26 23 19 11 17 23 6 30 28 20 17
"3_108202502_G_A" 11 27 14 19 15 35 17 16 19 21 11 28 19 14 7
"3_108402540_C_T" 13 24 14 12 15 35 17 12 11 25 11 28 18 18 14
"3_108669447_G_A" 14 31 12 12 20 27 17 7 27 20 4 32 23 32 18
"3_109497665_G_T" 8 15 18 16 19 37 17 9 15 14 10 33 21 23 12
"3_109763308_A_C" 7 12 8 15 17 29 12 7 19 20 14 29 22 17 9
"3_110433936_G_A" 16 22 11 20 13 26 20 17 19 30 12 33 20 22 12
"3_110499614_A_T" 13 25 17 17 14 23 21 6 26 25 6 28 24 19 7
"3_111141965_C_A" 12 24 16 21 22 37 16 16 19 16 9 34 16 18 15
"3_111797754_A_G" 15 25 19 14 20 29 13 5 23 17 13 20 14 12 12
"3_112039460_T_C" 15 26 16 22 16 20 25 11 21 22 9 33 15 17 20
"3_11222719_A_T" 6 29 12 27 18 24 17 8 22 15 12 24 18 14 9
"3_112586190_G_C" 14 21 22 26 16 31 19 15 28 30 10 33 22 17 14
"3_112876785_A_T" 8 27 20 29 10 28 15 10 12 21 9 25 20 34 17
"3_113943934_A_C" 15 27 28 27 29 31 18 10 22 28 15 33 14 19 10
"3_114271573_T_C" 14 22 17 18 22 32 21 7 20 18 10 29 25 18 12
"3_116738947_T_C" 8 23 14 16 24 25 17 7 27 15 11 24 15 20 14
"3_117296577_T_A" 9 20 15 20 24 36 25 7 19 19 15 27 15 26 14
"3_120709659_G_A" 7 22 13 19 23 32 16 15 16 20 8 24 21 26 8
"3_123126990_C_A" 16 25 14 28 14 32 12 9 27 11 3 19 21 15 17
"3_124504169_G_A" 6 35 17 37 17 34 19 6 15 19 13 26 14 21 12
"3_125037526_A_G" 12 31 31 22 14 35 26 10 26 19 8 29 24 14 13
"3_125184046_A_G" 18 23 17 33 22 25 15 17 20 14 8 23 18 17 14
"3_126760808_C_T" 11 41 13 43 24 31 17 14 27 14 11 28 18 14 15
"3_127012458_C_T" 8 31 23 20 21 32 14 8 20 15 9 22 9 21 18
"3_129332543_A_C" 13 33 20 20 14 15 16 9 13 14 11 24 14 22 5
"3_13164446_C_T" 22 47 26 26 19 22 17 16 31 23 7 29 20 18 16
"3_133435947_C_A" 11 32 15 19 20 31 11 4 19 16 14 28 22 17 16
"3_133860123_T_C" 10 32 17 24 15 32 18 8 21 18 4 30 22 19 14
"3_134601242_T_A" 19 25 26 33 20 28 20 5 22 13 15 29 27 22 16
"3_134763320_T_G" 13 23 21 16 18 23 19 12 27 15 7 34 19 21 13
"3_135253889_A_T" 15 22 13 10 21 31 18 11 12 14 12 17 13 25 20
"3_135280399_G_C" 9 21 23 14 19 25 17 9 27 20 17 30 17 20 11
"3_135310132_T_G" 6 9 7 7 3 8 7 2 2 8 3 12 8 8 5
"3_135650450_A_G" 8 27 19 23 16 41 17 8 17 19 9 35 25 17 16
"3_1368391_A_C" 12 25 16 18 28 34 13 8 18 20 4 25 13 31 15
"3_136962732_A_G" 15 25 17 23 21 27 11 13 19 21 8 20 25 24 14
"3_13757719_A_C" 9 29 18 32 17 20 13 6 20 14 9 32 23 22 10
"3_139009045_T_G" 7 14 9 14 16 15 8 2 12 9 7 11 12 9 7
"3_139091551_C_T" 22 25 19 26 15 38 20 12 20 17 12 19 14 18 26
"3_14005600_T_A" 16 33 21 33 19 25 15 14 21 25 6 26 18 20 18
"3_140387556_G_T" 19 22 24 19 17 33 19 13 18 24 4 23 16 17 17
"3_140748845_G_A" 25 31 13 21 12 22 18 12 16 19 12 18 23 15 10
"3_140789391_A_C" 6 33 21 26 29 34 20 7 24 18 8 26 22 20 16
"3_141186386_T_C" 24 46 28 26 22 27 24 8 24 23 12 31 15 10 18
"3_141439279_A_T" 13 32 24 21 14 30 20 6 17 21 14 26 20 25 21
"3_141544727_T_G" 6 28 12 17 16 24 16 7 16 11 7 36 16 9 14
"3_142092895_C_G" 13 36 19 23 19 32 15 15 23 13 9 24 19 24 13
"3_143013327_C_G" 13 30 17 24 17 31 21 7 26 14 4 22 23 15 25
"3_14361286_C_A" 8 26 14 21 14 25 10 13 13 19 5 23 15 17 11
"3_144376641_T_G" 19 17 19 20 14 32 18 10 15 19 3 29 24 17 14
"3_144394368_G_A" 11 21 11 9 22 35 14 7 20 22 18 34 20 18 26
"3_144416173_T_C" 9 22 16 18 22 35 14 10 18 23 14 35 14 17 11
"3_144925619_G_A" 4 15 10 16 18 24 27 9 16 33 10 26 23 21 18
"3_145710533_C_A" 12 21 15 21 18 35 17 16 22 10 9 27 29 18 10
"3_145827112_T_C" 3 25 14 18 22 30 21 13 23 22 9 20 21 14 13
"3_146268018_T_G" 13 28 14 14 21 28 9 5 17 17 6 32 10 14 9
"3_146303345_A_T" 13 28 20 16 26 30 14 16 23 20 12 24 20 23 19
"3_146393861_A_C" 14 21 24 21 23 30 14 8 12 18 11 24 21 21 17
"3_14716481_T_G" 9 44 15 37 20 36 15 5 17 18 8 31 18 16 12
"3_147359744_C_A" 13 26 20 8 19 31 12 7 18 19 9 28 23 23 13
"3_147875140_C_T" 8 19 4 16 20 34 27 12 25 20 19 25 30 22 14
"3_150594847_A_T" 17 19 11 22 16 22 19 11 21 17 7 18 22 18 13
"3_151039034_G_T" 12 22 21 16 20 43 16 12 27 14 16 16 24 22 17
"3_151090557_A_C" 11 26 23 23 15 20 20 6 10 11 11 16 15 19 15
"3_151740437_A_C" 17 32 15 25 22 36 25 9 19 15 7 26 21 23 17
"3_152583339_T_G" 12 18 8 19 15 23 8 3 12 23 9 24 14 21 12
"3_153560955_C_T" 18 24 14 17 19 29 18 8 22 15 6 34 18 15 15
"3_154494517_T_G" 17 21 16 17 10 26 15 11 26 13 12 35 20 17 13
"3_154813260_A_T" 17 20 11 28 20 31 24 11 16 15 10 20 23 27 9
"3_154851808_C_A" 14 17 9 18 17 26 11 14 20 16 12 25 23 23 10
"3_155087720_C_A" 7 26 24 23 26 33 29 9 25 5 12 27 19 23 6
"3_155383432_G_T" 10 24 16 16 20 30 14 11 22 17 10 22 22 15 10
"3_155442482_T_G" 12 18 14 13 18 30 16 10 19 19 13 25 24 21 18
"3_155791430_A_G" 13 18 15 21 14 27 18 9 14 13 14 19 23 14 12
"3_156985782_T_A" 15 24 16 18 26 32 22 14 20 17 10 31 21 21 14
"3_157622943_G_C" 12 17 15 21 17 29 24 8 14 23 10 26 19 20 14
"3_158026482_C_T" 12 24 22 13 13 25 19 6 20 23 16 23 17 24 21
"3_159284030_G_A" 13 23 17 22 17 36 17 8 17 21 3 31 23 23 18
"3_159544153_C_T" 14 16 19 18 26 33 9 7 15 22 16 21 23 16 10
"3_159667013_G_T" 12 25 17 23 20 36 19 12 21 17 13 33 15 19 19
"3_1599657_G_A" 13 22 14 20 25 28 15 14 20 19 7 30 17 24 15
"3_161888040_A_C" 9 24 13 21 22 38 27 10 12 23 10 35 27 24 15
"3_16199416_A_C" 7 25 11 29 19 39 19 6 23 19 5 24 16 27 6
"3_162925625_G_A" 18 23 14 15 21 44 17 16 24 15 11 38 23 21 16
"3_163095028_A_C" 6 13 13 23 17 25 17 11 15 20 13 34 17 18 19
"3_163284961_T_C" 6 15 11 15 19 22 21 9 16 14 12 27 30 13 13
"3_163649326_A_G" 11 18 13 15 20 30 19 12 16 23 10 32 28 21 20
"3_164277738_T_C" 13 16 22 14 30 37 20 6 18 29 12 35 18 18 18
"3_165095799_T_C" 9 21 15 17 17 35 15 13 20 15 12 23 24 24 19
"3_165106555_G_C" 18 15 20 14 25 37 23 11 17 25 10 17 26 36 11
"3_166528637_T_G" 10 19 11 19 19 37 17 7 17 18 5 23 11 21 11
"3_168000036_A_G" 5 21 27 12 21 25 23 15 23 19 9 28 23 18 12
"3_168065764_G_T" 16 26 16 18 21 28 19 13 21 21 5 30 30 26 16
"3_17027678_A_T" 19 32 16 19 21 25 7 9 27 23 6 26 25 12 16
"3_170371027_C_G" 11 33 11 21 22 23 9 13 24 18 14 24 13 20 18
"3_170478666_A_C" 8 17 19 19 18 26 13 6 12 13 8 20 20 14 16
"3_172346165_C_T" 14 15 10 19 22 27 18 14 23 16 10 39 20 15 17
"3_172534044_C_T" 16 16 16 10 23 31 8 9 16 25 10 21 23 16 20
"3_172777433_C_T" 12 19 14 15 16 28 22 12 14 21 9 20 18 30 23
"3_17300205_A_T" 19 18 26 32 18 26 21 11 21 14 13 35 18 26 16
"3_173167183_T_G" 13 25 10 19 15 33 17 11 22 15 10 24 21 16 15
"3_173390603_T_C" 9 16 11 18 22 35 17 11 13 26 11 26 20 26 12
"3_173402078_A_G" 13 18 12 20 27 33 13 11 20 13 7 28 20 19 10
"3_173423944_A_C" 12 24 23 17 22 36 18 8 22 26 7 29 30 18 11
"3_174106978_A_C" 9 14 19 12 17 32 10 6 14 18 8 27 26 17 15
"3_174426311_T_A" 7 18 12 20 31 36 21 5 20 18 12 32 21 22 12
"3_174436479_G_T" 6 12 9 13 22 38 10 7 29 25 12 31 13 16 16
"3_175744895_T_A" 13 15 26 17 15 38 18 14 29 21 10 30 19 9 16
"3_175968125_G_T" 13 22 18 12 18 21 21 12 7 22 12 31 20 11 19
"3_176590393_G_T" 12 16 12 18 10 17 19 10 19 17 10 21 17 13 16
"3_177739280_A_G" 6 24 23 27 20 25 27 9 12 15 8 28 15 21 26
"3_178143430_A_G" 9 15 18 23 18 30 14 12 19 27 10 28 21 29 12
"3_179491147_T_G" 9 25 10 21 21 17 18 7 23 15 7 16 20 21 12
"3_180861136_G_A" 11 38 21 24 15 30 22 8 18 18 9 30 22 24 19
"3_183589081_G_T" 10 28 20 24 23 26 12 4 20 10 8 28 26 25 18
"3_185842767_G_T" 17 22 9 23 23 33 18 12 22 21 10 19 33 23 8
"3_186451131_G_T" 26 27 18 29 17 27 13 8 15 7 6 28 17 20 16
"3_189351515_A_C" 17 28 17 19 20 29 18 10 26 16 7 28 26 21 10
"3_189362225_C_T" 14 27 16 21 25 29 18 7 27 18 16 32 13 28 18
"3_190513394_G_T" 15 16 19 19 25 32 18 12 17 17 10 23 25 27 26
"3_19105016_A_C" 16 28 12 15 18 26 23 14 19 16 4 32 17 17 13
"3_19149927_T_G" 11 32 14 9 12 32 12 5 15 17 5 23 19 16 10
"3_191887360_T_G" 16 15 8 11 24 30 20 10 18 19 10 24 22 12 15
"3_191911445_T_A" 17 18 15 17 14 30 13 15 20 17 9 23 11 15 12
"3_192871299_C_A" 12 21 20 21 26 26 25 24 16 16 10 29 25 31 18
"3_194549658_G_A" 21 37 21 28 18 21 17 8 19 22 11 22 14 21 18
"3_194627068_T_A" 16 37 14 27 17 28 22 8 15 11 10 21 23 24 13
"3_194898461_C_A" 14 37 19 29 18 31 13 10 18 27 14 19 28 20 11
"3_195006894_C_G" 20 52 27 28 19 32 17 6 28 17 9 21 12 17 14
"3_195466224_T_G" 16 50 32 47 38 29 26 18 28 30 15 46 27 30 20
"3_196159277_G_A" 15 46 28 27 17 39 17 3 22 17 8 21 12 19 10
"3_196482267_G_C" 11 37 21 34 23 29 18 14 21 12 14 21 15 23 8
"3_19938593_A_C" 8 22 14 23 14 25 17 16 20 21 10 27 18 13 22
"3_20416871_A_G" 13 25 13 23 24 25 18 11 22 14 11 25 24 21 15
"3_20754541_G_T" 11 20 11 25 23 33 19 12 23 15 7 23 27 23 13
"3_20824378_C_T" 10 16 10 15 27 24 18 10 22 14 13 18 19 15 9
"3_21084388_A_G" 17 21 6 16 17 29 21 9 29 23 15 26 21 8 11
"3_21590317_A_T" 5 24 13 26 25 36 21 12 21 22 17 19 18 25 16
"3_21856012_A_G" 13 27 9 13 17 27 17 11 19 15 10 26 29 10 6
"3_2219635_A_C" 8 31 13 18 14 29 15 12 28 17 17 32 27 24 14
"3_22485811_T_G" 14 25 14 17 15 32 19 9 18 17 14 35 24 28 13
"3_2254234_A_C" 8 17 12 18 17 37 12 15 22 18 11 23 29 18 11
"3_22980444_G_C" 21 19 9 20 28 27 14 13 24 17 11 30 20 23 11
"3_24417810_C_A" 13 36 19 18 16 34 11 11 19 18 14 19 28 25 7
"3_24797629_T_G" 12 22 28 20 22 30 16 7 18 23 10 21 24 23 13
"3_25870595_T_C" 11 34 25 23 21 33 14 10 17 16 11 24 18 25 15
"3_25951419_G_A" 17 22 14 13 19 20 12 13 23 17 13 21 20 15 13
"3_26349864_A_G" 13 23 14 20 21 30 21 8 25 11 12 31 26 15 12
"3_26843868_A_C" 13 14 17 29 16 31 18 11 17 13 9 34 20 8 9
"3_2784517_C_A" 14 24 14 17 29 29 18 12 17 15 14 36 18 19 10
"3_28104313_C_G" 11 31 11 17 17 28 19 14 20 22 14 25 18 20 15
"3_28703556_G_C" 9 24 13 21 11 29 16 8 16 16 12 31 25 23 11
"3_2905233_C_A" 14 24 21 17 12 28 19 8 13 11 10 10 19 15 17
"3_30287662_T_C" 18 33 15 18 19 25 16 10 16 13 8 20 18 25 16
"3_3138833_G_A" 10 27 13 23 17 23 12 8 22 20 10 17 20 30 13
"3_33270927_C_A" 11 40 16 19 15 26 18 15 19 17 12 31 31 16 15
"3_33491038_G_A" 19 34 28 27 23 27 18 9 16 17 7 25 19 17 17
"3_35351295_C_A" 5 17 19 16 26 27 21 15 23 19 14 24 22 11 8
"3_36114657_T_G" 18 29 12 28 19 19 19 7 17 12 9 31 20 25 19
"3_3711784_T_G" 16 15 9 19 20 34 15 14 15 23 4 34 17 19 12
"3_39853774_T_G" 17 31 16 23 22 34 19 8 24 22 12 19 28 21 21
"3_43319007_A_T" 18 47 8 19 17 18 16 16 19 13 12 25 22 17 15
"3_43692172_T_G" 13 36 26 24 20 31 18 5 22 10 9 24 19 27 10
"3_44772523_G_A" 27 50 18 34 13 33 20 5 25 23 8 33 14 23 13
"3_45897542_T_G" 27 47 14 31 13 38 17 14 25 16 7 23 21 16 20
"3_46736124_G_C" 15 40 24 26 18 22 19 11 15 25 9 20 23 14 6
"3_47401825_T_C" 21 39 13 42 17 31 21 6 13 18 10 30 22 18 12
"3_47409241_A_C" 20 42 18 31 16 22 16 5 14 19 12 21 12 12 8
"3_48060368_T_C" 14 32 18 24 17 29 18 9 20 15 12 21 13 9 18
"3_4817856_C_G" 21 34 16 17 15 26 16 13 16 23 7 26 18 16 9
"3_48818312_C_A" 24 39 18 34 22 36 20 7 27 14 7 23 13 27 13
"3_48924570_G_A" 18 50 11 34 20 26 21 10 17 18 7 28 13 17 15
"3_49693584_A_C" 15 57 17 37 21 27 17 7 18 15 7 25 12 21 15
"3_49694834_C_T" 23 52 20 35 17 26 19 8 23 18 5 30 16 25 27
"3_51669949_T_C" 14 38 13 36 12 27 20 8 21 12 8 33 15 17 14
"3_52080182_G_T" 12 45 29 41 21 34 14 9 21 19 11 25 17 17 15
"3_5420495_G_T" 6 31 17 15 18 29 22 6 12 18 7 28 13 19 14
"3_54353302_A_T" 10 34 18 28 14 25 23 14 36 15 8 42 7 20 20
"3_54524795_G_A" 7 38 4 26 21 35 5 5 20 13 5 22 17 23 17
"3_54662097_A_C" 13 26 17 22 20 31 27 8 21 15 8 25 21 25 15
"3_5590602_C_T" 20 31 16 22 33 33 22 13 20 15 8 35 23 18 11
"3_5631179_T_C" 18 21 18 21 19 25 17 17 20 15 13 36 23 31 18
"3_5773462_A_C" 7 38 17 22 14 38 17 8 20 13 10 34 16 29 12
"3_59636450_T_G" 14 33 19 25 23 29 19 7 17 12 5 21 21 13 17
"3_60386253_T_G" 7 24 11 27 16 24 19 12 28 11 12 25 17 14 11
"3_62480641_T_C" 9 22 18 26 14 31 12 14 12 20 14 23 18 17 14
"3_64370433_C_A" 11 31 16 29 15 24 11 5 22 19 12 30 18 25 13
"3_64431202_C_T" 13 26 16 20 22 20 14 10 15 17 5 16 9 17 10
"3_64929163_C_G" 11 24 21 13 23 36 19 12 21 17 8 26 15 25 10
"3_65624913_T_G" 10 22 17 26 21 21 23 12 23 12 10 22 23 17 9
"3_65678664_T_C" 13 21 9 18 16 21 14 6 21 17 3 23 14 25 18
"3_66069151_T_G" 19 26 22 22 20 16 15 6 27 20 6 22 20 5 11
"3_66340432_T_G" 22 28 17 25 17 30 19 7 18 19 10 33 11 20 12
"3_66679630_C_A" 11 37 25 24 19 28 21 6 18 20 13 19 15 26 17
"3_66949074_T_G" 7 35 11 18 29 31 16 9 15 16 18 25 23 25 14
"3_6726825_C_T" 15 18 14 15 22 20 22 5 18 13 11 23 11 18 11
"3_68457134_C_A" 12 30 23 22 14 28 24 13 16 16 12 20 12 17 9
"3_68693007_T_G" 8 21 13 24 14 27 23 12 16 18 12 28 15 28 15
"3_70608241_C_A" 13 35 18 26 10 48 20 9 17 17 9 31 18 25 20
"3_71346147_C_G" 12 38 18 18 21 20 18 12 16 21 14 35 16 23 28
"3_71804018_T_G" 10 22 11 12 7 12 9 4 8 6 8 14 4 8 8
"3_71890953_A_G" 13 27 16 28 18 26 21 6 29 21 10 23 15 17 17
"3_7295388_C_A" 14 31 16 18 17 26 18 8 27 21 7 25 11 22 12
"3_76175648_C_A" 10 34 17 22 22 34 13 13 25 25 10 33 16 23 22
"3_767645_T_C" 3 19 6 14 21 32 21 9 15 17 12 24 26 22 18
"3_77056075_G_C" 21 12 16 16 14 39 24 10 23 17 14 35 21 18 19
"3_77901439_T_C" 19 20 10 15 21 29 10 8 27 13 15 37 25 19 16
"3_79091022_T_G" 11 17 15 12 12 32 18 8 24 12 8 15 26 25 13
"3_79932244_T_G" 9 19 14 17 13 35 21 7 16 12 9 25 31 32 10
"3_79992728_G_A" 6 22 13 15 34 32 21 9 15 14 8 27 23 18 17
"3_80005208_A_T" 6 24 21 15 21 37 22 5 17 16 11 28 25 14 15
"3_80107191_A_T" 9 14 15 19 26 36 22 12 24 20 11 31 19 16 11
"3_80224303_A_C" 5 22 11 11 10 36 16 14 21 21 15 34 24 18 20
"3_80630043_T_A" 8 15 16 15 19 20 10 10 14 12 9 26 14 15 17
"3_816348_T_G" 10 17 10 23 22 39 16 12 25 18 8 23 22 23 17
"3_81721069_G_C" 6 24 19 21 16 27 12 11 22 22 7 34 23 17 13
"3_81917385_G_C" 17 29 18 25 26 22 16 8 29 14 8 31 23 9 14
"3_82286788_C_T" 8 27 8 16 23 25 17 9 27 16 14 29 17 16 11
"3_82641092_T_C" 8 15 27 12 17 31 12 11 25 18 13 33 14 24 13
"3_82705388_G_C" 11 17 11 20 20 26 14 8 20 19 11 27 24 15 12
"3_82984696_A_C" 7 23 31 9 16 30 16 16 22 27 6 24 18 14 13
"3_83047014_A_C" 5 17 13 12 12 18 13 11 18 16 9 19 13 15 10
"3_83628350_A_G" 7 18 17 13 17 44 29 11 21 28 10 26 27 20 13
"3_83779923_T_C" 9 26 15 17 13 22 19 11 23 22 4 25 15 26 23
"3_83954645_A_T" 8 21 11 12 24 38 19 10 29 13 10 28 19 11 14
"3_84729797_A_G" 10 18 19 17 23 23 15 6 27 19 9 28 23 19 17
"3_85260610_T_C" 10 21 11 19 16 36 14 11 16 14 12 21 24 14 12
"3_85783341_G_T" 7 10 10 9 10 27 15 6 19 16 13 16 27 26 20
"3_85891434_A_C" 16 13 12 15 15 29 18 5 13 10 8 25 16 9 9
"3_85914801_A_C" 15 24 12 12 20 35 20 9 20 25 13 34 17 25 20
"3_86085397_C_G" 3 18 13 16 15 27 22 13 24 19 13 27 19 18 9
"3_86257062_A_C" 8 21 20 16 19 29 23 13 27 22 9 35 16 26 12
"3_86636699_A_T" 16 15 22 27 25 37 18 11 25 12 12 28 25 24 23
"3_87970038_A_T" 18 25 19 28 26 41 19 11 15 20 15 38 17 25 11
"3_88610968_A_C" 14 19 16 11 25 32 15 15 27 22 12 26 21 19 11
"3_8891441_T_A" 1 6 3 3 7 3 3 0 6 1 1 2 2 2 1
"3_89280808_A_T" 14 31 16 12 27 32 17 11 17 22 16 24 19 13 21
"3_89659424_G_C" 10 20 13 15 27 33 18 12 23 17 10 42 20 17 13
"3_90006795_T_A" 13 20 7 15 23 23 17 9 16 19 13 30 20 17 24
"3_93979797_G_A" 14 25 23 17 15 26 21 6 19 11 6 28 25 19 15
"3_94392073_C_T" 10 27 16 26 20 26 21 15 25 17 12 28 18 25 14
"3_94550356_C_A" 9 23 12 20 26 34 24 6 21 19 7 19 17 22 15
"3_94578382_T_G" 10 23 8 14 17 30 21 14 22 18 13 26 19 20 18
"3_95435043_A_T" 11 14 23 20 17 24 9 4 11 17 10 24 10 18 17
"3_95606102_T_G" 12 16 11 9 24 36 13 13 19 30 21 32 12 23 9
"3_95618384_T_C" 12 21 10 21 22 31 18 11 21 19 11 37 25 10 13
"3_97288089_T_A" 8 15 14 10 26 20 20 11 20 23 11 34 26 15 16
"3_97686562_T_C" 13 28 20 20 20 23 19 9 12 11 13 37 24 14 19
"3_97998642_C_A" 13 25 8 16 18 28 25 12 23 20 15 24 17 30 9
"3_98375646_T_G" 13 20 11 16 11 23 17 18 19 21 17 22 13 12 14
"3_98375647_T_G" 13 23 12 19 11 25 21 17 19 22 17 23 16 17 15
"3_98724581_A_G" 13 19 16 23 16 26 17 8 22 17 14 34 24 24 16
"3_9905827_A_T" 19 33 21 29 12 32 15 10 12 19 10 17 17 12 11
"3_99327990_A_T" 16 18 18 15 20 24 13 13 26 11 11 35 17 20 15
"3_99411156_C_A" 11 24 17 15 23 34 14 8 13 25 12 25 24 16 14
"4_100094895_T_A" 17 29 15 14 12 36 12 15 19 17 16 31 17 21 18
"4_101672122_A_C" 5 27 14 25 17 27 22 7 22 20 16 20 20 24 20
"4_102996840_G_T" 18 25 17 20 19 22 26 12 23 16 9 36 18 18 11
"4_103120999_A_G" 8 27 9 14 17 25 23 13 22 13 12 34 20 20 16
"4_103241995_C_A" 8 15 10 14 8 23 8 9 17 13 15 21 16 13 16
"4_103338849_A_G" 13 25 18 25 16 21 14 11 16 24 6 21 16 21 12
"4_104129657_T_A" 15 29 16 14 19 30 19 11 23 17 10 25 32 24 19
"4_104595680_C_A" 10 19 14 8 17 35 17 10 27 17 18 28 18 18 21
"4_105294214_A_C" 12 21 14 15 24 26 18 8 23 20 17 18 18 21 10
"4_105929486_A_C" 17 17 18 19 23 35 20 7 23 19 10 34 16 17 13
"4_106777846_T_G" 14 20 17 22 17 35 13 12 24 23 8 30 25 25 12
"4_108068439_A_C" 10 27 14 20 18 19 22 7 23 21 9 29 23 21 13
"4_109157444_A_C" 13 25 8 20 16 16 13 10 25 5 9 16 16 16 17
"4_10980830_C_A" 12 22 17 29 24 28 20 12 17 17 8 35 13 28 17
"4_111304332_C_A" 10 23 13 17 25 31 17 5 30 17 17 32 17 14 20
"4_111465669_C_A" 12 24 15 22 22 32 15 14 18 20 12 36 21 20 11
"4_111942741_T_A" 17 31 17 17 16 34 26 9 18 17 15 28 23 20 19
"4_112237010_G_C" 6 15 15 11 14 21 9 10 16 14 7 23 15 17 13
"4_11237661_G_C" 14 28 18 28 22 26 15 15 19 23 5 23 21 25 16
"4_112407959_T_A" 10 17 19 11 15 33 13 14 25 11 10 41 12 24 15
"4_112706841_G_T" 17 22 21 15 17 24 20 8 26 18 8 24 18 19 11
"4_113101864_A_C" 16 29 12 32 15 27 19 10 15 20 8 22 21 12 12
"4_113949991_T_G" 6 22 5 4 12 17 10 6 13 7 7 13 18 11 6
"4_114415194_C_A" 10 26 15 15 16 28 19 6 25 18 9 28 11 23 18
"4_114703018_T_C" 13 30 20 17 18 27 16 12 23 18 14 22 25 19 35
"4_114736845_C_T" 21 23 20 18 22 25 16 9 23 19 9 24 19 25 16
"4_115967075_T_G" 8 22 22 11 19 29 16 7 36 21 5 24 20 19 12
"4_117118961_C_A" 17 17 20 15 20 42 18 11 17 17 9 27 23 24 13
"4_117505509_G_C" 13 11 15 20 22 32 12 10 21 18 16 35 17 26 12
"4_117590307_G_A" 17 21 13 15 21 29 15 13 26 20 10 30 20 21 11
"4_117921621_A_C" 16 15 19 19 21 29 12 6 24 15 9 24 23 20 10
"4_11812882_T_G" 14 20 23 23 17 21 20 13 15 29 12 17 15 16 14
"4_118643381_G_A" 10 23 14 23 23 27 21 15 17 19 14 32 16 15 17
"4_118778610_G_T" 11 20 15 9 21 25 21 9 24 12 16 26 26 15 13
"4_119000036_A_T" 12 26 12 19 16 26 16 10 16 15 5 29 19 16 14
"4_120843036_G_C" 12 23 19 26 20 33 24 12 17 19 14 35 24 28 16
"4_12144710_T_A" 9 27 20 22 31 28 16 11 27 20 13 33 27 25 13
"4_122403137_C_G" 21 14 17 20 34 32 21 4 20 15 6 36 18 19 13
"4_122961124_C_A" 9 28 17 16 24 32 18 9 23 23 9 20 20 22 12
"4_12362380_A_T" 10 19 10 15 21 31 18 6 24 15 7 34 22 15 17
"4_12366959_C_T" 4 24 8 20 21 23 22 13 19 17 3 26 12 22 10
"4_126090744_T_C" 7 20 18 17 22 36 26 13 20 23 9 23 22 12 19
"4_126401145_A_T" 20 26 13 20 19 32 15 8 20 19 10 28 24 11 16
"4_126764312_T_A" 20 20 18 19 12 25 20 8 33 19 9 29 20 21 13
"4_12847588_T_G" 10 33 7 15 12 20 15 7 14 17 7 26 11 14 20
"4_128815134_G_A" 17 21 21 24 22 37 17 16 20 11 7 27 23 20 28
"4_130692984_T_A" 12 9 9 13 25 43 26 6 25 18 7 26 26 19 15
"4_131640049_C_G" 13 17 16 17 14 28 16 9 28 20 10 30 26 23 15
"4_132095742_T_C" 10 20 23 19 15 27 21 12 17 14 11 30 23 26 10
"4_132695408_C_T" 11 20 18 10 27 25 11 10 25 24 16 18 22 17 15
"4_132881664_G_A" 7 13 17 12 8 30 16 9 15 16 9 17 15 13 12
"4_133642499_T_G" 12 16 12 18 20 32 29 12 20 16 16 18 21 21 10
"4_133652409_A_T" 5 15 21 17 23 18 18 5 17 14 9 26 10 15 16
"4_133652425_A_G" 7 17 20 18 18 18 21 5 16 17 7 24 7 21 18
"4_133727870_C_A" 12 15 10 14 17 38 15 13 19 20 15 29 28 28 10
"4_136112795_T_G" 10 15 24 11 13 28 17 12 13 25 13 36 16 27 19
"4_136353794_T_G" 3 17 22 15 20 28 17 14 23 23 13 22 18 23 6
"4_136572763_T_A" 9 15 11 14 11 37 20 11 17 11 10 20 15 8 14
"4_137275165_C_A" 7 22 12 13 13 24 19 10 22 21 21 17 17 27 16
"4_137869996_T_A" 6 13 17 15 14 24 18 12 18 13 13 19 34 23 20
"4_137953879_G_A" 12 15 16 19 24 36 10 12 27 16 15 32 22 20 21
"4_13824648_G_A" 6 29 15 14 22 27 24 11 26 20 5 27 26 24 14
"4_138694894_T_C" 15 18 12 16 25 26 17 9 28 19 11 24 26 24 11
"4_138812449_T_C" 6 18 21 10 17 27 16 11 16 21 16 20 12 13 18
"4_141853136_G_A" 12 34 24 24 18 34 29 3 23 25 12 34 31 21 17
"4_142892034_T_C" 19 31 19 18 19 23 18 8 16 26 9 20 17 22 16
"4_14305432_C_A" 18 30 23 16 16 26 24 15 22 25 7 27 21 23 19
"4_144529526_A_C" 7 31 17 16 18 36 13 10 11 21 8 31 27 28 16
"4_145585291_C_G" 16 17 14 12 22 24 14 6 21 18 10 21 17 18 10
"4_146344491_T_A" 15 25 15 23 18 31 24 4 17 15 4 25 23 17 17
"4_148663357_G_A" 10 26 16 12 20 33 14 8 30 18 3 20 21 29 7
"4_149513126_A_C" 8 31 9 24 24 31 17 16 12 17 8 30 15 14 18
"4_150644386_A_G" 16 23 13 20 23 38 19 12 19 17 13 28 24 13 17
"4_153078243_T_A" 23 23 21 19 15 38 18 8 16 17 7 21 23 22 18
"4_155198995_C_A" 17 32 18 23 22 32 21 5 23 11 13 31 12 22 17
"4_155445065_C_T" 14 35 14 20 21 34 13 11 21 20 9 34 24 8 15
"4_156014647_C_T" 21 25 15 15 19 39 16 3 22 12 19 21 15 23 11
"4_156608572_C_T" 11 20 17 8 18 24 18 13 17 13 9 24 18 10 15
"4_157437431_T_A" 10 20 12 18 20 38 14 11 18 28 8 24 21 15 13
"4_157482749_A_G" 15 17 13 7 15 31 17 10 22 21 5 28 19 21 20
"4_158998029_A_G" 10 26 14 19 22 32 25 17 24 14 6 31 19 17 16
"4_159459373_A_G" 8 33 11 19 28 35 24 8 23 28 13 29 18 12 15
"4_16012097_C_T" 15 45 13 15 20 37 13 7 29 18 10 28 19 20 15
"4_160589392_T_C" 12 25 10 12 22 25 17 10 16 22 11 37 25 20 12
"4_160856536_A_T" 8 28 24 16 20 24 26 13 21 26 7 43 27 30 12
"4_162268332_A_T" 13 11 15 12 14 37 20 15 25 16 7 23 17 18 23
"4_162430374_G_T" 14 19 8 13 21 21 21 8 25 21 11 41 23 19 19
"4_162992342_G_C" 8 24 14 11 18 34 19 11 28 19 13 27 33 19 12
"4_163502658_G_A" 4 19 6 9 10 17 10 7 15 10 8 12 11 7 7
"4_163858571_T_A" 10 15 13 21 16 38 19 8 30 19 12 32 28 18 21
"4_164221860_C_T" 13 22 9 28 18 33 15 15 28 10 14 33 18 23 17
"4_164471481_G_T" 9 25 18 23 10 27 13 13 14 23 7 20 21 8 16
"4_164653037_T_C" 15 20 15 23 29 35 13 6 12 10 12 31 26 25 12
"4_16569997_T_G" 11 26 18 18 17 25 19 11 23 19 18 29 23 11 18
"4_167125117_T_C" 18 24 12 17 22 35 22 22 25 21 14 28 27 23 13
"4_167133640_T_C" 8 23 10 16 23 18 19 7 21 20 14 26 21 19 10
"4_167438437_T_C" 20 33 16 16 17 27 19 16 24 11 8 28 22 25 15
"4_167751478_A_C" 17 21 21 16 18 33 15 16 25 14 9 33 19 20 15
"4_16844413_A_C" 13 29 20 23 23 28 26 11 17 20 8 30 11 20 18
"4_168898746_A_G" 5 13 4 6 14 19 9 2 13 14 5 13 12 5 10
"4_170172889_T_A" 11 24 20 27 20 38 12 8 16 28 8 29 18 19 15
"4_171594434_G_A" 13 16 21 12 28 27 15 15 16 29 9 39 17 9 14
"4_171767413_T_G" 10 17 15 20 22 28 18 9 23 13 9 25 15 19 20
"4_172062329_G_A" 13 18 13 16 19 35 19 13 28 23 9 21 15 19 17
"4_172194874_A_T" 11 25 20 21 21 39 14 12 18 20 10 29 23 19 20
"4_172740553_C_A" 7 15 18 8 16 31 21 12 26 21 10 27 25 23 16
"4_173353434_G_A" 11 23 16 7 14 25 17 11 27 20 12 28 22 21 17
"4_173897159_C_T" 9 18 16 18 13 32 19 8 27 18 5 24 16 15 10
"4_175246918_A_C" 16 33 24 16 14 37 19 9 30 13 13 33 19 18 13
"4_175583063_G_A" 8 32 24 15 19 29 12 11 13 23 7 21 21 28 13
"4_175789478_A_G" 12 28 9 16 17 24 15 7 25 11 7 20 13 16 10
"4_176358533_G_T" 8 13 20 13 19 33 15 12 28 15 14 18 17 15 19
"4_177194582_C_G" 13 27 14 19 23 30 20 12 25 18 19 28 26 16 10
"4_177887332_T_C" 9 19 14 8 22 24 14 16 16 18 10 28 20 18 12
"4_178912547_T_G" 14 20 18 15 20 34 20 11 16 24 11 35 14 18 21
"4_180231761_A_G" 8 23 18 17 25 25 18 11 23 16 11 29 17 18 13
"4_180581507_G_A" 10 22 13 12 17 30 18 11 20 16 8 26 22 26 12
"4_1821502_C_A" 10 48 14 32 12 30 18 9 19 24 11 22 16 18 17
"4_182364035_A_C" 16 14 12 21 19 32 17 10 21 22 11 36 16 14 15
"4_182508256_T_A" 9 33 17 20 18 26 19 10 18 16 5 28 10 29 15
"4_182642604_T_A" 8 12 13 8 9 18 12 6 11 9 6 13 3 17 7
"4_183241876_C_A" 14 26 12 23 14 27 16 9 19 18 13 36 20 12 9
"4_183865559_C_A" 13 34 15 28 22 30 16 11 17 14 11 26 21 25 14
"4_186108173_T_C" 16 35 20 32 19 37 14 10 19 23 8 24 21 19 18
"4_186809158_C_A" 11 27 21 20 17 34 18 3 26 16 12 21 16 16 14
"4_186849428_T_C" 12 27 14 18 23 33 14 11 14 16 13 15 18 20 10
"4_186881992_T_G" 22 28 12 14 24 22 26 8 26 27 10 26 16 19 19
"4_18741661_G_T" 6 16 15 13 17 26 28 6 28 14 6 23 22 24 17
"4_187700467_A_C" 9 21 17 11 12 31 15 7 22 14 11 21 24 29 3
"4_190409022_C_G" 14 27 17 22 16 33 18 9 22 20 15 29 21 22 16
"4_19280320_A_C" 16 23 12 17 17 25 18 13 22 10 11 23 10 23 9
"4_19685016_C_T" 6 23 21 14 20 41 20 16 19 17 12 28 19 38 11
"4_20238280_A_C" 10 27 20 23 12 32 17 11 18 22 14 27 22 16 14
"4_21238899_C_T" 7 28 15 17 24 34 17 8 23 23 14 25 23 18 13
"4_21748529_A_C" 6 26 13 20 19 24 18 14 27 29 8 36 24 23 18
"4_24064099_T_G" 13 25 16 10 11 34 13 10 15 15 7 20 24 23 16
"4_25657515_G_T" 19 25 17 19 29 31 17 9 20 19 7 28 17 22 8
"4_2803742_T_G" 13 24 17 29 13 25 15 10 29 18 6 31 19 18 10
"4_29621697_T_G" 14 13 16 15 20 28 13 13 19 18 9 25 28 18 11
"4_30382574_G_A" 17 26 14 17 21 29 17 13 18 19 12 31 29 20 11
"4_31848834_A_T" 10 24 15 13 20 39 14 17 23 26 10 20 17 32 12
"4_32398348_T_G" 12 27 16 17 23 22 19 12 25 21 12 30 20 19 13
"4_32649987_C_A" 6 34 12 18 18 34 24 9 18 16 13 25 28 17 14
"4_32667493_A_C" 14 28 15 18 21 40 20 9 20 15 8 25 27 28 20
"4_33477201_G_A" 4 24 23 13 22 34 16 11 19 22 13 31 17 25 18
"4_33838498_A_C" 11 22 8 13 19 34 22 8 17 23 10 29 23 22 12
"4_34545866_A_C" 5 24 23 11 30 40 15 14 21 20 11 32 17 20 15
"4_34851540_A_G" 10 26 19 12 21 31 17 11 23 18 10 32 14 26 9
"4_35088432_C_A" 9 12 17 16 19 22 17 8 23 18 11 27 22 24 16
"4_35164035_A_T" 14 18 17 19 27 40 20 12 18 15 10 26 20 26 18
"4_35387362_T_C" 9 18 23 9 24 36 20 12 19 24 17 27 36 22 13
"4_35673494_C_T" 14 24 12 21 21 36 25 8 25 19 6 22 15 19 16
"4_36978985_A_T" 11 28 21 22 31 30 29 9 24 16 8 27 19 15 17
"4_38177981_A_T" 19 33 23 22 16 27 12 10 14 17 11 22 8 22 14
"4_38571143_T_A" 12 33 10 27 18 27 19 13 20 17 12 27 26 15 8
"4_38978210_T_G" 12 36 7 37 18 15 14 14 12 16 12 25 24 13 16
"4_41364579_A_G" 17 32 12 20 24 30 11 11 22 30 10 25 20 18 15
"4_42097914_G_A" 15 27 20 23 19 24 19 9 37 25 9 22 17 12 20
"4_44088091_A_G" 8 23 20 30 23 35 21 9 32 18 11 29 21 15 12
"4_44675652_C_G" 15 33 17 15 15 23 22 16 22 18 11 20 20 17 18
"4_45155387_A_T" 9 17 11 21 26 27 20 17 17 13 8 25 17 14 19
"4_45352261_G_T" 17 26 19 24 17 24 18 12 16 20 16 36 23 16 12
"4_45480131_T_G" 8 25 16 11 17 30 19 12 28 16 7 29 18 26 14
"4_45716227_G_A" 12 19 10 17 23 28 20 11 16 12 8 34 23 26 18
"4_46530645_A_G" 13 18 6 14 18 36 19 7 17 20 7 30 16 22 14
"4_46588391_C_T" 10 17 16 13 25 24 16 5 17 21 14 25 21 22 20
"4_48419894_T_G" 17 27 14 15 21 21 20 6 14 15 10 29 25 17 14
"4_5256558_G_C" 19 28 22 31 20 33 17 9 20 27 10 27 14 18 21
"4_54299685_T_A" 2 8 3 3 3 2 3 0 3 6 2 5 1 3 5
"4_55338491_C_A" 14 35 13 17 23 36 18 9 24 25 14 25 16 23 14
"4_56495439_T_A" 11 28 20 24 20 28 13 7 24 11 6 21 21 15 17
"4_56714125_C_T" 21 35 20 32 20 29 24 9 19 26 9 25 23 20 7
"4_56809803_G_C" 17 29 9 22 18 19 14 6 16 19 12 29 14 22 11
"4_58350164_G_C" 18 18 17 28 25 33 16 12 26 17 13 30 24 20 22
"4_5881966_A_T" 15 27 17 25 16 24 14 16 19 11 14 28 25 13 20
"4_58889002_G_C" 9 29 17 13 11 41 18 6 23 21 12 18 27 19 22
"4_59164364_A_G" 10 22 17 17 19 31 18 8 23 11 8 30 21 25 9
"4_59205973_A_C" 11 22 6 16 16 27 18 12 27 20 15 34 23 18 13
"4_59263768_T_G" 15 20 20 18 21 28 21 14 23 17 8 29 27 25 11
"4_59649484_C_T" 9 17 9 18 22 23 18 4 16 17 9 22 14 23 16
"4_59844598_G_A" 9 24 14 11 9 30 18 13 12 12 5 35 25 22 12
"4_60297667_C_A" 13 14 11 18 24 25 16 13 24 27 13 22 17 26 20
"4_60979382_A_C" 13 25 18 9 20 33 16 8 16 15 9 23 20 13 17
"4_62269184_T_G" 10 22 17 13 27 36 16 8 22 11 12 25 23 11 11
"4_62691938_G_C" 12 30 19 10 19 27 15 16 19 22 11 23 27 11 18
"4_63174033_C_T" 15 19 12 16 17 27 23 13 16 19 7 26 19 20 12
"4_63185750_C_A" 13 21 16 12 19 36 13 5 28 14 2 41 25 15 13
"4_63241697_A_T" 14 19 18 19 20 33 18 11 24 13 8 24 18 19 10
"4_63250654_A_T" 14 12 11 18 16 28 19 11 24 20 10 23 25 27 14
"4_63269981_T_G" 17 15 17 14 15 25 28 10 20 23 8 24 21 23 12
"4_63602036_C_G" 9 22 5 11 24 24 19 11 17 21 9 25 31 17 13
"4_63748266_C_A" 12 14 14 16 17 25 24 17 33 14 13 34 26 11 11
"4_63962215_C_A" 11 17 17 20 23 21 21 12 22 18 10 27 24 26 18
"4_64179503_T_A" 10 16 13 10 25 25 20 8 23 12 7 33 15 16 20
"4_64875350_C_T" 17 20 14 15 18 29 20 7 14 16 9 32 25 23 21
"4_65173116_C_G" 7 20 16 12 16 30 17 12 21 19 8 32 23 14 12
"4_66249900_G_A" 14 15 16 12 18 30 14 12 20 19 12 21 21 17 21
"4_67447384_G_T" 9 28 15 14 15 29 17 18 22 11 9 25 20 20 25
"4_67820486_C_T" 7 34 18 18 23 31 21 7 21 22 11 32 20 25 11
"4_7028112_A_C" 11 33 24 25 19 27 20 20 22 14 14 20 21 9 12
"4_70386708_G_C" 7 20 12 17 18 28 12 7 17 8 13 15 18 17 12
"4_71273331_T_C" 8 31 11 17 18 34 15 7 24 17 14 31 15 18 19
"4_73156309_T_C" 11 31 13 17 21 28 21 13 15 21 15 22 14 17 17
"4_736199_A_C" 20 39 19 32 19 22 18 6 12 22 10 15 14 14 11
"4_74860421_C_T" 6 18 7 23 17 30 16 14 27 19 4 25 20 20 11
"4_75410288_A_C" 8 24 13 23 25 27 22 5 28 19 13 32 16 29 17
"4_7597572_C_T" 12 22 18 25 22 34 15 12 25 16 17 18 11 22 19
"4_7772003_A_C" 3 19 14 19 11 13 6 3 10 11 3 11 4 7 7
"4_81258725_T_C" 12 27 14 10 21 30 17 8 18 21 7 27 14 13 22
"4_81844888_G_T" 13 25 20 20 29 31 13 13 24 18 10 34 15 20 13
"4_84674980_G_T" 14 23 15 22 20 31 26 9 20 26 8 37 21 17 17
"4_84721146_A_C" 19 27 8 19 31 24 21 12 22 22 9 21 20 17 17
"4_87062559_C_A" 18 18 19 18 21 27 25 8 25 26 7 26 13 11 15
"4_87324979_A_C" 13 24 14 25 24 39 21 7 20 19 11 38 29 18 18
"4_87995659_A_G" 8 34 26 24 13 24 15 9 13 27 8 23 30 23 14
"4_88163580_G_A" 12 36 23 26 25 25 22 11 23 19 11 36 18 15 13
"4_89131178_C_A" 8 28 19 23 16 23 19 5 15 23 7 27 19 8 15
"4_89606683_G_T" 10 25 11 24 18 30 28 10 16 17 6 31 20 17 24
"4_90231066_C_T" 18 35 18 22 26 29 18 9 23 17 14 19 22 22 23
"4_91563672_A_G" 10 19 11 24 21 34 22 11 15 15 12 25 29 13 16
"4_92357767_G_A" 12 20 8 9 18 41 16 9 22 16 8 37 23 20 13
"4_92754361_T_G" 5 15 7 6 14 28 16 2 16 21 13 30 15 20 13
"4_92795106_A_C" 10 27 25 18 12 31 19 10 21 20 16 29 21 22 19
"4_93260125_A_T" 12 28 15 15 29 32 18 7 16 21 12 32 18 18 14
"4_95833212_A_G" 12 21 10 14 22 29 20 10 18 15 6 26 21 14 19
"4_95863700_G_C" 11 33 15 19 28 28 21 11 26 16 8 26 17 18 19
"4_95985784_T_A" 7 23 16 18 21 24 15 7 18 17 8 23 13 28 8
"4_9631981_C_A" 9 17 10 18 7 18 11 5 10 2 10 10 8 13 13
"5_100161085_G_T" 19 20 12 32 20 29 21 10 18 21 6 33 22 23 14
"5_100476525_G_A" 8 10 9 10 12 19 9 8 17 10 5 15 14 8 2
"5_100591913_A_G" 7 25 25 18 19 35 21 6 18 23 8 27 28 17 19
"5_103620887_G_C" 5 33 6 15 21 32 17 7 17 24 9 35 15 20 15
"5_103837618_G_T" 20 18 15 16 24 37 23 13 22 24 16 40 11 20 16
"5_103846679_G_C" 11 22 14 18 17 28 19 7 31 18 12 31 21 18 14
"5_103972521_T_A" 4 18 13 16 14 27 21 11 18 20 11 23 13 19 11
"5_104012956_C_A" 10 22 9 23 16 18 17 12 25 17 10 24 18 22 16
"5_104231766_G_A" 12 18 8 9 24 34 14 12 18 21 9 33 20 13 11
"5_104865771_G_C" 7 27 17 15 26 34 14 10 16 15 11 29 20 25 14
"5_105512178_C_A" 10 13 10 15 9 27 21 8 27 23 7 28 24 21 14
"5_107697514_T_A" 10 31 14 23 25 31 18 14 24 22 13 21 16 21 17
"5_110063212_A_T" 18 19 21 26 22 32 11 12 22 17 12 30 25 14 10
"5_110208239_G_A" 20 27 16 19 23 25 11 7 19 15 12 26 21 18 19
"5_110222851_A_C" 8 20 15 25 26 40 18 16 14 16 7 27 15 19 13
"5_110511461_A_G" 20 32 12 30 28 29 15 9 27 23 20 23 9 11 19
"5_110646170_T_C" 11 18 17 20 18 36 20 14 18 9 13 24 19 11 21
"5_111347955_T_G" 13 26 12 20 26 19 13 7 18 17 15 33 13 24 7
"5_11336460_A_G" 8 23 19 28 19 34 20 7 20 14 12 27 19 19 17
"5_113509724_T_G" 11 19 19 14 20 31 14 13 23 16 7 26 22 18 13
"5_113576750_A_T" 13 26 12 19 18 32 26 12 19 17 13 22 22 25 15
"5_114168913_A_G" 18 18 19 15 18 34 21 14 21 15 9 27 21 28 14
"5_114364769_C_T" 15 30 18 19 19 38 16 11 28 15 8 19 17 21 11
"5_114411316_T_G" 9 22 17 17 19 34 15 9 28 23 12 29 20 18 12
"5_11499031_T_G" 10 28 11 18 22 29 14 5 20 19 9 31 17 22 10
"5_11567034_T_C" 11 21 14 22 25 39 25 13 16 14 13 24 27 15 13
"5_116357359_T_A" 10 33 16 19 22 31 23 13 25 19 10 36 27 24 15
"5_116914500_C_T" 11 20 19 17 29 25 22 14 26 24 11 23 16 16 20
"5_117056656_C_G" 9 24 16 22 26 31 21 6 20 22 16 31 23 9 18
"5_117056981_G_A" 3 24 12 13 16 32 11 7 16 16 10 32 18 9 9
"5_118796953_A_G" 8 24 14 28 26 25 26 15 23 18 12 30 22 17 12
"5_119225541_G_A" 10 24 8 14 17 32 19 11 28 16 11 24 21 29 22
"5_119472382_T_G" 6 24 16 17 18 30 19 16 20 23 11 34 18 24 10
"5_120365638_T_G" 15 21 13 14 18 20 15 3 21 14 8 36 21 14 21
"5_120566233_A_T" 7 20 12 13 27 33 24 12 21 14 20 22 25 17 12
"5_120678032_G_A" 9 29 14 17 21 38 14 14 20 17 15 30 28 14 15
"5_121867002_T_A" 11 25 15 22 18 30 17 12 22 19 9 17 16 19 24
"5_122435063_G_C" 8 18 18 27 17 33 19 8 22 18 15 17 23 27 12
"5_122680273_T_A" 12 30 20 21 24 40 24 11 15 26 13 27 24 19 19
"5_123012557_T_A" 13 29 8 12 15 33 23 13 31 12 15 33 23 18 11
"5_124248991_A_C" 12 36 18 17 19 36 18 13 19 16 9 24 22 14 18
"5_12538012_C_G" 9 23 16 13 23 24 24 8 22 23 10 32 23 15 16
"5_125626191_C_G" 11 26 12 12 18 42 13 13 27 14 12 28 21 22 16
"5_126072511_A_G" 8 13 14 18 17 27 22 4 24 19 13 27 9 18 11
"5_127451013_T_G" 15 28 22 18 15 35 16 7 25 20 7 26 15 23 19
"5_127815596_G_A" 5 9 7 15 3 9 7 4 9 12 4 16 12 4 6
"5_12809887_T_A" 4 32 19 8 21 28 18 15 24 20 12 26 30 17 10
"5_12881333_T_G" 13 26 17 14 16 26 17 8 23 18 13 25 12 22 12
"5_129811003_G_A" 10 21 12 16 16 30 16 13 21 26 12 25 20 20 17
"5_13046412_A_C" 11 30 23 18 16 25 16 5 30 21 11 28 20 24 11
"5_13054101_T_G" 13 8 13 18 20 22 11 10 17 14 5 25 17 13 12
"5_13163229_T_C" 15 21 11 21 25 35 24 7 21 28 10 28 27 20 19
"5_131997639_G_A" 17 37 20 23 27 24 20 6 18 18 15 27 16 22 23
"5_13393063_A_G" 18 14 20 19 21 32 21 13 23 20 10 32 30 27 15
"5_133949165_A_C" 19 33 24 34 25 29 16 9 26 27 12 20 26 28 11
"5_134910229_G_A" 11 20 14 26 22 26 26 3 17 18 8 32 23 23 17
"5_135223545_C_G" 12 28 16 25 18 30 17 16 27 18 5 18 19 23 21
"5_136788203_C_T" 16 38 14 24 22 22 18 17 22 14 6 22 19 18 13
"5_137192919_A_C" 19 33 27 15 16 30 17 7 16 17 6 24 25 12 14
"5_138037527_A_C" 10 55 25 26 26 37 17 9 20 16 12 28 17 22 16
"5_141167681_C_A" 22 28 19 29 18 25 20 13 21 16 7 24 14 13 9
"5_141907065_T_C" 8 37 13 24 17 25 19 9 14 23 18 32 16 19 17
"5_142743147_A_T" 2 5 2 1 3 3 2 1 2 2 0 5 3 3 0
"5_143957045_C_A" 13 22 16 19 23 33 14 10 17 22 6 24 15 10 21
"5_144150243_T_C" 12 31 16 20 14 37 33 11 21 17 16 26 18 23 16
"5_144672666_G_A" 5 21 11 14 22 24 17 9 19 15 12 22 14 17 14
"5_14493055_G_A" 10 46 23 26 22 31 12 8 18 18 11 25 15 18 13
"5_145463422_T_C" 11 30 18 21 17 29 16 5 19 29 14 23 19 14 7
"5_149245242_G_C" 15 38 13 27 25 32 20 12 12 17 11 23 14 17 18
"5_14931073_C_A" 4 29 11 22 15 21 22 11 23 20 8 26 16 13 17
"5_151005973_T_A" 16 39 19 29 18 35 13 11 19 23 17 27 13 20 14
"5_151061642_G_A" 13 40 15 26 24 26 15 10 22 18 8 26 16 16 12
"5_151219661_T_G" 16 17 12 10 13 15 7 3 12 14 7 19 14 9 5
"5_151615096_A_G" 12 31 21 30 16 18 18 8 28 10 8 32 29 18 11
"5_151629893_T_A" 9 36 17 22 16 26 13 8 19 17 11 29 14 20 20
"5_152912852_G_A" 5 25 17 16 15 44 20 8 17 23 8 30 20 11 13
"5_152949607_G_T" 15 32 3 18 28 33 23 6 22 20 8 24 24 21 13
"5_157391362_G_A" 17 22 19 10 25 33 21 15 23 16 5 25 22 16 13
"5_157659451_G_T" 7 34 17 20 23 34 22 11 21 17 12 30 20 21 20
"5_15964076_A_C" 8 24 18 28 16 34 26 9 18 16 8 23 26 20 19
"5_160387672_C_T" 8 27 17 19 21 26 18 7 16 14 13 24 22 16 10
"5_161963445_G_T" 16 15 12 13 24 38 22 11 26 14 8 32 25 23 12
"5_163799795_A_T" 14 20 14 20 25 33 14 5 21 19 14 30 20 20 14
"5_164603491_A_G" 7 25 25 16 19 41 23 10 23 18 10 15 15 18 12
"5_16554371_A_C" 17 31 19 22 20 28 14 6 21 18 16 27 18 31 16
"5_16554372_A_C" 14 28 21 18 19 25 14 6 19 15 17 27 16 27 15
"5_165727140_C_A" 13 15 9 12 32 26 19 19 20 18 7 32 23 26 12
"5_165763272_T_C" 15 23 13 10 24 29 23 11 21 18 12 30 14 16 11
"5_165902186_A_G" 12 20 8 14 24 36 19 16 21 13 15 33 28 18 10
"5_166247621_A_T" 14 24 23 18 22 37 17 13 19 11 11 25 22 15 16
"5_166440114_T_C" 7 33 14 23 15 27 13 20 13 16 6 15 22 26 20
"5_166652364_G_A" 9 36 16 12 21 21 13 13 18 15 5 20 26 14 20
"5_1668792_A_T" 12 47 15 24 22 27 14 3 18 17 7 30 12 19 19
"5_166938852_T_G" 12 30 18 23 23 35 27 10 22 17 16 33 21 20 14
"5_167197897_C_G" 8 23 21 22 12 29 18 11 15 29 15 27 16 17 17
"5_167733042_T_G" 15 36 16 20 17 20 26 14 15 14 7 26 20 19 11
"5_168340294_G_T" 11 24 18 23 17 31 16 7 10 18 8 17 16 23 9
"5_170514607_C_G" 3 24 16 10 11 15 11 4 12 9 10 14 10 11 10
"5_17165994_C_A" 8 23 22 18 13 33 12 7 25 19 10 27 14 26 17
"5_172630163_C_T" 9 38 18 15 14 19 12 13 21 14 7 30 16 14 8
"5_173286849_A_C" 16 30 16 19 16 13 11 11 13 13 10 14 11 10 10
"5_173810431_T_C" 13 25 10 25 22 33 14 11 19 25 10 31 16 19 16
"5_177741662_G_A" 18 34 23 32 24 33 17 8 18 17 10 22 17 17 11
"5_178362732_C_A" 14 44 14 26 15 18 13 12 15 13 11 23 15 27 18
"5_179153498_A_C" 8 20 8 10 9 12 8 3 5 5 9 10 4 15 6
"5_179828214_C_G" 10 34 11 25 15 30 14 9 19 9 6 33 13 22 11
"5_179842181_A_G" 14 39 30 30 20 33 15 15 25 21 17 19 17 13 10
"5_18597166_A_C" 7 24 9 18 17 30 12 7 25 24 5 27 12 28 16
"5_19078147_G_A" 10 28 19 24 15 38 22 6 26 21 17 27 36 20 10
"5_19349831_C_T" 16 16 17 10 18 25 16 11 16 21 14 23 11 25 15
"5_2026328_C_G" 13 39 24 28 20 32 12 10 15 19 5 28 20 19 14
"5_20635101_C_T" 8 22 7 13 21 26 12 14 19 17 16 22 18 15 14
"5_21669417_A_G" 10 24 10 17 16 22 17 10 13 13 10 28 21 24 13
"5_22385281_T_G" 17 18 18 20 14 29 16 13 12 20 13 24 22 19 21
"5_23634841_A_C" 18 20 15 12 22 25 18 10 15 14 11 21 14 22 15
"5_23866330_C_G" 9 27 11 17 14 28 20 12 27 24 7 24 19 25 11
"5_23976270_C_T" 12 14 12 12 27 23 19 12 22 16 10 26 19 20 19
"5_2457613_G_A" 12 37 15 22 9 30 15 11 18 14 11 22 15 12 8
"5_25413957_G_T" 17 8 13 13 15 30 18 9 20 16 12 25 13 19 15
"5_26850420_C_T" 9 23 19 18 22 34 20 11 27 18 14 31 23 24 14
"5_26929223_T_A" 10 16 10 21 19 33 28 7 15 19 14 17 25 29 18
"5_28452924_T_A" 10 13 18 13 16 15 15 9 26 15 12 21 19 18 15
"5_28559537_G_A" 11 23 11 17 17 23 20 10 16 27 14 20 16 14 12
"5_29208779_A_T" 12 19 16 25 18 24 28 6 38 23 12 24 24 27 17
"5_29558536_T_G" 11 18 13 4 29 31 16 10 22 18 18 23 27 22 14
"5_29885936_G_A" 8 21 19 17 18 18 13 15 21 14 14 28 13 25 7
"5_2991352_T_C" 17 27 35 27 23 28 21 3 25 24 14 25 16 20 14
"5_29943345_C_T" 14 20 10 18 22 35 22 14 20 19 4 20 26 22 17
"5_30084164_A_T" 13 16 12 16 18 29 18 15 21 13 14 36 23 22 19
"5_30683245_G_T" 6 20 15 7 15 28 15 7 18 19 9 26 13 18 17
"5_30968705_T_A" 13 18 11 11 21 28 22 15 24 16 10 23 31 18 19
"5_31443981_T_C" 11 29 11 26 20 27 17 16 22 12 9 19 21 28 8
"5_31948084_C_A" 21 32 19 26 22 32 13 8 15 17 15 22 16 21 11
"5_33875955_G_C" 14 41 25 21 20 37 17 17 22 22 15 31 16 27 14
"5_33954727_C_T" 12 34 18 19 18 30 21 13 26 10 16 23 19 15 11
"5_34295468_C_A" 10 29 9 13 17 28 21 7 18 18 12 18 25 21 11
"5_35258026_T_A" 11 29 16 20 19 24 18 5 20 20 7 16 11 18 17
"5_36180000_T_C" 11 23 15 19 16 34 22 17 19 17 14 15 17 15 10
"5_36494719_C_T" 23 29 17 18 26 26 13 12 22 27 10 23 11 15 15
"5_3715558_C_T" 15 30 22 13 20 21 19 10 22 21 16 32 21 20 11
"5_37252343_G_T" 11 40 18 22 18 16 16 12 17 18 8 17 27 17 12
"5_37487471_G_C" 6 21 18 14 11 26 17 6 9 12 12 21 19 9 10
"5_37629325_C_G" 11 30 18 25 18 24 12 15 15 9 8 24 20 25 6
"5_38021365_G_C" 7 25 14 16 13 28 19 14 19 21 9 20 20 15 12
"5_38284985_G_T" 14 16 20 19 19 33 17 12 17 11 9 24 12 15 15
"5_38439928_T_A" 7 36 20 24 25 36 19 13 21 14 15 32 20 21 15
"5_38668365_T_G" 9 39 17 17 17 33 22 8 15 13 13 31 19 24 18
"5_40777790_C_T" 20 33 7 20 23 24 20 8 15 17 14 27 19 12 15
"5_41218290_G_A" 10 32 14 19 24 25 10 17 22 18 14 21 16 21 17
"5_41582589_T_G" 16 18 9 20 21 26 17 10 20 14 5 32 17 19 12
"5_42780820_C_T" 8 25 21 25 11 38 19 16 27 18 10 26 17 23 14
"5_4404362_C_T" 17 28 13 15 23 31 20 7 23 21 9 24 19 13 17
"5_44399526_T_C" 6 25 16 23 25 26 15 10 15 11 10 29 16 21 16
"5_44530975_C_A" 7 14 11 22 20 42 18 9 16 22 8 28 16 16 19
"5_44909762_A_T" 9 35 20 17 26 26 13 12 27 21 11 30 27 16 14
"5_4582104_T_G" 9 18 11 17 26 26 13 11 22 18 4 24 15 16 12
"5_46135558_C_T" 13 17 11 17 26 38 13 7 20 12 7 31 21 17 16
"5_4695367_G_A" 12 26 17 21 24 30 24 5 20 13 17 35 28 18 20
"5_4744536_A_G" 14 31 17 16 17 34 27 18 17 25 14 32 18 14 12
"5_51173811_C_A" 12 15 9 12 14 27 13 13 24 16 7 29 15 14 19
"5_51593174_T_G" 13 19 17 15 25 33 18 4 22 22 11 20 20 14 16
"5_52793604_G_A" 13 25 15 19 15 33 29 11 27 26 14 25 15 20 11
"5_53601373_G_C" 20 32 19 30 29 26 22 12 22 26 14 32 25 14 10
"5_55471405_C_G" 9 34 26 29 18 25 25 8 14 16 12 33 18 17 17
"5_55516471_T_G" 15 26 18 19 16 32 18 5 20 15 8 19 18 18 20
"5_56518274_G_A" 16 38 13 26 24 34 18 5 23 20 9 30 12 18 12
"5_56766389_A_T" 19 26 10 17 14 24 12 9 22 15 8 16 27 22 12
"5_5776883_C_G" 12 33 14 34 16 36 17 5 18 16 11 31 20 19 17
"5_58839817_C_G" 15 22 9 21 14 28 11 6 24 11 8 23 24 13 15
"5_63381539_T_C" 10 30 13 12 22 17 16 13 19 17 10 32 20 19 7
"5_64053130_G_A" 14 25 16 12 21 27 22 12 24 30 10 30 11 34 10
"5_65670968_G_T" 10 24 13 17 27 37 23 7 25 19 6 21 18 20 9
"5_65889723_T_C" 11 25 16 19 20 42 17 9 23 14 14 30 26 23 16
"5_66314431_T_A" 12 37 18 23 10 21 19 4 27 18 10 31 18 27 10
"5_67387937_T_G" 14 38 21 13 16 30 26 8 32 14 10 20 23 22 15
"5_67968489_A_G" 14 33 8 21 15 25 21 10 33 25 8 19 19 22 15
"5_68754965_G_A" 18 36 21 29 20 34 24 6 21 27 6 23 24 15 17
"5_68923905_C_T" 1 3 2 1 9 10 9 1 5 5 2 4 3 3 2
"5_71662759_T_G" 20 50 20 15 26 33 24 13 23 20 13 26 28 20 22
"5_72671827_A_G" 7 27 18 23 26 27 18 15 23 24 12 27 12 26 12
"5_74178680_C_A" 14 25 17 17 13 39 28 11 19 20 7 33 22 24 15
"5_74748973_T_C" 20 26 26 21 16 23 18 13 21 15 10 35 21 21 15
"5_75951804_G_T" 13 39 23 26 28 36 18 10 14 24 12 21 17 22 17
"5_77476119_G_A" 12 25 14 32 20 25 22 13 13 24 9 31 19 28 16
"5_77678551_C_G" 10 32 14 21 21 19 15 16 21 19 12 22 15 15 14
"5_78484337_A_C" 9 26 15 16 17 30 21 9 14 23 4 20 18 19 15
"5_79311525_G_A" 9 22 16 27 14 32 22 9 29 18 11 29 17 26 17
"5_8035791_G_T" 17 31 13 23 31 23 25 8 21 19 11 37 23 24 10
"5_81066425_G_C" 17 25 18 17 22 32 18 8 20 14 11 20 21 15 14
"5_81210662_G_T" 11 20 19 23 16 27 16 5 26 17 15 29 14 18 16
"5_81826304_A_T" 13 21 16 14 20 34 24 12 17 21 10 24 21 17 11
"5_81863929_A_T" 15 22 18 15 18 32 11 13 23 21 14 25 17 23 15
"5_83407564_T_C" 6 12 11 17 26 24 16 10 24 12 11 26 20 20 14
"5_83494899_C_G" 12 20 16 22 20 41 23 7 23 28 14 22 25 25 8
"5_8487031_A_T" 14 28 19 22 16 36 22 10 32 15 11 34 15 19 14
"5_85215361_G_A" 14 18 7 16 18 23 17 8 21 12 11 17 26 25 9
"5_85812671_A_C" 15 30 24 21 19 40 17 18 20 11 9 32 19 20 21
"5_85872461_C_T" 11 26 9 21 16 30 16 13 15 14 13 26 26 19 16
"5_85876492_C_T" 15 23 13 19 17 36 12 11 18 8 25 14 19 15 12
"5_85897864_C_T" 15 24 18 16 24 31 20 7 21 22 10 23 29 28 23
"5_86815732_T_G" 8 20 13 17 11 25 18 12 19 16 11 21 17 16 8
"5_86828488_T_C" 19 19 14 25 19 33 18 8 22 19 14 29 21 20 9
"5_8697477_A_G" 11 27 20 20 18 26 17 7 22 16 12 30 12 15 17
"5_88397165_C_T" 14 28 18 14 18 26 25 17 18 18 15 18 19 19 19
"5_90630589_G_T" 10 24 9 20 15 26 16 9 29 18 12 24 17 21 11
"5_91833627_G_T" 10 24 7 12 19 30 16 9 26 21 12 28 16 14 18
"5_92365955_A_C" 14 18 16 21 23 25 22 12 21 24 8 18 15 12 13
"5_92452862_T_G" 9 18 9 19 15 21 21 8 20 15 15 29 21 20 16
"5_93859571_A_T" 8 23 17 18 22 28 13 9 16 20 11 26 19 15 17
"5_94447358_A_C" 10 21 10 18 17 26 21 11 16 20 13 40 18 35 27
"5_94497079_G_A" 11 17 19 11 31 22 18 14 23 10 9 34 23 23 10
"5_95573710_A_T" 21 18 15 20 24 32 23 17 23 14 9 29 26 19 12
"5_95769295_A_C" 11 14 6 10 8 15 13 9 13 9 4 9 12 12 10
"5_98135643_C_G" 15 24 17 17 18 39 11 16 27 17 13 28 17 13 20
"5_9827878_G_A" 15 28 13 20 20 31 17 5 28 11 8 36 15 26 15
"5_99697783_G_C" 10 21 14 22 16 27 22 9 19 10 12 28 16 18 13
"6_100512833_C_T" 19 25 16 19 28 24 28 15 29 26 10 27 25 19 8
"6_101307939_C_A" 12 34 16 20 26 39 18 10 16 14 10 30 21 24 11
"6_10145889_C_T" 9 23 12 24 20 21 17 11 16 15 7 29 25 22 12
"6_102195924_T_A" 8 21 11 21 15 37 11 9 20 27 13 23 24 20 16
"6_102228129_T_G" 11 19 13 16 24 18 27 13 20 16 15 25 20 15 19
"6_102350194_T_C" 11 24 12 18 29 38 24 7 24 13 9 20 20 25 21
"6_103503722_T_A" 12 20 12 13 20 26 25 10 14 29 18 25 28 7 17
"6_103580249_A_T" 10 21 14 9 16 30 16 11 19 14 14 28 13 18 18
"6_103584937_T_G" 11 19 19 14 35 36 23 22 29 20 12 25 25 29 17
"6_104892250_C_T" 10 17 15 12 30 30 14 8 20 24 8 27 20 21 12
"6_105117826_A_C" 8 22 13 12 19 27 8 7 23 6 14 19 14 22 7
"6_106567385_C_T" 15 42 24 27 30 35 11 13 21 18 9 29 17 12 11
"6_107423174_T_C" 13 22 10 15 20 27 17 7 16 21 8 28 19 19 8
"6_108288052_C_T" 9 39 31 34 20 25 14 12 22 25 7 26 13 16 13
"6_108821007_A_T" 16 24 28 26 23 39 20 10 19 22 10 27 15 18 19
"6_109273901_C_T" 17 33 22 32 21 33 12 15 20 24 12 32 12 16 15
"6_111169983_T_G" 22 27 17 26 13 34 17 14 19 17 17 25 9 28 14
"6_112050584_T_G" 7 34 18 24 19 25 12 5 15 22 15 15 8 17 16
"6_114667940_T_G" 6 13 17 17 24 29 13 17 24 25 14 29 18 24 16
"6_115247486_C_A" 10 19 14 22 17 28 20 5 24 23 11 32 11 19 17
"6_118124805_C_A" 8 15 20 17 26 32 28 10 13 16 12 23 16 23 11
"6_118195227_T_G" 7 15 15 20 16 21 5 11 15 11 16 22 17 18 9
"6_118440249_G_A" 12 20 13 20 14 31 13 8 19 11 11 25 16 10 15
"6_1201182_A_T" 19 25 13 29 19 22 11 7 17 22 6 13 18 19 22
"6_120368762_G_C" 13 20 15 23 27 21 20 10 16 22 7 22 15 21 12
"6_120773661_T_G" 6 31 15 17 24 39 18 8 16 20 9 29 24 20 21
"6_121043552_G_A" 8 14 12 23 20 30 24 8 21 20 6 30 30 18 13
"6_121097572_C_A" 13 20 21 21 19 33 14 4 20 16 12 41 18 19 13
"6_1223370_G_T" 15 42 13 25 12 22 14 16 14 15 6 23 7 20 9
"6_122341496_A_T" 9 22 20 18 21 21 25 6 22 19 14 24 26 23 15
"6_123423020_T_C" 10 22 14 14 22 34 20 8 17 24 13 23 20 30 12
"6_123983594_G_A" 10 21 11 11 21 34 13 14 24 17 6 25 18 24 15
"6_124599289_A_C" 11 27 23 16 22 31 19 14 16 18 11 30 23 28 12
"6_126514544_T_A" 10 23 12 20 18 20 24 6 18 12 12 19 17 13 12
"6_12756034_G_A" 11 39 19 33 21 32 14 13 20 10 9 22 20 26 11
"6_12795973_T_G" 15 26 16 19 16 31 14 10 12 9 8 25 20 19 18
"6_128998697_G_A" 10 21 9 15 28 27 20 7 15 18 17 19 29 27 11
"6_129389517_A_C" 13 20 14 17 22 23 25 15 16 17 14 23 26 19 9
"6_129616887_T_C" 10 15 19 17 21 20 22 9 18 13 10 24 20 26 12
"6_12998513_G_T" 22 40 15 30 27 37 24 13 22 22 12 21 23 16 17
"6_130817908_C_G" 7 19 7 16 18 33 19 19 21 16 10 26 21 14 11
"6_130907659_C_A" 13 28 17 23 18 33 17 8 15 20 10 27 23 20 15
"6_131015254_C_A" 10 23 16 15 22 36 25 14 16 19 6 35 19 20 10
"6_131198223_T_A" 10 27 18 26 16 27 18 11 24 23 10 14 21 17 7
"6_131480071_A_C" 14 27 11 16 17 23 17 12 20 18 5 21 27 17 12
"6_13154316_C_G" 16 35 13 20 24 35 19 12 21 24 8 25 18 14 17
"6_132582748_A_G" 19 34 18 16 19 39 19 11 21 18 16 25 22 11 14
"6_132828919_G_T" 15 36 14 24 15 25 17 14 22 20 9 27 20 23 18
"6_133123341_C_A" 12 24 13 21 21 30 14 11 13 19 14 30 13 19 11
"6_13386285_G_T" 15 36 18 30 29 29 20 12 15 20 15 19 20 14 18
"6_133987743_A_G" 11 26 20 17 10 42 14 10 23 18 9 26 18 28 12
"6_135429284_T_G" 9 14 13 11 7 19 10 4 11 8 7 17 9 13 14
"6_135614317_G_C" 21 26 20 23 16 28 20 8 19 15 9 30 9 18 11
"6_135621645_T_G" 20 22 14 21 18 30 24 11 21 22 9 36 20 21 23
"6_135622307_T_C" 14 25 18 18 20 35 23 16 24 23 8 22 22 12 19
"6_136693828_A_T" 12 25 26 23 26 28 12 5 13 18 11 26 19 16 17
"6_136903234_T_A" 18 32 15 16 24 23 14 14 23 13 15 32 18 24 11
"6_139469916_T_A" 12 28 13 30 21 28 17 8 16 23 9 15 10 10 13
"6_1400402_A_G" 13 40 25 30 15 37 22 10 22 27 10 24 14 20 13
"6_141426002_G_C" 14 13 10 15 15 25 31 11 11 19 16 21 15 14 10
"6_142695684_G_C" 13 26 18 17 27 29 15 13 16 16 6 29 18 27 8
"6_143532443_T_G" 13 21 14 12 16 13 12 5 14 14 8 19 14 14 11
"6_145931669_C_A" 12 20 16 21 16 35 21 6 19 16 14 24 17 20 18
"6_149918175_C_T" 22 34 21 39 19 32 25 14 27 25 11 21 14 27 15
"6_150578755_A_C" 10 22 9 13 11 20 13 9 13 19 3 14 14 12 8
"6_151721397_A_G" 9 38 24 24 22 25 16 9 23 23 15 25 21 20 10
"6_152139319_G_T" 16 17 14 14 21 35 27 8 13 15 9 18 14 19 10
"6_153642001_A_C" 14 18 17 12 18 22 16 9 18 14 8 21 16 22 16
"6_154243014_C_T" 8 25 11 15 19 31 20 15 15 19 11 30 24 14 18
"6_154430245_G_A" 7 24 10 13 13 18 15 10 16 17 9 25 28 29 14
"6_155957991_G_A" 10 35 13 15 21 31 21 13 29 17 12 30 15 10 14
"6_156004158_C_T" 19 30 21 21 12 21 24 6 21 21 11 27 20 15 14
"6_156243050_A_G" 15 24 26 18 24 29 31 8 18 23 10 27 21 19 11
"6_156527503_G_T" 8 11 12 12 10 17 18 5 15 11 13 13 8 9 13
"6_157298133_C_T" 15 33 15 33 14 26 23 4 17 23 15 19 19 19 13
"6_158969775_G_T" 22 39 27 34 20 23 18 10 23 14 10 22 16 16 14
"6_159048837_T_G" 20 35 17 29 25 22 16 11 14 16 8 23 14 11 8
"6_161888742_T_G" 8 24 13 20 16 27 15 10 18 15 9 29 19 20 7
"6_163445032_C_T" 12 26 13 18 14 31 16 9 15 13 8 23 17 28 16
"6_163446145_A_T" 16 29 13 15 18 28 10 13 21 12 12 24 16 24 10
"6_164388841_C_G" 9 40 21 24 21 34 22 12 18 13 9 28 18 17 19
"6_164439360_G_A" 14 28 11 21 22 30 12 10 28 9 9 25 21 25 12
"6_165502956_G_A" 13 22 10 13 16 23 12 15 21 30 14 28 20 24 17
"6_166568504_C_G" 11 31 22 21 17 28 12 9 25 21 10 21 27 15 23
"6_167424755_A_G" 21 35 20 30 13 34 23 12 19 20 8 29 11 16 14
"6_167598487_A_T" 10 17 22 24 10 16 11 5 14 20 10 22 11 12 15
"6_167659583_C_T" 12 35 19 28 19 26 21 9 15 17 14 24 9 14 7
"6_168070597_C_T" 14 23 13 27 16 32 20 11 16 15 6 28 11 9 16
"6_168572044_A_C" 21 30 23 20 20 45 27 12 22 29 11 32 15 31 14
"6_168872384_A_C" 19 30 15 30 19 27 21 15 26 16 9 34 22 24 16
"6_19144550_T_G" 11 29 29 12 25 32 26 6 25 26 5 21 22 20 22
"6_19311621_G_T" 11 24 10 15 13 28 18 7 14 13 11 20 13 23 10
"6_19941309_A_T" 8 12 11 15 10 26 12 9 20 13 14 22 14 12 14
"6_20841491_G_C" 13 19 16 18 20 22 13 11 23 12 5 24 12 20 14
"6_20860046_A_G" 18 25 19 33 14 27 22 12 21 16 9 22 24 16 13
"6_21718589_C_A" 11 27 11 18 16 30 16 9 16 20 9 15 13 12 13
"6_22795293_G_A" 8 30 23 18 24 24 18 6 22 20 10 29 15 14 19
"6_22877806_G_A" 12 17 16 22 25 31 21 8 23 15 13 28 10 20 17
"6_23616651_G_C" 14 26 18 11 25 29 27 9 16 19 10 27 23 25 14
"6_27240404_G_C" 13 46 26 27 31 26 23 11 15 14 12 25 16 15 15
"6_27369366_G_A" 17 36 27 18 19 30 22 14 14 12 14 29 18 27 11
"6_28603186_A_G" 12 22 18 23 18 27 12 10 18 8 6 25 10 16 13
"6_28707316_C_G" 13 34 24 33 24 20 13 12 17 19 11 28 14 12 18
"6_28859463_G_A" 21 32 25 30 19 32 13 13 18 11 8 25 15 18 25
"6_29468193_C_T" 19 41 24 32 17 23 13 16 22 14 12 27 12 22 14
"6_30712319_C_G" 16 50 15 39 17 25 17 9 12 24 11 18 14 16 7
"6_31646082_T_G" 19 55 22 50 18 29 19 6 19 18 14 32 15 17 15
"6_3326948_A_C" 16 37 11 32 18 24 19 10 15 8 12 16 9 14 15
"6_33671735_T_G" 11 41 10 24 13 16 9 1 15 8 3 16 16 9 11
"6_35775562_C_T" 9 34 28 31 16 33 15 9 17 18 10 22 13 14 9
"6_36750654_A_T" 17 30 15 30 15 30 10 11 19 13 11 23 13 17 7
"6_36923084_A_C" 7 26 10 21 12 22 11 0 16 7 5 12 6 4 11
"6_37051877_G_A" 15 33 31 27 16 35 17 14 21 17 13 27 13 13 13
"6_37854195_G_T" 15 27 23 36 18 41 22 6 20 15 12 29 19 19 12
"6_37887489_G_T" 19 32 24 25 20 23 24 6 17 22 6 33 13 12 13
"6_39247033_A_G" 20 29 27 27 16 25 16 6 19 12 6 19 13 22 17
"6_40049660_T_A" 14 22 23 28 16 25 21 6 22 19 12 25 17 17 9
"6_42325676_G_C" 13 50 16 38 21 33 14 9 17 24 7 34 15 19 18
"6_45366372_C_A" 15 36 19 33 17 37 19 12 24 11 9 40 26 23 16
"6_45686223_T_G" 19 39 25 27 18 29 17 13 24 25 5 30 24 23 13
"6_48257329_A_C" 13 32 11 17 22 26 19 11 14 23 11 33 21 18 23
"6_48443252_A_C" 14 21 12 12 26 27 24 21 25 16 10 23 17 15 21
"6_48559389_A_C" 9 21 17 28 14 32 15 13 23 20 13 24 20 14 13
"6_48579041_A_T" 9 27 12 18 17 28 30 9 17 21 11 26 26 16 9
"6_48738478_A_C" 6 16 17 13 29 29 13 11 22 15 12 26 13 18 11
"6_49343840_C_T" 18 25 12 10 21 34 13 12 14 17 14 33 29 21 12
"6_49500204_C_A" 11 22 21 16 15 28 19 6 24 14 13 25 12 21 9
"6_49994287_A_C" 4 27 14 16 22 28 17 10 19 28 10 24 12 15 21
"6_50241473_C_A" 17 28 20 18 22 31 16 7 28 18 17 28 28 24 18
"6_50583529_A_C" 13 29 18 30 20 36 13 8 25 18 10 21 14 15 10
"6_53128212_G_T" 9 31 19 18 20 26 15 16 24 17 12 16 14 16 15
"6_53267137_T_C" 12 31 21 21 17 19 13 9 20 13 7 27 18 21 18
"6_54031986_A_G" 7 24 12 25 27 23 19 10 24 19 20 24 11 13 13
"6_5438190_T_G" 21 39 23 25 19 36 30 20 22 19 6 22 22 24 8
"6_55175341_A_T" 9 27 15 15 18 33 11 17 28 17 17 33 15 24 13
"6_55262615_G_A" 15 20 13 14 22 25 17 10 18 17 6 23 15 8 19
"6_55799689_C_A" 14 24 15 19 18 30 16 11 20 18 7 24 21 16 20
"6_56178161_C_G" 7 18 10 19 27 23 15 13 17 12 12 19 18 12 12
"6_57621697_T_G" 6 14 17 11 15 30 25 9 17 21 11 26 22 17 13
"6_58370666_C_A" 11 23 17 10 24 19 14 8 21 15 14 30 15 14 16
"6_58535878_G_T" 11 26 20 14 21 20 29 12 27 19 11 26 15 20 14
"6_62261239_T_A" 11 24 14 24 20 30 20 13 21 17 16 27 13 18 5
"6_62706927_C_A" 14 29 20 12 25 36 16 17 19 19 11 28 17 15 9
"6_63129602_T_A" 16 24 9 16 16 38 18 7 26 23 6 25 25 14 27
"6_63286884_C_T" 14 10 15 15 26 25 18 11 22 27 15 30 24 19 9
"6_63323900_T_G" 9 21 16 22 24 27 16 9 20 15 12 27 11 14 13
"6_64404394_A_G" 13 43 27 39 21 28 14 7 18 19 10 16 23 18 10
"6_64410254_A_G" 17 34 22 22 17 27 22 10 26 13 10 27 14 14 8
"6_649153_T_C" 26 32 14 21 22 26 23 10 20 18 15 22 13 17 17
"6_65401914_T_G" 9 21 9 19 22 29 19 11 24 19 13 23 14 29 14
"6_65522871_A_C" 9 15 6 22 22 26 26 11 19 16 13 18 19 29 18
"6_65531631_T_G" 12 14 8 9 16 23 26 11 23 16 5 32 28 25 15
"6_65563986_G_T" 5 14 13 12 17 23 12 8 19 21 9 32 26 24 15
"6_66835681_T_C" 7 26 11 12 29 37 13 6 28 11 6 23 20 26 16
"6_67116410_A_C" 6 27 16 9 19 34 8 7 18 17 10 21 15 14 21
"6_6722392_C_T" 18 34 14 26 17 25 17 9 13 15 7 22 20 27 12
"6_67510460_A_T" 10 8 17 16 15 36 23 11 20 22 7 26 19 20 15
"6_67625311_A_T" 17 13 18 18 23 30 18 14 23 21 5 25 34 24 11
"6_69184260_A_C" 13 25 20 15 21 30 23 9 16 20 9 31 29 26 21
"6_69570577_G_C" 14 20 13 13 14 27 19 9 22 20 12 37 17 21 23
"6_69572503_T_C" 8 18 18 20 26 30 17 8 21 21 11 30 21 15 22
"6_70125179_A_C" 8 20 13 24 20 26 23 12 15 15 6 25 22 21 24
"6_70565017_C_T" 10 27 16 16 20 34 18 10 24 23 9 29 14 27 12
"6_70983362_A_C" 12 15 16 19 13 28 16 8 10 23 10 26 25 12 9
"6_72769278_T_G" 10 20 15 19 20 39 17 16 28 20 14 21 24 16 12
"6_72783444_T_A" 9 19 14 12 22 29 25 11 23 15 17 24 14 20 19
"6_73062886_C_T" 8 29 16 24 19 36 23 9 18 16 15 36 15 17 19
"6_74103907_A_T" 10 37 19 21 18 30 18 10 20 16 19 20 27 23 14
"6_75463013_C_A" 11 14 18 17 21 23 15 11 21 15 15 31 23 18 6
"6_75606773_T_C" 5 16 13 21 13 26 24 20 19 20 16 23 18 23 14
"6_75661727_T_G" 10 16 5 6 9 14 11 4 9 9 4 20 13 11 12
"6_75804209_A_G" 14 25 16 16 16 35 15 16 27 18 8 23 24 19 21
"6_77419642_T_A" 14 23 9 19 20 28 16 13 17 23 11 26 23 21 13
"6_78233578_A_C" 20 18 11 16 19 30 11 9 22 20 9 30 22 13 11
"6_78381226_C_A" 14 18 9 11 17 28 19 11 21 12 6 23 13 15 12
"6_78452504_T_A" 14 15 6 16 6 21 17 9 19 24 9 28 21 26 16
"6_79744361_T_G" 16 25 10 21 17 19 12 11 24 15 5 28 19 12 8
"6_81998865_A_C" 11 18 14 16 21 30 16 8 21 16 10 27 20 19 18
"6_82218096_T_A" 17 27 14 21 23 32 28 13 23 23 4 18 15 21 17
"6_82334528_A_C" 12 18 17 16 19 18 17 3 30 26 11 28 21 21 12
"6_82839425_G_A" 17 20 21 17 19 37 25 11 24 17 14 28 21 16 6
"6_83266017_A_G" 15 27 18 27 22 30 19 15 20 17 14 24 14 23 16
"6_84014086_T_G" 14 25 12 15 23 26 19 11 12 19 13 32 19 17 23
"6_84462088_T_A" 4 10 3 14 11 17 8 3 8 7 4 13 7 6 7
"6_84537291_C_A" 19 18 18 24 18 21 8 11 16 19 13 12 13 12 15
"6_85280715_A_C" 9 15 6 24 21 36 18 11 27 17 11 36 19 20 16
"6_85841528_A_C" 21 21 9 16 25 19 15 10 26 16 7 23 23 18 14
"6_85860992_A_C" 11 31 11 21 23 26 13 11 21 24 8 17 26 12 16
"6_86995627_C_A" 11 25 7 21 22 30 19 8 21 19 6 37 17 19 16
"6_87402993_T_A" 9 16 11 21 22 38 15 12 13 19 12 21 14 25 13
"6_8747717_T_G" 21 35 19 28 14 27 24 11 24 12 7 26 19 11 16
"6_8797877_T_G" 11 30 13 8 22 32 20 11 22 20 13 30 17 16 16
"6_8934528_C_A" 18 24 22 23 24 36 27 11 20 21 16 21 17 20 11
"6_89392118_C_T" 13 29 20 15 21 36 19 9 15 17 8 29 11 23 11
"6_89487952_T_C" 10 21 24 27 24 28 13 14 19 12 10 23 15 14 6
"6_89539380_G_C" 9 16 11 24 13 21 13 10 15 18 0 20 8 11 15
"6_89921137_T_C" 10 26 17 22 18 24 18 6 16 15 10 14 22 12 21
"6_90369433_G_T" 19 23 22 27 22 25 18 14 28 15 12 20 14 28 12
"6_90592857_C_T" 13 24 24 22 20 26 22 9 12 12 10 23 25 24 10
"6_90652052_G_C" 21 44 26 35 19 28 14 12 25 14 9 23 18 24 8
"6_91164995_C_A" 13 22 15 28 24 21 22 6 24 25 10 21 23 19 13
"6_91632856_A_T" 14 15 6 26 16 17 18 7 23 25 7 21 17 17 10
"6_93308852_A_G" 8 18 13 18 18 33 23 13 20 26 8 29 23 17 17
"6_94271366_T_A" 13 20 5 19 23 31 26 8 18 21 12 26 20 14 16
"6_94703493_A_T" 11 15 9 13 21 39 16 8 24 15 10 28 14 23 14
"6_95373723_A_T" 11 22 9 12 18 35 20 8 10 17 8 17 15 18 13
"6_95529836_G_C" 10 19 14 19 18 26 14 16 16 18 6 23 20 17 19
"6_96090975_A_C" 13 25 13 12 17 30 18 10 20 19 12 35 20 17 10
"6_96849687_A_T" 11 21 13 18 20 30 16 12 16 17 3 28 24 17 16
"6_96867569_G_T" 16 22 17 21 17 32 14 17 16 13 14 28 13 14 13
"6_9810285_C_T" 16 24 20 14 18 41 23 12 18 16 10 24 10 22 16
"6_98408653_G_T" 16 24 17 13 14 30 13 12 21 17 8 25 24 19 21
"6_98488806_C_G" 10 23 11 23 27 28 9 15 29 24 12 31 21 22 15
"6_98854165_C_A" 6 22 17 14 19 31 14 5 27 18 16 23 13 20 8
"6_98855218_C_G" 9 20 10 20 17 30 21 16 24 24 8 29 24 28 12
"6_99226416_G_A" 10 29 23 23 11 31 14 8 19 15 7 27 21 11 22
"6_99240267_T_G" 13 31 21 15 24 36 25 8 17 17 16 27 12 15 9
"7_100995563_G_A" 16 31 17 36 30 34 19 6 15 14 13 25 21 22 13
"7_103081599_A_C" 16 33 10 18 20 23 19 9 22 16 16 23 22 17 13
"7_103825144_T_A" 9 25 22 13 18 25 17 12 17 16 10 22 26 24 19
"7_104770916_G_T" 18 31 10 31 19 28 21 17 16 14 10 21 17 14 13
"7_106393629_G_A" 14 37 19 27 25 26 22 5 21 16 12 32 15 13 20
"7_107272869_G_A" 15 33 10 26 21 31 15 13 25 15 16 19 13 18 17
"7_107387275_T_G" 17 31 11 25 17 33 31 8 26 14 10 20 16 20 14
"7_107575347_T_A" 4 12 10 5 13 15 3 6 11 8 4 9 2 11 7
"7_108653487_A_C" 9 21 8 13 16 18 12 6 19 13 20 23 15 18 12
"7_109152892_T_A" 12 15 17 19 15 33 10 13 20 27 11 23 24 20 18
"7_109170029_A_C" 7 31 9 11 14 27 13 14 26 16 14 23 17 14 16
"7_110328075_C_T" 18 19 14 11 20 23 31 11 21 21 15 30 28 22 19
"7_110477490_C_T" 14 21 17 19 33 30 21 12 28 21 9 30 16 15 19
"7_110499622_A_C" 13 20 12 18 20 30 19 8 13 11 9 22 19 18 17
"7_110499623_A_C" 10 23 13 18 20 28 17 7 13 13 8 21 19 18 20
"7_111523303_A_C" 5 28 10 15 16 30 18 8 24 16 6 24 24 19 16
"7_11242254_A_C" 9 34 9 24 20 29 15 13 26 19 10 18 18 22 10
"7_114830175_G_C" 10 28 18 14 18 30 22 10 26 16 16 27 18 23 21
"7_116965046_G_T" 9 16 8 19 18 35 21 7 23 30 11 27 18 21 15
"7_119704673_A_T" 11 29 17 14 23 31 20 11 24 19 11 36 25 26 14
"7_119942153_A_G" 13 16 7 14 19 29 19 6 26 11 7 28 21 10 12
"7_121823167_G_A" 12 24 11 21 23 26 25 16 16 22 10 31 13 20 12
"7_124105417_T_G" 7 19 12 21 16 26 23 10 29 10 10 29 28 23 17
"7_124239928_T_A" 7 21 18 18 22 24 19 14 27 15 9 29 17 23 22
"7_124733049_T_G" 13 25 12 26 21 23 21 7 24 9 11 22 16 18 15
"7_125400281_T_A" 12 13 15 20 27 38 19 12 28 19 5 33 16 17 14
"7_125963804_T_A" 6 30 18 13 26 19 14 12 21 9 17 29 22 23 15
"7_126293058_T_G" 12 31 14 25 17 32 17 11 21 16 6 21 23 25 21
"7_126725463_A_C" 9 28 13 12 21 34 24 13 20 21 8 18 12 21 23
"7_126725471_A_C" 8 27 12 10 19 30 26 12 23 20 8 20 12 23 23
"7_12861272_A_T" 4 4 7 10 7 6 4 2 7 5 2 7 7 8 4
"7_129172962_A_T" 7 29 18 29 18 40 16 8 23 24 11 25 17 14 11
"7_130315154_T_C" 24 31 27 17 19 35 24 5 18 18 10 34 17 25 14
"7_131650875_T_C" 19 32 10 15 19 40 18 12 14 18 9 28 21 22 17
"7_134543282_G_T" 10 30 14 29 19 31 20 9 17 17 10 12 19 18 19
"7_135293363_T_G" 8 31 12 19 15 21 14 6 14 16 9 25 20 25 12
"7_135509663_C_G" 12 18 19 24 15 26 15 7 20 10 9 29 12 10 8
"7_135511390_A_T" 16 28 14 17 23 30 10 9 20 20 7 25 8 15 6
"7_135868176_G_T" 5 32 16 15 19 34 31 6 20 15 9 25 14 15 17
"7_135961892_C_T" 17 22 19 14 19 36 18 11 23 15 10 28 15 19 25
"7_136071591_A_G" 15 13 8 10 16 34 20 10 10 24 12 26 17 24 17
"7_136850650_G_C" 7 28 21 15 18 29 18 12 26 9 10 21 19 19 16
"7_137326543_T_G" 15 35 13 13 24 40 10 14 29 29 8 30 19 21 16
"7_138025631_C_T" 7 34 20 17 25 23 26 13 23 23 13 23 16 20 15
"7_139245857_A_C" 16 38 7 30 20 37 12 10 14 13 12 36 9 22 11
"7_14101242_C_A" 10 18 7 12 16 35 18 7 22 22 12 26 16 19 10
"7_141481499_A_G" 19 32 15 20 26 40 21 12 21 19 16 28 15 20 13
"7_141839852_G_C" 15 24 16 21 22 24 22 11 24 17 10 33 22 18 11
"7_141877227_A_C" 9 21 20 27 21 27 18 5 21 17 8 30 16 19 9
"7_142471900_C_T" 5 25 17 13 12 21 15 12 12 15 11 16 17 22 11
"7_142482322_C_G" 3 11 7 9 10 13 9 7 9 16 3 11 10 5 8
"7_143582689_A_G" 14 24 24 25 21 22 14 6 22 13 8 21 18 24 13
"7_144157017_C_T" 9 30 21 22 33 33 20 6 17 19 9 31 16 32 22
"7_144999444_C_T" 13 21 14 13 15 33 13 15 26 17 16 26 16 13 16
"7_145151319_T_C" 7 22 19 19 17 23 19 9 20 21 5 26 22 13 15
"7_14539442_T_C" 13 25 14 14 28 28 15 11 21 18 9 22 27 22 12
"7_146288740_C_G" 5 23 4 22 22 35 15 12 21 24 11 30 14 22 18
"7_146460437_G_A" 16 26 21 17 29 23 17 8 26 16 10 18 15 24 15
"7_146687214_A_G" 7 24 17 26 33 25 13 10 22 21 9 29 21 20 12
"7_146688658_T_A" 8 23 14 19 20 33 18 5 26 18 10 35 31 28 21
"7_147126209_G_T" 8 20 12 11 13 35 23 8 23 18 9 24 28 23 16
"7_147889713_C_T" 5 37 20 21 14 38 23 13 21 17 10 32 25 17 12
"7_148331068_A_C" 17 38 18 44 30 26 24 9 22 19 6 22 19 22 12
"7_148534718_A_C" 22 36 17 15 17 25 13 12 17 13 16 25 21 15 25
"7_148920143_T_A" 14 28 16 23 20 19 11 7 23 21 15 26 14 19 10
"7_148963036_T_G" 21 42 23 29 19 29 16 7 15 27 9 25 21 21 10
"7_149113309_T_A" 11 44 18 21 20 34 16 11 14 18 13 24 23 27 16
"7_149244531_A_C" 15 36 23 24 18 18 18 12 20 17 12 17 15 18 19
"7_149454309_T_C" 9 38 17 20 19 32 14 6 15 16 12 27 14 24 11
"7_152420801_A_C" 12 32 20 20 13 28 15 8 22 17 8 24 16 21 6
"7_152969811_A_C" 13 29 6 12 18 27 16 19 13 15 14 30 12 18 20
"7_153042256_T_G" 12 27 20 26 26 37 18 10 24 10 12 24 18 14 15
"7_153124830_A_C" 9 22 17 25 19 20 23 17 24 19 11 21 23 21 14
"7_153979177_A_C" 9 22 11 16 21 31 20 10 16 9 12 21 17 24 11
"7_155068266_A_T" 14 33 16 24 20 32 22 14 26 20 10 24 18 15 11
"7_155569419_A_C" 14 50 14 33 17 24 16 10 20 15 4 21 18 11 20
"7_156256813_A_T" 11 26 15 25 23 20 14 10 17 15 14 20 15 19 18
"7_156634625_T_C" 21 42 20 21 18 28 22 13 27 11 9 28 24 19 17
"7_158103317_G_T" 26 32 16 26 18 28 16 13 18 26 17 30 13 20 13
"7_15887386_C_T" 9 23 13 18 30 40 17 10 17 27 8 29 23 15 15
"7_16329351_C_T" 11 24 21 15 17 25 18 9 15 24 9 31 15 22 15
"7_16641168_C_A" 14 31 21 29 30 39 22 11 19 18 5 29 15 22 15
"7_16937701_A_G" 15 29 10 13 17 28 18 10 21 18 12 30 27 20 20
"7_17474244_A_C" 9 23 16 19 19 29 19 12 16 19 6 17 17 15 15
"7_178670_C_T" 19 61 27 32 11 28 25 7 22 21 8 29 16 26 13
"7_18791784_G_A" 13 26 17 24 21 26 23 11 18 17 13 27 20 18 16
"7_20914656_G_C" 6 21 21 20 22 24 12 9 20 13 14 35 22 26 15
"7_21610231_A_C" 17 28 11 17 26 33 15 9 22 18 9 17 15 10 13
"7_21660344_C_A" 1 3 9 13 9 7 13 4 8 11 4 5 5 7 3
"7_24279493_G_A" 7 31 11 15 20 37 16 9 21 18 9 19 21 12 14
"7_25804353_G_A" 16 25 16 19 23 25 12 14 23 16 10 25 19 22 14
"7_2583297_C_T" 20 54 19 30 23 23 21 7 18 11 12 24 10 21 11
"7_26571843_C_G" 14 29 15 31 23 29 21 14 20 17 16 30 16 21 15
"7_2720287_T_C" 9 33 20 32 13 30 19 7 17 14 8 22 21 18 11
"7_2725945_T_C" 12 43 11 29 23 27 15 3 26 21 8 26 15 12 15
"7_27969237_T_C" 18 31 24 18 12 21 22 8 18 13 13 29 18 25 12
"7_29133693_A_C" 14 37 15 20 23 33 18 8 18 16 9 24 16 20 19
"7_31392263_C_T" 8 23 9 18 16 27 9 8 21 24 12 26 17 22 20
"7_32332961_A_T" 9 19 12 23 18 28 10 10 17 18 17 19 16 32 10
"7_32778428_C_T" 10 21 20 22 16 22 8 13 15 20 4 21 16 27 17
"7_34543501_T_A" 7 25 10 24 27 26 25 4 23 15 15 30 21 19 13
"7_34661599_A_T" 18 29 19 13 20 24 11 13 13 18 15 21 21 25 13
"7_35023383_A_C" 10 31 14 16 17 26 18 6 15 14 11 16 18 16 13
"7_35664281_T_C" 18 26 15 26 17 41 20 10 21 25 16 31 17 20 8
"7_35900128_T_A" 25 32 17 21 21 32 15 13 22 21 5 23 12 20 22
"7_36769862_C_T" 12 32 21 18 19 31 21 14 27 14 11 34 22 14 20
"7_38130682_A_G" 15 20 25 13 22 36 18 7 21 10 23 30 26 26 12
"7_39864321_G_T" 10 39 13 27 21 31 20 12 19 15 13 30 20 26 12
"7_40222498_A_C" 10 20 13 8 21 16 10 4 15 12 9 13 8 15 12
"7_40458328_G_A" 13 32 15 23 20 25 22 7 14 18 7 18 22 21 14
"7_41314639_C_A" 8 29 18 19 15 22 17 12 22 19 9 19 27 20 17
"7_4163808_A_T" 19 40 25 24 16 34 18 4 21 14 9 29 24 14 15
"7_42332334_C_T" 15 29 18 20 17 31 18 9 23 17 8 27 14 15 15
"7_42653770_G_A" 12 33 16 20 25 32 18 6 15 16 7 25 21 20 12
"7_42737422_A_C" 8 27 14 27 20 27 20 10 23 12 13 34 17 13 12
"7_4274322_C_T" 17 38 13 28 22 23 16 14 13 17 9 20 13 16 8
"7_42848991_A_C" 12 34 22 20 20 28 20 11 20 14 8 24 22 30 14
"7_44172535_C_T" 19 40 20 32 19 31 17 9 18 18 13 29 16 21 8
"7_44346332_G_T" 17 28 8 19 9 30 14 19 11 14 9 21 14 15 16
"7_45442793_C_T" 15 38 15 27 21 30 16 8 20 23 10 23 14 13 17
"7_45458673_G_A" 14 35 14 21 22 30 16 13 28 11 7 23 18 27 8
"7_45486344_G_T" 9 29 21 24 15 29 23 5 16 9 12 26 23 19 15
"7_45494202_T_G" 16 27 23 25 19 30 28 11 21 7 12 18 22 19 13
"7_46051884_T_C" 16 26 12 17 20 35 25 8 17 19 10 30 20 15 9
"7_46307758_A_G" 10 31 14 21 19 23 21 8 21 19 6 29 18 22 11
"7_47263239_T_A" 7 28 17 17 27 27 19 12 18 18 9 25 29 15 14
"7_48816982_A_G" 7 32 19 26 18 26 20 13 16 22 15 22 26 29 13
"7_48977818_C_A" 16 19 14 18 29 38 21 8 30 14 11 23 25 15 17
"7_49483013_A_C" 6 26 22 20 16 29 25 8 16 12 6 14 14 18 15
"7_49803778_A_C" 7 30 18 25 19 31 17 15 15 19 13 19 19 22 19
"7_50412859_C_T" 11 29 22 24 22 26 17 11 20 16 13 18 23 20 11
"7_51076316_G_T" 12 26 13 28 15 26 17 7 18 14 5 22 16 22 12
"7_52107701_G_T" 11 21 16 12 21 29 19 6 23 22 12 28 18 21 19
"7_52311947_C_G" 12 26 16 15 28 31 20 7 30 22 11 27 12 18 12
"7_53261288_A_T" 10 21 10 14 31 33 13 12 22 28 9 32 21 16 12
"7_53784419_T_C" 13 21 12 20 18 29 15 14 30 17 13 31 26 24 12
"7_53819820_A_T" 6 7 9 8 12 8 12 8 8 9 7 18 15 12 2
"7_54031752_A_T" 15 19 24 20 18 36 10 19 24 25 15 26 26 31 13
"7_55414843_C_T" 14 29 14 25 25 31 15 2 17 22 12 33 13 21 11
"7_564254_G_C" 8 53 15 28 25 33 19 14 17 22 6 24 9 16 13
"7_56479287_T_G" 16 23 15 17 18 26 25 7 23 24 12 26 24 24 13
"7_57143010_T_A" 12 34 22 19 22 47 24 18 28 13 14 20 23 18 15
"7_57174617_C_G" 10 24 17 21 15 29 11 4 20 10 11 28 20 16 16
"7_57209261_A_C" 11 39 13 22 15 22 22 10 21 17 6 18 22 25 13
"7_57615504_G_A" 12 27 19 17 17 29 22 7 11 11 10 29 12 12 9
"7_5815091_C_A" 16 39 28 34 21 28 18 8 12 18 9 24 17 17 11
"7_62201052_T_A" 8 35 16 20 21 37 14 12 22 20 9 22 25 25 9
"7_62715962_A_T" 11 25 23 11 14 35 16 21 28 21 12 28 21 18 27
"7_62965018_G_A" 22 55 20 25 35 35 25 21 25 25 14 48 27 16 25
"7_63197415_A_G" 5 18 14 13 19 27 14 11 21 15 10 44 19 16 17
"7_63301486_A_C" 7 24 20 24 16 35 26 11 17 18 6 32 23 18 23
"7_64525814_G_A" 16 29 16 29 18 29 26 10 23 20 8 28 18 22 17
"7_65083481_A_C" 18 21 26 30 13 29 22 2 21 19 10 19 23 25 14
"7_65177537_T_C" 16 21 19 17 16 28 22 9 19 19 8 25 21 10 9
"7_6649203_A_C" 13 29 16 14 15 18 11 8 12 14 8 28 11 15 8
"7_66771330_A_G" 19 38 17 23 27 27 21 13 20 15 14 29 25 22 16
"7_66972639_C_A" 17 38 12 24 16 21 18 10 24 16 14 27 12 27 14
"7_67041035_T_G" 12 36 16 21 21 25 25 13 16 22 8 28 21 14 15
"7_68337352_T_A" 11 22 8 15 12 31 16 9 18 11 10 27 13 13 12
"7_68639555_T_C" 12 42 21 25 13 32 18 9 23 11 10 19 7 13 18
"7_69438430_T_A" 5 23 27 21 19 25 23 10 16 17 9 35 21 20 18
"7_70245267_G_A" 14 46 16 27 22 31 19 10 23 13 12 23 12 15 11
"7_70536796_A_C" 11 26 11 21 22 24 20 10 16 12 8 25 24 25 13
"7_71002512_A_G" 8 31 7 9 19 22 12 8 14 20 10 29 7 19 11
"7_71171783_C_G" 15 33 16 22 17 23 19 10 18 21 8 23 12 18 9
"7_719452_G_C" 10 34 28 26 31 22 17 8 18 16 11 32 21 14 9
"7_72244475_C_T" 20 41 26 25 23 32 13 10 24 26 18 39 18 23 17
"7_73763455_T_C" 8 31 12 34 12 33 18 6 12 10 10 19 21 24 12
"7_751080_G_A" 22 51 10 28 13 21 19 7 14 13 6 38 16 24 16
"7_75277623_G_T" 13 42 18 33 15 28 16 10 23 15 11 30 11 16 5
"7_75750269_C_T" 17 46 25 39 14 30 19 6 23 17 13 26 17 19 16
"7_77410817_G_C" 21 37 11 25 27 28 21 11 15 17 9 32 18 16 8
"7_79432789_C_T" 12 29 12 9 25 24 16 14 20 19 9 26 19 17 21
"7_80248670_G_C" 16 21 10 19 17 29 12 7 19 16 13 26 34 21 19
"7_80285571_C_G" 11 24 18 9 26 39 18 12 11 19 15 21 25 16 7
"7_81303865_C_T" 12 21 15 17 18 33 13 10 22 23 7 25 21 26 10
"7_81582883_A_C" 11 23 17 17 16 26 25 14 15 18 8 32 16 19 10
"7_81835024_A_C" 10 16 13 8 23 29 20 15 28 20 11 22 21 9 12
"7_82235785_T_C" 10 27 16 18 20 23 15 7 16 24 12 20 14 22 9
"7_82790378_A_T" 9 13 13 12 21 22 15 6 16 14 7 28 19 26 8
"7_84136307_T_A" 12 26 10 13 14 26 16 10 18 22 12 30 21 20 18
"7_84136308_A_T" 12 26 10 14 14 28 16 10 16 23 13 31 20 19 18
"7_85017208_A_T" 15 19 15 16 20 36 16 8 13 13 7 32 16 21 18
"7_85075737_A_G" 12 28 20 9 19 30 18 11 19 19 9 26 23 29 13
"7_85420700_A_C" 3 13 8 14 12 12 6 4 9 8 5 10 8 9 10
"7_86487923_T_G" 12 19 21 21 22 17 18 10 15 17 7 27 23 18 22
"7_88381448_A_T" 8 23 14 15 18 19 14 14 15 18 11 24 14 10 13
"7_89194123_T_G" 20 21 7 22 20 23 15 8 23 14 14 32 23 16 19
"7_89246245_T_G" 11 16 14 16 18 15 16 6 19 16 12 22 19 12 10
"7_90708297_G_C" 21 28 19 15 29 31 18 7 24 20 12 26 16 25 13
"7_90936849_G_C" 20 26 17 20 11 46 16 13 19 17 7 39 18 18 10
"7_91353198_A_C" 7 26 19 21 20 39 21 9 27 14 6 29 28 17 18
"7_92564579_A_T" 6 22 13 11 23 36 15 8 26 19 18 36 17 15 21
"7_93570762_C_A" 9 25 10 18 27 29 17 16 25 20 7 20 17 24 16
"7_94904807_G_C" 12 19 11 20 19 31 17 17 25 16 4 20 11 12 9
"7_95536421_G_A" 15 31 23 24 23 26 21 15 25 26 13 22 27 24 10
"7_96262437_A_C" 3 21 10 4 7 15 7 2 11 17 10 21 15 15 13
"7_96319270_A_C" 13 34 21 21 26 27 22 8 21 17 11 34 17 13 14
"7_96987490_A_G" 18 22 29 27 19 35 23 12 20 12 14 29 15 17 12
"7_97090590_C_T" 12 38 16 19 22 25 22 9 18 16 7 24 13 21 10
"8_100369215_T_G" 19 30 23 12 18 32 18 11 30 11 14 24 18 24 12
"8_100894213_A_C" 9 30 27 24 16 21 11 5 24 26 8 21 13 26 8
"8_101587117_G_A" 24 33 13 28 18 27 29 6 16 21 13 19 12 16 20
"8_10274085_G_T" 22 33 16 37 22 29 20 6 21 21 7 27 14 21 10
"8_103227530_C_A" 20 33 26 28 16 39 17 3 19 14 7 24 9 16 15
"8_10467236_T_G" 7 32 14 17 10 24 15 11 16 16 7 33 13 17 14
"8_104844981_T_G" 13 22 23 12 23 26 11 14 17 18 8 28 20 21 17
"8_105645389_C_T" 11 27 15 13 19 19 12 6 19 18 7 28 17 19 13
"8_106412768_T_A" 9 29 15 14 17 34 17 11 25 26 4 32 22 15 11
"8_10738379_G_C" 19 22 15 26 23 26 19 2 17 13 9 22 14 22 9
"8_108865594_C_G" 13 20 21 9 24 25 12 7 24 26 9 31 17 13 15
"8_109400968_T_A" 12 14 21 16 30 29 16 9 12 19 10 20 17 14 15
"8_110009278_C_T" 15 16 12 19 23 26 9 10 30 26 8 23 31 23 15
"8_110070118_C_T" 12 17 14 20 32 24 12 12 21 28 11 30 14 22 20
"8_110770162_T_A" 18 21 12 15 13 33 16 10 22 20 11 28 24 23 17
"8_111322430_G_C" 13 12 23 25 17 35 14 15 24 24 8 27 22 27 10
"8_111574995_T_G" 10 21 18 22 22 30 30 9 22 16 10 34 21 23 20
"8_111624540_T_G" 16 20 13 10 22 29 19 7 27 14 1 32 16 26 23
"8_112043449_A_G" 4 18 21 11 19 39 24 11 22 8 13 23 25 12 6
"8_112052444_C_T" 11 14 18 12 23 38 18 10 26 15 12 18 24 22 13
"8_112661250_T_C" 11 21 20 14 16 29 11 8 23 10 15 29 23 20 18
"8_113273203_A_C" 9 34 12 8 17 37 22 11 23 16 15 29 20 10 21
"8_113972648_T_C" 10 14 9 14 15 41 16 8 17 14 12 23 18 13 14
"8_116835901_C_G" 18 28 16 23 17 28 18 16 25 14 8 20 17 27 17
"8_117307395_A_C" 14 28 18 18 20 35 23 14 22 19 4 24 20 21 17
"8_117476920_G_T" 9 24 10 23 16 41 19 15 16 17 11 24 16 20 15
"8_119730459_T_C" 9 16 9 21 18 34 18 6 14 19 15 23 19 19 11
"8_12067916_T_C" 5 9 2 11 4 8 6 5 7 7 3 10 2 9 3
"8_121463908_G_A" 8 28 9 21 20 20 20 11 15 24 13 21 21 16 18
"8_121614686_C_A" 13 23 19 30 28 22 19 19 23 22 15 24 16 26 14
"8_12345412_G_A" 6 12 12 9 11 9 5 5 2 4 2 7 4 14 7
"8_124102823_A_T" 12 28 27 28 18 25 18 10 27 22 13 25 17 13 11
"8_124365490_G_T" 18 26 15 26 16 25 26 5 20 27 8 14 14 21 15
"8_125713802_C_T" 28 35 18 17 21 31 14 11 24 20 9 23 25 22 14
"8_126311740_A_C" 13 32 16 27 36 22 17 5 11 7 5 22 18 11 18
"8_126962354_T_G" 13 30 12 20 17 38 18 9 19 18 6 24 9 18 7
"8_129322413_T_C" 17 36 18 31 22 31 23 13 25 23 18 28 18 26 19
"8_129823961_G_A" 17 30 32 17 27 37 17 10 24 23 16 27 15 22 15
"8_130426787_T_C" 12 22 21 19 20 42 13 10 26 32 13 30 14 25 21
"8_130574259_G_A" 9 22 21 22 20 27 23 3 21 13 10 22 9 16 10
"8_131249747_A_T" 9 17 18 18 13 19 14 5 13 11 6 15 14 16 6
"8_131274760_G_T" 16 24 17 21 24 24 10 9 19 15 8 23 18 23 15
"8_132079306_C_T" 16 34 14 23 20 27 22 13 23 27 16 24 20 20 21
"8_132081301_A_G" 13 29 24 21 24 38 21 11 25 17 9 31 18 29 16
"8_132407589_C_G" 8 26 18 13 26 35 18 15 21 15 7 29 22 18 12
"8_132645526_T_A" 7 25 17 14 19 34 15 6 19 26 14 30 19 18 18
"8_133110143_A_G" 8 29 17 21 17 28 16 6 12 17 11 30 18 25 16
"8_133148322_C_T" 6 18 13 15 11 25 16 9 20 19 8 14 18 11 7
"8_13321303_C_G" 8 27 18 20 19 32 31 11 16 19 15 21 19 28 13
"8_133830852_A_C" 20 28 37 23 14 24 20 11 25 22 8 32 19 19 15
"8_134924687_G_T" 13 28 26 27 15 26 21 10 20 15 9 18 15 23 13
"8_134982057_T_A" 12 24 12 15 11 25 12 4 16 12 10 30 12 16 15
"8_135153800_A_T" 16 31 20 18 12 20 19 10 17 15 5 22 12 18 16
"8_13545346_T_G" 10 18 13 16 16 25 22 8 21 18 9 25 24 23 11
"8_13591274_G_A" 5 25 18 20 26 30 17 9 19 13 17 22 23 11 9
"8_136432367_T_G" 16 25 24 26 25 30 13 16 19 18 15 23 25 29 26
"8_136537801_A_C" 17 22 19 15 15 32 12 13 21 18 9 31 22 15 17
"8_137292135_C_A" 9 32 12 8 30 25 22 10 21 26 14 31 26 14 14
"8_137434590_T_C" 22 24 10 15 23 28 16 8 17 13 11 16 13 9 12
"8_137504826_G_T" 8 22 13 15 15 30 19 7 17 20 6 31 24 12 25
"8_138120747_C_G" 8 12 15 12 18 29 13 16 18 13 11 25 16 20 11
"8_138350965_T_A" 13 20 25 9 20 30 23 5 22 28 11 28 22 21 15
"8_13870810_A_C" 12 19 12 14 12 35 21 10 31 25 14 24 19 28 15
"8_139629111_A_C" 10 28 15 26 16 37 17 6 23 19 7 28 14 17 17
"8_141589805_T_G" 12 37 10 23 13 18 15 5 17 12 3 13 12 11 17
"8_142422528_G_T" 11 43 27 32 25 35 25 9 17 13 8 28 12 17 17
"8_142607906_T_G" 5 20 7 9 8 8 10 4 9 4 5 10 7 13 3
"8_142940269_G_A" 16 42 12 29 18 25 21 13 24 14 15 19 18 13 18
"8_14302619_T_G" 11 26 15 12 21 35 13 18 25 20 13 26 18 25 18
"8_14305465_C_T" 5 22 13 22 20 35 20 7 21 20 10 30 23 13 8
"8_144525226_G_T" 26 40 20 28 24 29 19 10 21 18 7 30 18 15 16
"8_145950402_T_G" 3 11 2 3 3 3 3 1 1 3 0 3 4 2 2
"8_15448900_A_C" 5 27 10 15 30 35 24 12 19 15 11 27 24 24 18
"8_15545691_A_C" 13 18 11 12 23 41 30 10 27 24 12 21 26 28 14
"8_1599473_C_G" 14 31 19 30 21 32 17 8 17 19 11 28 17 23 14
"8_16733267_T_C" 14 34 10 21 14 31 11 11 20 11 17 20 27 13 19
"8_17273676_A_C" 23 31 14 20 16 22 18 11 20 16 10 27 26 15 18
"8_18863734_C_T" 12 24 11 19 21 24 16 7 14 15 7 20 13 22 9
"8_19712216_C_T" 12 28 26 20 14 31 17 10 19 18 7 20 25 18 17
"8_21089687_A_C" 20 34 35 30 21 19 20 10 18 15 4 29 19 16 13
"8_21185499_A_T" 14 37 24 33 13 31 22 7 19 11 11 22 17 25 16
"8_21347797_T_G" 19 42 21 17 23 30 17 7 28 12 6 30 24 31 13
"8_21777734_C_G" 15 32 16 31 11 16 13 7 12 15 7 20 20 15 7
"8_22093733_T_C" 13 28 24 31 16 29 24 10 15 14 5 30 19 9 19
"8_22429584_C_T" 12 41 20 28 17 36 19 7 22 14 8 25 20 23 8
"8_22917378_C_G" 19 35 27 28 18 21 26 11 17 20 8 32 18 12 13
"8_2385203_C_G" 13 41 21 34 24 21 20 12 18 20 9 34 18 19 31
"8_2456956_G_A" 14 35 14 24 20 28 16 10 21 17 7 26 19 20 9
"8_24724206_A_G" 15 19 23 25 19 36 16 15 26 21 7 27 15 20 19
"8_24986316_C_T" 17 29 16 31 15 21 17 10 30 20 9 28 16 15 15
"8_25327764_T_C" 13 35 23 33 27 27 18 12 21 23 13 26 16 20 19
"8_25838632_C_G" 25 25 17 21 20 26 15 11 17 18 13 32 29 22 16
"8_2643323_T_G" 14 18 14 25 20 28 16 13 19 14 11 23 19 19 16
"8_26930777_G_T" 16 29 20 25 21 28 28 5 30 17 15 21 18 16 14
"8_2776971_T_G" 3 22 9 17 26 31 15 10 16 17 16 18 29 20 10
"8_28027203_A_C" 19 36 20 23 20 20 14 9 25 14 11 21 14 13 18
"8_28378176_C_G" 18 32 15 24 13 36 28 6 18 18 14 27 14 17 12
"8_28708451_C_G" 10 27 17 25 24 24 14 14 20 14 14 27 13 25 25
"8_29727864_T_A" 18 35 18 21 14 39 18 7 24 21 11 26 21 15 16
"8_29779289_T_G" 10 40 20 24 23 29 18 8 17 22 7 18 18 20 18
"8_30835205_A_C" 13 34 20 27 17 32 18 12 24 13 6 30 13 9 15
"8_31050430_G_C" 14 27 19 26 17 33 17 15 17 23 8 28 19 15 4
"8_3109886_T_G" 12 22 13 21 13 27 20 13 21 11 8 21 23 22 24
"8_31410494_G_C" 12 24 10 22 16 26 17 12 14 18 15 25 29 9 13
"8_31826457_A_C" 14 20 21 20 16 34 10 9 17 17 8 21 15 17 16
"8_32010419_A_G" 20 28 19 11 18 25 24 16 19 26 8 24 24 22 25
"8_33753979_A_C" 8 19 14 13 25 33 13 13 20 24 12 21 18 12 12
"8_33895619_G_A" 13 20 11 14 19 31 11 13 20 18 18 31 20 28 17
"8_34354879_T_G" 7 17 13 22 14 31 21 11 23 16 11 28 16 27 17
"8_35613828_T_G" 11 19 17 11 19 39 12 4 22 18 13 27 25 17 25
"8_35643129_T_G" 9 25 19 21 27 25 19 8 19 21 15 27 26 14 26
"8_35800340_C_G" 7 25 20 12 23 21 14 7 25 20 12 32 20 28 10
"8_35851372_A_C" 13 21 19 14 20 25 12 11 18 16 11 31 15 20 11
"8_35920917_T_G" 11 20 18 21 23 30 20 9 10 20 9 21 25 19 15
"8_36009214_A_C" 14 24 23 13 24 41 24 11 22 24 16 33 25 19 15
"8_36874866_T_A" 12 27 13 24 17 27 22 10 23 11 15 31 21 27 19
"8_37087530_C_T" 16 25 13 16 17 39 11 9 23 24 10 19 29 21 15
"8_38375157_G_T" 8 29 24 21 22 21 22 10 22 19 8 23 14 20 14
"8_38455444_T_G" 15 17 13 17 14 20 14 12 29 13 10 16 16 19 11
"8_3990987_G_A" 15 17 13 21 13 32 22 6 29 20 6 35 29 21 17
"8_40019100_G_A" 11 28 15 28 17 36 24 8 14 23 11 21 15 18 15
"8_40421468_T_C" 16 27 21 20 22 23 14 11 13 14 12 24 12 19 7
"8_40661241_C_G" 12 27 23 25 22 37 18 6 20 19 12 30 22 20 23
"8_41372462_A_C" 10 21 16 22 18 17 12 9 16 11 6 19 22 11 7
"8_41744791_G_C" 7 14 8 13 10 10 3 7 7 4 6 10 6 12 2
"8_43556079_C_A" 19 24 13 22 24 30 23 14 25 12 12 24 20 19 15
"8_4418365_C_A" 15 15 14 19 16 24 35 8 23 25 11 35 25 20 22
"8_47808312_T_C" 20 36 18 29 19 34 19 16 21 22 9 18 31 18 21
"8_49983488_C_T" 8 18 14 19 25 29 23 11 21 21 16 24 20 13 13
"8_50256837_A_G" 10 33 12 19 17 33 19 16 20 21 16 36 18 16 18
"8_50550632_G_A" 12 22 10 30 15 28 20 10 16 14 13 27 19 19 13
"8_5070740_T_G" 14 27 20 19 19 28 14 6 24 16 9 33 18 26 18
"8_50838252_T_A" 8 26 18 17 22 35 18 15 15 20 11 34 23 17 14
"8_51725292_G_C" 13 19 21 17 20 22 20 9 23 16 5 36 19 25 13
"8_5308435_T_G" 19 17 12 19 20 29 18 16 23 11 11 21 16 22 8
"8_55453688_T_G" 6 10 13 9 8 20 9 4 12 10 4 15 9 12 11
"8_56363618_C_G" 13 28 24 18 21 21 15 10 19 25 6 37 16 15 5
"8_57845901_G_A" 11 24 12 22 14 43 16 13 16 15 9 31 14 24 11
"8_58621104_G_C" 14 24 18 9 22 27 16 17 18 20 16 23 25 19 16
"8_58782122_T_A" 11 24 13 18 27 35 28 9 21 22 10 29 19 23 14
"8_60806582_A_G" 15 24 11 23 26 36 14 13 25 22 9 39 21 21 18
"8_63308134_T_G" 7 22 17 20 22 28 22 11 14 27 6 34 20 31 18
"8_63445445_A_T" 17 24 14 18 15 30 16 8 16 25 11 23 15 22 11
"8_64676349_C_G" 9 32 14 15 27 35 12 11 18 24 11 23 29 18 12
"8_64698947_C_G" 5 30 15 15 16 28 15 13 22 18 11 27 20 20 24
"8_65165961_A_T" 12 23 12 26 18 37 21 7 24 18 7 25 15 21 21
"8_65724184_C_T" 12 30 10 22 12 30 19 13 20 19 8 24 25 17 12
"8_66122744_A_G" 14 28 11 15 17 34 28 12 24 23 6 27 21 20 22
"8_66209915_T_A" 9 24 19 21 13 23 11 10 20 24 11 22 16 22 14
"8_6743496_T_C" 21 28 19 26 25 27 20 12 19 16 3 31 21 19 11
"8_68321138_T_A" 17 24 15 25 14 37 20 13 23 17 13 33 16 21 9
"8_68591984_G_A" 13 32 16 24 19 28 27 15 15 10 9 32 25 22 17
"8_68619356_A_G" 15 34 21 22 31 34 15 11 14 21 5 25 23 28 13
"8_68795503_T_G" 8 12 13 16 18 20 20 5 21 18 8 24 29 18 9
"8_69512206_T_G" 6 29 9 22 17 33 17 7 13 25 9 27 18 21 21
"8_69731861_G_T" 7 24 13 14 21 31 15 15 26 17 12 20 19 13 14
"8_7015768_A_C" 10 19 13 13 12 15 10 5 12 11 4 27 10 10 10
"8_70720506_A_G" 17 24 17 24 25 17 17 11 12 15 7 23 15 12 15
"8_70858110_G_T" 12 26 18 25 22 25 8 3 14 13 9 24 25 33 13
"8_7272101_G_A" 8 18 11 8 5 10 12 4 6 9 7 5 10 10 12
"8_73486940_C_T" 11 32 21 22 18 36 17 17 23 18 11 27 23 22 11
"8_74022645_G_A" 8 36 18 21 31 29 15 8 22 17 12 25 19 26 17
"8_74258574_A_C" 16 28 14 29 18 22 18 11 21 12 9 14 22 14 12
"8_74290692_C_A" 11 26 6 20 19 18 12 14 10 12 8 26 16 7 8
"8_75881714_T_C" 11 21 16 20 21 33 18 13 19 20 8 36 21 26 20
"8_77084433_G_A" 16 18 6 15 17 22 21 12 23 24 10 32 17 26 13
"8_77149231_T_A" 10 21 13 14 23 36 22 11 28 25 13 35 21 30 15
"8_78584890_T_G" 13 24 18 16 17 24 15 15 23 24 11 42 20 24 14
"8_7878104_T_C" 7 8 4 8 7 12 9 4 11 4 3 13 4 7 3
"8_7882852_T_G" 2 15 3 2 4 6 5 2 7 3 1 6 4 3 0
"8_78852951_G_A" 10 27 14 9 20 21 20 8 22 26 9 24 20 23 11
"8_79178950_G_A" 7 18 16 28 28 26 25 8 18 11 19 27 21 12 10
"8_8023695_G_A" 5 5 4 5 0 1 3 1 2 2 2 7 0 15 9
"8_80267983_G_C" 7 20 27 18 20 26 25 6 23 17 10 40 13 20 11
"8_80821189_C_G" 16 36 23 26 16 30 22 6 23 16 14 21 26 22 17
"8_81502457_C_G" 13 31 19 7 26 31 15 15 25 20 13 20 15 13 17
"8_81990094_G_T" 19 35 24 24 19 35 25 11 24 17 16 18 23 13 12
"8_8287265_A_G" 15 38 18 19 17 29 19 10 26 17 7 24 12 21 14
"8_83732598_G_T" 13 17 17 18 20 39 15 9 19 13 7 26 14 24 10
"8_84455915_G_A" 13 23 15 20 16 21 17 12 18 21 13 27 19 15 14
"8_84647643_T_G" 8 18 13 8 22 34 19 8 31 26 11 23 19 17 19
"8_84751927_C_G" 10 16 12 10 26 20 14 11 18 26 4 31 20 23 16
"8_84865345_C_G" 15 22 16 16 21 32 20 8 23 17 15 34 15 22 18
"8_87322203_T_C" 16 25 17 19 15 30 17 8 11 9 11 19 22 21 11
"8_87889593_T_G" 6 19 18 16 26 36 10 13 19 22 5 28 22 21 13
"8_88037902_T_G" 7 30 18 13 18 30 16 8 22 16 7 32 22 19 14
"8_88690827_G_A" 14 24 24 20 14 38 16 8 23 19 8 25 23 28 9
"8_88982252_T_G" 10 33 14 12 27 23 18 6 30 23 7 30 18 21 16
"8_90064321_C_G" 4 26 16 12 16 34 11 20 23 19 10 28 18 21 13
"8_90071440_T_G" 12 26 8 19 25 35 22 9 14 23 5 26 16 25 15
"8_90322408_C_T" 16 15 16 17 14 28 12 15 21 21 21 22 16 32 10
"8_90353987_C_T" 13 22 21 12 18 28 19 13 22 23 8 23 17 28 16
"8_91273108_G_C" 17 22 21 22 22 30 27 12 21 16 16 33 26 22 17
"8_92406846_A_G" 13 30 21 19 22 30 23 8 13 24 9 32 18 21 12
"8_92769920_C_T" 7 19 12 15 18 32 13 9 23 21 12 21 25 19 18
"8_96639402_C_T" 18 12 13 14 27 25 13 10 14 17 8 26 21 21 13
"8_96645139_C_T" 11 35 17 24 19 32 18 6 18 17 10 27 23 19 14
"8_98325625_G_T" 8 37 6 21 24 36 18 10 19 23 8 26 17 21 13
"9_100475534_T_G" 15 27 21 31 20 29 17 5 28 16 10 30 26 17 15
"9_100874033_C_A" 19 49 19 25 11 24 19 14 24 19 16 25 15 24 11
"9_100923508_C_A" 13 45 18 22 21 30 11 6 25 13 6 22 17 11 21
"9_101819944_C_G" 5 41 24 25 24 28 11 9 19 15 12 36 14 23 24
"9_102306187_C_T" 15 26 12 24 27 27 15 6 25 21 6 15 23 20 10
"9_103580277_C_T" 8 28 12 19 29 29 21 12 18 12 10 24 12 23 12
"9_1041018_T_G" 10 39 19 27 18 27 15 8 31 22 13 32 31 25 21
"9_10433544_C_T" 8 16 17 16 19 27 18 10 20 16 7 23 25 15 15
"9_104995115_A_C" 20 17 20 18 17 30 19 11 23 19 18 25 26 25 11
"9_105023955_A_T" 7 25 18 18 19 22 27 14 19 14 9 31 19 12 12
"9_105139455_C_G" 16 14 14 15 23 23 19 10 18 11 10 28 20 18 9
"9_105338579_G_T" 9 18 12 20 21 30 27 11 22 20 9 28 18 20 8
"9_105489832_A_T" 17 17 15 18 23 33 25 5 20 19 9 33 24 33 15
"9_106465683_T_G" 14 13 14 14 23 27 25 6 25 32 13 25 18 18 16
"9_108115400_G_T" 28 32 12 25 19 35 13 15 27 13 9 28 17 28 17
"9_109176631_C_A" 15 34 16 15 26 32 20 12 14 21 10 43 16 27 16
"9_109319120_A_C" 12 23 14 14 14 22 16 4 20 16 9 25 22 18 14
"9_109525541_A_C" 5 30 22 21 14 28 14 9 25 12 9 29 16 19 10
"9_109874181_C_A" 13 34 20 24 18 27 14 5 19 19 8 35 21 20 23
"9_10994107_C_A" 10 24 13 12 23 30 18 13 14 29 12 18 16 24 17
"9_111291597_G_A" 12 21 19 25 18 33 21 14 32 23 13 25 24 26 14
"9_111333243_G_T" 9 20 16 21 23 35 20 11 19 22 10 29 13 18 23
"9_11312111_T_C" 16 29 7 7 17 34 18 10 15 26 10 18 22 24 11
"9_114281206_G_A" 13 31 16 22 19 42 20 13 19 22 12 29 16 13 19
"9_115169417_C_T" 12 37 16 24 23 29 19 9 13 17 12 27 25 11 23
"9_116142279_A_T" 10 38 23 36 21 33 15 15 29 17 7 27 25 15 12
"9_116738948_G_T" 9 33 14 25 28 17 23 18 23 17 10 26 14 17 17
"9_116738949_G_T" 9 34 14 26 28 16 23 18 23 18 11 24 14 17 16
"9_117213382_A_C" 15 30 17 28 14 20 20 8 13 14 5 27 6 17 15
"9_117844880_G_C" 19 29 25 36 13 27 22 10 22 21 9 32 13 21 15
"9_118217402_T_A" 14 19 16 15 13 30 14 11 19 27 7 22 18 13 7
"9_118678158_T_G" 17 32 19 17 18 30 21 7 22 19 7 24 15 25 13
"9_119444475_C_A" 16 32 17 28 30 24 18 9 23 25 17 23 18 19 11
"9_120197921_G_A" 9 34 13 24 25 25 17 13 26 12 11 29 27 33 14
"9_120492156_C_T" 17 23 15 31 20 18 16 13 20 14 14 21 15 22 16
"9_120581899_T_C" 8 33 16 22 24 29 13 9 19 20 7 23 17 17 17
"9_120584016_T_G" 12 22 20 18 14 37 18 10 35 23 12 19 32 20 19
"9_121652362_T_C" 9 28 15 11 19 27 18 12 14 21 11 27 16 16 17
"9_126036277_C_A" 17 42 14 34 16 29 15 7 18 17 5 22 20 18 11
"9_127702133_G_A" 21 45 15 30 21 32 18 13 23 15 8 29 16 17 18
"9_128848778_G_T" 19 34 24 33 20 23 23 9 13 22 13 19 17 24 15
"9_13038150_A_G" 11 15 9 19 15 30 13 8 22 10 2 33 20 13 15
"9_131450750_T_A" 18 50 23 42 17 32 14 13 18 18 9 23 17 21 10
"9_131579625_G_T" 9 53 24 26 20 25 15 9 16 10 9 24 13 21 9
"9_13559229_T_G" 8 15 15 17 9 22 14 5 16 22 9 25 25 16 8
"9_136910076_G_A" 23 41 23 39 24 23 20 13 25 20 8 29 14 19 18
"9_137953478_C_T" 17 46 20 30 23 28 23 9 18 27 9 26 20 34 19
"9_139032360_C_T" 24 48 28 36 22 26 17 10 24 16 8 21 15 13 11
"9_139638891_C_T" 17 49 20 37 20 25 10 7 21 14 9 25 14 20 16
"9_140587663_G_T" 14 42 25 42 16 25 15 14 25 15 11 24 23 17 16
"9_14138368_T_A" 19 22 8 21 13 21 21 4 10 7 5 22 21 13 8
"9_14184843_A_C" 13 25 13 15 21 30 15 5 18 19 8 22 19 16 7
"9_14304016_G_A" 12 38 17 18 24 45 20 11 21 21 10 26 16 13 17
"9_14582159_G_C" 22 19 18 22 23 30 23 11 27 11 11 31 11 17 15
"9_1543409_G_C" 12 32 14 16 21 31 26 5 19 20 8 30 18 17 16
"9_17053177_C_A" 14 28 14 12 22 21 19 9 22 23 13 30 19 23 11
"9_17205754_A_G" 9 23 10 13 27 31 18 8 13 13 11 19 24 12 13
"9_17978327_T_G" 17 20 19 26 19 34 24 7 27 21 10 31 20 17 18
"9_18395672_T_G" 12 19 23 11 22 35 16 10 20 17 10 22 22 25 7
"9_19000565_G_A" 8 39 18 19 20 24 16 5 19 15 11 26 23 21 7
"9_19180265_A_T" 13 25 14 22 16 25 14 11 20 15 17 19 21 22 9
"9_19324901_A_C" 20 36 22 32 22 32 27 10 27 23 9 19 18 19 13
"9_22318688_A_C" 3 2 2 2 3 2 3 0 0 2 2 1 1 3 3
"9_22613630_G_C" 14 22 16 19 30 34 16 9 27 23 9 32 20 14 11
"9_22753309_G_A" 12 15 16 20 18 28 20 8 22 22 13 19 17 12 15
"9_23875435_A_T" 13 21 10 20 18 34 19 12 17 20 7 18 18 24 15
"9_24914084_T_G" 10 15 21 17 21 30 21 10 21 21 11 28 23 18 20
"9_25045887_C_T" 7 22 18 14 26 22 23 6 18 14 7 31 19 17 14
"9_25058479_T_A" 10 15 10 11 19 26 12 12 15 15 12 15 18 22 17
"9_25142216_C_A" 6 22 21 16 24 32 15 8 20 17 10 34 21 26 15
"9_25661861_T_C" 10 22 22 13 22 24 24 11 28 14 4 19 19 28 11
"9_26138821_A_G" 14 8 13 20 23 43 11 5 27 13 7 20 30 32 16
"9_26352054_C_T" 14 26 17 20 18 28 26 7 23 13 11 36 22 14 18
"9_27354392_C_G" 10 25 19 22 11 25 18 7 26 18 5 22 27 20 9
"9_2790357_C_G" 11 31 14 17 24 25 16 14 11 19 8 28 15 20 14
"9_28650517_T_C" 10 19 11 13 17 23 16 10 18 16 5 27 13 26 22
"9_28698059_T_G" 5 18 17 16 17 29 16 15 12 10 13 26 19 20 11
"9_29013958_T_C" 8 10 15 12 19 28 15 9 30 12 15 36 30 23 13
"9_29412834_G_A" 9 30 20 16 20 27 19 14 21 14 11 24 23 26 17
"9_30872574_A_G" 10 21 17 18 16 38 15 11 35 19 9 26 18 24 20
"9_30909145_C_T" 10 22 12 13 23 31 14 7 20 19 10 17 25 26 19
"9_31922751_A_C" 11 21 10 22 15 23 17 9 29 18 12 27 20 32 9
"9_32286676_T_C" 15 25 17 17 18 28 14 7 20 17 9 18 27 15 22
"9_32337328_A_C" 14 37 10 22 35 21 22 7 12 24 12 39 25 15 24
"9_32856449_C_T" 13 26 19 22 14 33 13 6 8 17 11 30 14 21 13
"9_34050985_A_C" 3 6 6 9 4 5 8 2 5 6 2 9 9 6 1
"9_34494059_T_C" 7 29 22 27 23 29 12 7 13 17 8 17 22 18 11
"9_35021986_T_C" 16 33 13 37 15 27 15 11 9 12 13 24 13 16 23
"9_35059646_A_G" 21 33 24 40 16 21 16 5 29 17 9 27 22 24 7
"9_35078037_C_A" 13 34 15 27 16 23 12 13 21 15 10 15 18 15 10
"9_36448084_T_C" 12 40 12 42 22 27 19 8 24 17 8 35 20 12 18
"9_36946453_C_T" 10 39 17 34 23 37 15 3 31 19 12 18 17 16 11
"9_37203094_A_G" 13 49 13 40 27 28 20 11 24 11 13 36 15 28 12
"9_37660463_T_G" 9 38 18 40 16 32 24 7 14 19 11 19 13 25 9
"9_39062429_C_T" 17 13 14 11 14 18 20 9 11 17 8 15 18 17 10
"9_41778308_C_T" 1 0 6 3 1 2 6 2 2 3 4 5 2 1 3
"9_45755240_A_T" 8 9 5 9 5 18 9 4 11 4 3 9 3 9 8
"9_46840080_A_G" 3 2 2 4 7 2 4 4 5 7 0 6 7 5 3
"9_68365674_C_T" 19 18 12 9 12 16 17 7 18 13 4 22 13 12 15
"9_69841536_G_A" 28 33 31 36 34 47 26 13 41 30 7 42 37 39 19
"9_71202062_A_G" 19 28 21 20 20 38 19 7 30 15 8 27 19 16 20
"9_71214326_C_A" 10 26 16 20 25 28 22 8 22 16 7 21 26 17 11
"9_71255657_T_C" 21 26 10 21 23 31 13 8 21 24 5 20 13 30 10
"9_71360112_G_T" 7 33 11 13 22 30 13 10 19 14 6 29 19 20 20
"9_72451294_C_A" 11 34 10 16 20 29 15 14 23 19 12 31 15 22 17
"9_75396256_A_C" 7 35 13 20 22 29 18 10 24 19 13 18 22 23 13
"9_76268812_T_C" 15 23 9 18 20 17 19 12 18 17 9 32 23 19 16
"9_76448443_G_A" 11 32 14 16 26 31 13 15 20 23 9 23 28 17 21
"9_76617347_A_C" 16 23 19 12 17 20 23 4 13 26 13 24 20 14 14
"9_76674108_G_A" 14 15 16 10 23 34 25 6 14 17 11 26 12 18 10
"9_77044505_A_T" 8 17 10 12 14 20 9 7 11 14 7 29 12 12 3
"9_77272519_G_A" 16 21 18 19 18 32 22 8 21 12 10 27 20 14 14
"9_78054044_A_G" 8 29 16 20 22 29 20 3 17 22 11 20 21 14 16
"9_78779073_G_A" 19 40 14 27 17 36 25 12 18 11 3 32 27 13 20
"9_78820732_T_G" 13 17 20 18 27 32 21 11 13 13 14 27 23 21 24
"9_78876088_T_A" 12 16 12 13 17 24 22 10 23 15 12 17 18 30 9
"9_78946279_T_G" 15 28 13 27 13 25 16 10 18 25 6 27 20 18 18
"9_79056455_T_G" 13 31 15 22 13 27 27 8 16 26 11 28 18 26 14
"9_79770568_A_C" 12 23 15 21 19 35 17 19 22 21 9 30 17 23 6
"9_79773847_A_C" 18 28 22 23 17 24 15 14 28 14 13 22 21 14 9
"9_82743077_A_C" 11 31 15 13 21 27 18 10 18 18 15 26 14 16 7
"9_85286207_C_G" 12 37 18 28 22 38 21 10 23 25 15 25 21 24 14
"9_85626265_G_T" 7 23 16 21 23 27 23 11 27 8 16 25 16 18 16
"9_86000102_A_T" 0 5 2 1 6 7 3 3 4 2 2 6 3 7 4
"9_87488212_A_G" 19 19 20 18 24 35 15 5 16 29 5 27 18 21 14
"9_8770749_G_A" 14 21 13 12 21 33 18 11 19 24 9 28 29 24 19
"9_87753639_T_C" 20 29 17 14 20 30 19 8 15 13 5 21 14 17 10
"9_87755016_A_G" 13 26 14 19 24 27 16 12 14 18 18 32 22 26 20
"9_88829063_G_T" 15 29 28 17 17 24 18 13 8 17 9 28 17 13 11
"9_89290132_C_G" 11 36 24 31 23 29 14 13 24 10 12 35 21 17 16
"9_90410055_A_G" 14 35 21 30 23 21 14 14 21 15 11 25 25 20 18
"9_90481895_A_G" 17 33 10 27 22 25 17 10 17 15 8 29 17 16 17
"9_9102058_C_A" 13 17 19 12 26 39 23 12 27 21 23 25 20 16 16
"9_92047323_A_G" 16 33 17 35 17 26 19 7 14 21 9 20 17 16 6
"9_92047347_A_T" 15 36 18 27 14 23 16 8 14 18 8 15 19 12 7
"9_92817734_C_T" 14 36 21 27 24 22 24 13 21 18 8 24 20 22 20
"9_93544007_A_G" 17 51 19 36 24 24 16 6 18 22 12 36 14 29 14
"9_93694547_T_G" 12 42 24 34 18 19 19 9 26 13 10 24 10 13 13
"9_94552513_G_C" 17 33 17 23 18 30 22 8 13 13 10 24 20 17 16
"9_966177_A_G" 23 37 23 27 17 21 18 7 14 25 3 20 18 25 14
"9_98080538_A_C" 18 27 19 28 14 25 14 8 16 22 14 30 21 22 26
"9_99192391_T_C" 12 37 23 26 19 18 12 12 25 17 7 33 27 15 13
"9_99903582_C_T" 11 13 8 14 12 8 13 0 12 8 4 18 8 11 7
"X_100603913_T_G" 11 30 17 27 20 24 10 8 13 12 10 22 18 16 15
"X_10064064_A_C" 12 33 15 25 23 12 16 11 17 11 5 20 12 16 11
"X_101386335_C_T" 8 32 16 21 22 33 11 15 14 20 9 15 18 19 23
"X_101386336_A_C" 8 30 16 21 22 32 13 15 14 19 9 15 17 16 21
"X_101393423_G_A" 12 42 16 22 18 26 11 12 23 18 6 28 14 28 17
"X_102214493_C_G" 10 25 13 19 23 33 20 4 14 17 12 27 22 16 15
"X_102879607_C_A" 9 23 16 18 25 20 22 16 23 15 16 20 7 19 11
"X_103910139_A_G" 14 30 19 13 17 28 19 16 26 14 11 24 21 23 16
"X_104690310_A_G" 19 26 18 24 22 28 17 6 10 12 8 24 22 24 19
"X_104747746_G_T" 15 28 17 25 24 32 19 6 17 16 6 36 23 24 12
"X_105141214_A_T" 20 40 17 37 19 26 17 10 23 24 9 33 22 19 9
"X_105268792_T_A" 12 25 19 24 30 27 21 15 33 18 11 29 31 23 13
"X_105268793_A_T" 11 22 16 20 31 22 19 15 27 19 11 29 30 22 14
"X_105443133_C_T" 7 24 20 20 18 29 19 15 15 19 12 21 19 13 11
"X_105663341_T_C" 11 21 12 17 24 38 21 13 23 24 11 31 19 21 19
"X_106398921_T_A" 6 30 23 33 23 24 15 9 20 18 12 33 12 21 14
"X_106487760_A_G" 15 33 28 19 24 30 22 11 31 17 8 26 16 15 18
"X_107431569_T_G" 18 27 23 26 28 34 21 7 19 16 10 26 20 18 15
"X_107607022_T_G" 8 27 25 23 18 32 19 12 17 20 12 31 20 22 10
"X_107807155_G_A" 16 27 25 25 25 27 16 9 24 22 9 22 21 23 15
"X_107814178_A_G" 14 31 14 13 18 24 20 14 30 18 8 29 27 15 13
"X_109471470_C_T" 20 27 10 21 19 30 17 11 16 13 15 27 12 11 11
"X_110811188_A_G" 14 31 13 28 20 27 21 10 17 19 13 31 19 24 13
"X_111907273_G_T" 8 38 18 16 14 29 23 5 27 10 9 22 27 19 18
"X_112514121_G_A" 11 14 13 23 21 22 24 10 14 14 3 37 17 23 12
"X_113440131_T_G" 7 19 19 18 14 21 17 11 16 20 16 35 20 18 12
"X_113585624_C_T" 8 30 18 15 21 28 15 7 24 26 4 20 16 23 22
"X_113781038_G_A" 14 24 13 22 23 32 16 8 16 23 6 34 21 16 11
"X_114159008_T_G" 15 24 14 18 20 26 23 12 21 16 6 20 20 16 12
"X_114368698_G_A" 11 26 15 15 29 25 16 9 21 12 15 27 20 22 12
"X_115089726_T_G" 17 26 19 17 14 21 16 9 23 17 8 25 20 17 13
"X_115227199_T_C" 16 28 24 14 14 39 23 7 21 21 9 22 27 23 13
"X_115270817_G_A" 12 41 14 20 21 28 19 19 23 24 11 18 24 16 16
"X_115365925_A_G" 17 30 16 16 19 32 25 10 27 24 13 27 18 14 18
"X_115827038_A_T" 12 32 13 14 19 26 14 3 28 24 9 26 22 14 10
"X_116041222_C_A" 10 27 18 20 21 21 29 12 18 22 10 23 19 21 26
"X_116104200_T_G" 8 16 15 12 16 33 26 15 16 22 11 25 22 12 9
"X_116230812_C_G" 8 18 9 8 19 29 14 8 15 30 13 27 11 26 15
"X_116567363_T_G" 9 29 11 22 19 24 21 12 21 14 8 30 27 18 12
"X_11678030_G_A" 12 31 12 30 20 30 14 9 21 16 8 24 17 22 16
"X_116832866_A_G" 15 24 25 19 18 28 25 7 19 13 10 22 20 22 10
"X_117035702_T_A" 17 14 15 10 12 29 17 15 13 12 14 28 18 17 11
"X_117437621_T_A" 11 25 12 21 17 26 16 15 21 18 11 24 13 21 6
"X_117819034_T_C" 9 33 16 27 23 31 13 9 19 16 8 30 17 26 10
"X_11800622_C_T" 7 24 26 25 20 24 19 9 9 28 7 28 19 16 15
"X_11866958_T_C" 13 33 24 24 17 20 15 8 18 18 9 16 19 23 10
"X_118797836_G_A" 21 43 11 36 21 30 19 12 20 11 8 24 23 25 18
"X_118860928_T_G" 14 34 18 23 20 27 19 7 28 17 7 39 30 23 13
"X_119342352_A_C" 10 25 21 24 19 36 15 8 22 13 7 28 24 22 19
"X_120937744_T_C" 20 25 13 19 23 34 17 10 20 17 14 41 18 26 9
"X_121001105_T_G" 12 17 13 22 21 21 11 11 18 21 5 32 22 24 19
"X_121611103_C_A" 9 22 14 25 18 37 20 8 26 15 12 26 24 16 25
"X_121645023_G_A" 8 33 6 17 19 36 14 5 16 19 13 35 21 27 20
"X_121955949_G_A" 6 25 16 18 15 34 14 8 21 19 13 23 23 24 18
"X_122662352_A_C" 12 37 12 15 24 24 12 12 29 19 10 22 24 12 21
"X_122693434_C_G" 15 30 23 17 18 21 14 9 20 18 16 27 21 20 5
"X_122873306_A_T" 15 24 25 23 19 34 20 9 13 15 15 22 10 23 15
"X_124824669_C_T" 13 27 18 14 19 28 17 5 23 17 12 15 26 18 13
"X_125029339_G_A" 15 32 12 16 16 36 21 9 17 18 10 33 13 12 20
"X_125370944_G_T" 10 23 15 17 18 24 21 9 23 20 12 29 22 13 11
"X_125576462_A_T" 11 19 23 21 25 21 17 7 21 16 8 34 25 17 16
"X_125921028_A_C" 11 23 14 10 13 25 18 7 15 18 8 29 24 24 17
"X_126854499_T_G" 12 13 16 15 13 26 9 6 24 20 9 26 18 19 13
"X_126859393_T_G" 19 15 20 14 16 34 15 10 18 26 9 20 18 34 19
"X_127230144_A_C" 9 24 13 16 24 21 14 8 14 21 9 28 14 19 18
"X_127661943_G_C" 18 20 11 16 19 34 13 7 14 14 10 24 20 14 11
"X_129508079_T_C" 15 35 29 30 16 24 21 17 18 22 10 28 22 12 11
"X_130376960_A_C" 11 21 15 22 24 27 22 7 25 17 7 37 18 24 16
"X_130724378_G_T" 9 31 13 19 23 37 19 8 20 17 10 23 14 19 9
"X_130929600_C_G" 9 28 18 30 17 22 22 8 20 19 16 30 13 15 10
"X_131571605_T_G" 10 25 19 16 13 26 12 11 17 29 10 20 16 17 14
"X_132062880_G_C" 10 38 8 27 18 20 14 11 22 22 12 26 17 22 15
"X_13234272_T_G" 9 31 19 33 20 18 19 11 25 18 11 25 16 10 15
"X_132622108_A_C" 11 25 19 20 15 33 19 11 14 11 6 20 16 24 17
"X_134293804_C_G" 14 24 11 20 12 26 16 4 21 17 14 19 17 22 13
"X_134521978_A_T" 13 32 12 23 16 20 18 14 19 20 13 23 19 17 10
"X_135005247_G_C" 17 37 12 26 18 30 15 13 24 16 17 27 21 18 16
"X_136704812_T_A" 12 29 18 18 16 48 21 9 18 16 11 24 22 32 19
"X_137192002_G_A" 8 22 14 24 16 27 17 10 23 17 13 21 15 16 12
"X_139184822_T_A" 18 20 10 16 18 27 18 6 17 21 11 28 23 17 17
"X_139315970_G_T" 16 28 16 18 18 37 23 13 24 23 9 38 19 18 17
"X_140555898_C_A" 9 30 13 12 23 35 22 16 21 20 14 22 19 23 14
"X_141377135_T_G" 12 25 20 16 25 31 25 5 23 23 4 24 18 19 9
"X_141561525_C_T" 11 23 16 15 18 29 21 13 18 20 6 37 8 23 16
"X_141657003_C_G" 4 1 3 6 6 13 9 9 11 3 4 11 8 10 6
"X_142157687_T_A" 18 23 12 22 18 34 28 12 15 16 11 28 16 21 18
"X_142462750_C_G" 19 31 24 10 26 30 24 10 27 17 10 45 19 16 21
"X_142780122_G_T" 12 36 20 12 22 33 26 10 22 16 13 32 28 18 18
"X_143306240_T_A" 13 22 11 19 19 33 28 19 25 19 19 29 26 23 17
"X_143839563_T_C" 11 22 9 20 22 28 21 13 13 26 8 19 16 13 7
"X_144163418_T_C" 17 15 15 28 14 41 28 17 24 22 10 19 24 23 17
"X_144435148_C_G" 15 24 10 18 21 28 28 18 18 22 14 31 21 22 11
"X_144658683_A_C" 8 26 18 10 24 39 21 9 30 24 9 33 20 24 13
"X_145170159_C_T" 6 21 21 17 14 36 13 10 24 19 14 30 28 23 14
"X_145392189_A_G" 14 20 10 14 21 26 24 6 20 25 5 20 24 16 15
"X_145525302_T_A" 10 23 13 16 21 33 15 10 22 21 7 28 24 13 13
"X_146273980_G_A" 13 25 15 17 18 25 18 12 20 19 5 18 25 25 21
"X_146671828_A_C" 20 19 10 14 31 33 17 13 21 19 12 22 28 19 20
"X_147092871_T_G" 16 29 21 28 24 23 16 8 20 13 5 30 14 22 12
"X_147149347_G_T" 13 26 18 26 20 28 13 10 17 15 6 25 20 17 9
"X_147212679_A_G" 4 35 12 19 13 26 28 9 18 15 10 20 30 14 17
"X_147538760_A_G" 15 28 10 25 21 30 19 6 16 13 8 29 18 14 18
"X_148499645_C_A" 20 33 18 22 19 24 18 6 19 20 6 22 15 20 13
"X_148757165_T_A" 5 1 3 0 0 1 1 1 0 2 0 3 1 7 5
"X_149659650_A_C" 11 30 18 26 26 22 14 9 21 11 19 30 20 26 17
"X_149813095_C_G" 14 24 15 27 10 39 14 4 18 16 13 20 17 23 15
"X_150399190_A_G" 6 32 23 17 14 36 22 14 25 16 9 22 13 21 17
"X_150841565_A_G" 11 26 9 21 13 39 16 5 24 24 9 24 23 15 9
"X_150940267_G_A" 6 23 17 17 14 29 11 10 30 11 18 30 16 32 8
"X_151114776_T_G" 16 28 21 25 19 30 22 10 18 15 6 28 16 14 12
"X_151217091_G_A" 13 16 6 17 5 15 11 6 21 10 7 14 14 7 4
"X_151656748_A_T" 8 34 12 15 17 27 13 14 16 15 10 26 20 19 15
"X_151789540_A_C" 11 27 16 19 20 36 15 12 23 20 15 33 19 13 16
"X_152095572_T_C" 17 38 22 29 14 19 25 11 16 14 10 23 13 17 10
"X_152571612_G_A" 12 47 19 33 19 31 16 12 21 12 13 34 19 14 13
"X_152760721_G_A" 13 37 24 24 12 32 20 9 18 19 3 18 17 21 17
"X_153338147_C_T" 17 28 16 29 16 27 21 16 17 22 7 23 19 17 20
"X_153632536_C_T" 15 27 16 23 11 17 19 15 10 15 8 14 23 9 8
"X_154239488_A_C" 15 32 23 35 24 40 26 11 27 28 13 32 16 15 23
"X_155063613_C_A" 12 33 17 30 11 37 19 11 24 22 10 29 17 28 17
"X_16968121_A_G" 13 26 17 24 18 25 24 11 22 20 7 31 20 18 19
"X_18856585_T_C" 18 32 18 25 14 41 25 6 27 12 15 25 27 16 18
"X_18991805_C_A" 19 25 22 21 28 28 20 13 25 22 11 16 12 28 13
"X_18991806_C_T" 19 25 22 21 31 29 19 12 27 22 11 14 13 29 14
"X_19303547_G_T" 15 27 28 21 21 21 21 8 21 19 11 27 14 15 24
"X_2042604_T_C" 13 19 14 10 14 16 9 6 8 13 15 15 11 9 18
"X_20906310_T_C" 11 12 26 16 26 22 23 13 15 21 9 28 20 14 11
"X_21049712_C_A" 13 24 19 18 16 29 20 8 25 18 13 18 23 25 12
"X_21691215_A_C" 15 28 15 18 28 34 29 10 18 23 7 28 20 22 11
"X_21805838_G_A" 14 25 21 14 12 24 23 11 26 14 9 30 23 18 13
"X_22204030_G_A" 14 25 14 17 20 32 23 10 22 23 8 32 13 9 17
"X_22819727_C_T" 15 29 18 23 15 30 19 17 22 11 9 20 20 19 19
"X_23845553_C_G" 11 25 18 28 16 21 17 15 26 16 22 19 12 21 11
"X_24825974_A_C" 3 19 7 8 10 10 11 7 9 9 9 14 11 10 9
"X_2483097_G_A" 10 27 26 19 17 39 14 14 15 26 6 38 22 17 12
"X_24915949_C_G" 10 21 26 23 11 37 20 10 23 15 10 24 19 21 17
"X_25209183_T_G" 12 25 19 23 16 31 20 9 15 20 19 28 16 21 23
"X_25436867_A_C" 12 22 29 14 20 23 13 12 15 23 6 30 25 17 12
"X_26167599_A_C" 9 19 22 13 26 35 17 9 20 24 11 27 19 16 15
"X_26471881_A_T" 5 22 23 16 17 34 30 16 22 27 12 27 28 10 13
"X_26939935_T_A" 13 20 13 18 27 27 15 5 18 18 9 23 22 20 11
"X_27224872_A_C" 15 22 20 11 16 25 19 6 24 29 15 22 19 34 19
"X_27467416_T_A" 7 20 22 10 20 23 23 7 33 21 15 24 19 29 22
"X_27649533_G_T" 16 26 30 25 23 29 27 8 35 14 15 36 20 26 11
"X_27676347_A_C" 9 28 19 26 22 41 18 8 17 24 11 40 20 26 18
"X_28231625_A_G" 10 28 16 18 24 34 17 7 20 24 11 27 21 27 14
"X_28794189_C_A" 11 19 20 15 22 32 25 11 20 15 12 23 24 19 10
"X_28819890_T_G" 14 19 24 19 20 22 17 7 18 16 12 28 17 21 18
"X_29551197_A_C" 8 27 16 21 18 28 21 6 15 12 10 24 21 12 17
"X_29604271_T_G" 12 19 10 20 20 27 19 8 25 21 19 34 20 20 17
"X_30168831_A_C" 11 28 18 21 23 28 13 11 17 16 12 22 19 28 12
"X_3039529_T_C" 15 33 17 24 23 22 17 11 19 16 14 27 18 17 14
"X_30514470_G_T" 14 29 13 21 24 35 16 14 23 18 10 20 15 19 12
"X_30543699_G_T" 9 23 27 12 17 28 18 17 19 23 7 25 8 15 16
"X_31058875_C_T" 14 37 16 17 23 30 16 7 20 21 16 38 14 21 10
"X_31115411_C_T" 13 32 23 27 15 32 20 9 16 13 16 22 18 23 11
"X_31211375_A_C" 9 20 23 15 19 30 17 7 15 21 14 21 25 18 19
"X_31507878_G_A" 8 29 17 18 24 23 16 16 21 18 16 29 23 14 11
"X_32602476_C_T" 18 18 17 19 18 30 25 15 19 24 8 38 17 21 16
"X_33032693_T_G" 5 20 18 12 19 28 19 11 20 20 10 28 22 28 15
"X_33405613_A_C" 10 24 15 15 22 32 12 12 15 24 17 37 13 23 18
"X_34275395_C_T" 8 21 16 15 16 21 16 17 17 24 7 27 18 19 15
"X_34493577_C_T" 16 19 25 16 22 26 8 8 27 22 8 28 28 17 9
"X_34599609_C_T" 11 28 16 16 17 23 15 9 25 21 14 25 12 17 15
"X_34672278_A_C" 6 22 22 20 19 26 16 12 27 17 8 34 9 23 13
"X_34727383_G_A" 9 23 27 21 18 34 26 10 17 18 10 29 23 16 15
"X_34755631_T_G" 15 29 21 11 25 34 26 11 25 21 16 20 25 11 24
"X_34843550_A_G" 18 23 10 8 18 31 23 9 20 30 13 19 15 21 12
"X_34871679_T_A" 3 24 22 17 14 25 16 8 22 23 7 23 12 24 12
"X_34902704_T_A" 13 22 10 23 15 28 18 10 22 23 10 30 24 21 18
"X_35060557_A_C" 7 24 17 20 13 16 14 6 16 19 10 29 19 13 8
"X_35060558_A_C" 7 23 17 19 14 17 15 6 16 19 10 28 19 15 7
"X_35353269_T_C" 13 23 18 16 16 29 19 9 19 16 11 26 25 23 17
"X_35469964_C_G" 14 30 17 27 20 33 20 9 23 17 19 26 23 26 17
"X_35662762_A_T" 11 20 19 16 18 29 22 4 21 17 8 25 29 17 19
"X_3585589_C_T" 14 26 21 25 15 32 14 10 16 17 10 25 11 9 12
"X_37094782_C_G" 17 24 15 13 23 41 15 14 17 19 8 24 25 16 18
"X_38048042_T_G" 8 32 22 24 17 25 19 15 19 18 11 33 14 13 25
"X_38335717_A_G" 26 29 16 22 26 43 18 12 18 24 15 22 20 17 16
"X_39180065_G_C" 13 26 18 35 21 30 17 13 26 25 15 16 14 28 11
"X_40332957_G_C" 9 35 20 19 23 19 18 13 14 14 13 20 20 25 19
"X_40539572_T_C" 10 38 37 27 20 34 15 12 25 17 10 23 20 23 14
"X_40651571_G_T" 23 37 19 31 21 16 23 7 19 25 13 28 25 21 9
"X_4119556_A_G" 10 15 16 17 10 33 24 11 24 29 8 26 18 22 17
"X_4125902_G_T" 17 28 11 30 20 27 24 14 28 21 15 30 20 17 11
"X_41407577_T_A" 20 35 22 33 22 31 19 15 21 16 11 27 18 25 14
"X_41603084_C_G" 16 32 12 23 17 30 29 7 18 12 13 29 13 18 13
"X_4272301_G_T" 7 25 13 17 17 26 24 14 18 26 16 23 28 19 13
"X_42998299_C_A" 18 36 27 23 18 26 19 8 25 24 14 23 18 16 22
"X_43421568_T_G" 12 34 23 24 26 30 20 11 24 20 11 27 17 18 17
"X_44252279_G_T" 12 33 14 24 17 23 20 11 18 20 11 31 27 22 18
"X_45121567_T_G" 15 34 27 28 25 30 19 15 18 16 10 20 18 16 28
"X_45303353_T_C" 14 30 13 23 16 26 24 9 28 20 9 25 12 13 15
"X_45491871_C_G" 14 39 19 32 20 26 10 7 22 10 7 22 21 16 17
"X_457050_C_T" 17 25 19 23 17 22 11 4 24 18 5 32 12 26 17
"X_45773612_T_A" 16 43 28 25 22 33 25 9 17 24 10 27 23 24 21
"X_45829152_C_T" 17 25 16 24 20 27 23 7 26 24 10 26 23 10 20
"X_45954198_A_T" 18 37 26 30 19 25 13 19 25 19 8 30 19 18 8
"X_49493616_T_A" 18 44 18 23 15 33 23 15 17 19 12 21 17 31 24
"X_49512214_G_T" 22 25 18 22 18 29 24 14 19 20 9 30 29 16 16
"X_49592381_G_T" 16 42 11 23 28 37 21 11 22 14 11 33 24 26 12
"X_50688648_T_G" 15 37 23 26 25 28 21 3 23 14 9 28 23 21 14
"X_51595481_C_T" 13 27 23 22 25 31 10 10 17 17 13 24 15 25 16
"X_51652413_T_G" 13 21 22 15 12 19 15 12 16 8 5 22 20 19 18
"X_51734044_T_G" 17 34 19 20 24 27 20 8 16 22 12 30 15 14 13
"X_53188319_G_C" 18 35 29 21 21 20 21 11 29 18 11 33 18 13 27
"X_53360791_A_T" 11 42 21 24 18 31 23 9 16 15 14 21 23 15 11
"X_5347844_A_C" 5 17 11 18 16 31 17 11 21 16 8 26 21 21 13
"X_5381149_T_G" 7 22 13 14 14 22 20 13 25 13 13 21 16 18 16
"X_53833876_G_A" 13 24 23 15 28 18 19 9 28 15 13 32 13 19 19
"X_53861843_C_A" 17 27 22 34 24 21 22 10 14 24 10 25 18 22 17
"X_54199972_C_T" 13 43 26 24 27 41 25 8 26 15 6 23 18 20 14
"X_54393701_T_C" 9 28 17 27 16 20 17 16 20 17 6 25 14 22 12
"X_54522144_T_G" 11 19 15 14 27 22 15 3 11 15 6 18 14 17 10
"X_54984194_C_T" 14 25 18 19 19 31 20 5 24 22 11 25 9 24 12
"X_55157391_G_T" 8 34 19 31 21 30 19 12 23 22 10 22 24 23 18
"X_55271350_A_G" 8 23 15 22 20 31 22 14 19 17 11 29 13 22 13
"X_55879985_T_G" 14 24 10 21 20 24 21 2 17 22 12 22 29 20 17
"X_55928800_G_T" 12 37 30 29 24 38 18 11 22 16 11 30 25 12 28
"X_57412028_C_T" 16 28 15 28 27 23 15 10 18 14 4 29 27 18 12
"X_5825775_C_G" 11 17 9 12 9 28 9 12 23 22 8 29 15 26 13
"X_5980258_A_T" 8 15 16 20 14 30 18 15 17 19 13 30 17 21 18
"X_6049704_T_G" 14 28 13 21 27 18 22 15 28 23 8 28 16 23 22
"X_6105918_T_A" 10 25 20 18 28 21 18 12 28 20 11 35 15 28 10
"X_6118537_G_T" 19 29 13 23 23 27 21 9 17 25 10 24 20 20 21
"X_62224093_T_A" 15 21 20 8 14 30 20 13 23 19 15 35 28 16 13
"X_6224083_G_A" 7 26 13 20 12 27 23 7 23 23 9 29 13 20 14
"X_63097457_A_G" 12 25 16 23 18 29 14 10 18 13 7 25 21 20 16
"X_63235213_G_T" 6 10 11 5 12 19 10 4 5 13 6 10 9 6 3
"X_63324463_T_G" 17 31 18 20 21 27 13 8 19 17 14 30 25 10 13
"X_63662335_C_T" 7 29 36 23 23 30 13 17 21 15 11 19 20 20 20
"X_63833615_A_C" 15 33 18 19 20 22 19 9 22 22 9 25 17 18 10
"X_647394_A_T" 17 31 16 26 20 19 22 5 19 17 19 19 17 14 12
"X_64869693_A_C" 9 25 24 19 14 26 11 8 20 14 14 31 21 19 11
"X_64954488_C_A" 19 32 23 28 22 32 30 11 19 13 9 31 25 15 19
"X_66406493_T_G" 4 10 9 9 7 10 11 7 13 9 4 18 3 4 5
"X_6657564_G_A" 4 31 20 18 16 34 17 6 10 17 6 33 26 17 17
"X_66708260_C_T" 17 38 21 15 18 38 27 11 20 20 9 27 13 23 16
"X_66930895_C_G" 18 20 17 21 23 21 25 12 23 19 9 21 15 15 14
"X_66945817_A_C" 13 27 20 20 18 27 18 10 22 23 7 26 21 10 19
"X_67215263_T_A" 14 29 13 18 20 20 13 3 26 17 13 23 12 26 12
"X_67363976_C_T" 10 30 16 27 21 26 19 10 26 19 16 35 14 24 18
"X_67455065_T_G" 19 23 23 18 17 33 29 8 18 20 12 37 16 13 15
"X_67510595_G_C" 17 32 17 18 17 23 17 7 21 19 8 23 14 17 9
"X_67569953_A_T" 27 30 24 24 16 20 26 8 14 14 8 25 29 7 16
"X_67798878_C_G" 26 45 16 36 41 28 24 9 31 40 12 42 33 43 16
"X_67809694_C_A" 16 27 16 13 11 30 26 13 15 17 7 31 18 5 15
"X_68567906_A_C" 9 33 17 20 18 25 21 12 18 20 8 15 17 14 11
"X_68970870_T_C" 12 27 11 18 22 26 12 8 26 16 7 23 16 24 19
"X_69098167_G_T" 21 41 26 17 19 34 19 14 20 17 4 28 25 19 17
"X_69141974_C_A" 19 25 12 17 18 32 12 13 18 13 9 24 19 19 16
"X_70730039_G_A" 26 28 29 26 15 32 15 13 20 21 17 24 15 22 20
"X_70960291_T_G" 8 6 3 3 4 18 20 26 10 6 5 16 10 7 6
"X_71198458_C_G" 20 35 20 22 22 23 19 16 18 23 10 27 24 24 17
"X_71227405_G_A" 13 29 22 30 23 20 19 10 17 15 6 25 21 17 9
"X_71413546_C_A" 16 36 10 31 21 26 25 10 33 22 15 23 23 21 13
"X_73705325_C_T" 14 23 15 15 14 28 14 12 23 18 11 25 18 19 12
"X_74993080_C_G" 12 26 25 21 23 27 11 10 18 19 7 25 23 21 10
"X_75252473_G_T" 13 22 16 19 21 34 16 18 20 20 15 20 18 23 15
"X_75455030_A_T" 16 26 11 18 23 26 14 3 14 13 11 26 23 22 20
"X_76244312_A_T" 11 28 14 11 19 22 20 10 16 22 10 22 12 24 10
"X_76440870_G_T" 19 19 23 26 18 28 17 10 31 15 18 15 17 26 16
"X_76446945_A_G" 15 29 12 23 16 35 22 9 15 20 14 21 20 17 15
"X_76525345_G_C" 4 23 18 16 19 41 21 14 15 16 6 28 16 14 11
"X_7783321_T_C" 14 32 14 19 21 26 27 18 28 26 13 31 21 25 10
"X_77955890_G_T" 16 25 12 21 16 28 24 7 25 24 16 26 12 17 12
"X_79028218_G_A" 14 22 16 13 20 36 23 11 15 17 9 25 22 14 14
"X_80219168_T_C" 20 19 10 32 19 27 28 4 29 20 7 24 15 33 21
"X_80510708_A_C" 18 28 18 31 21 35 22 12 18 16 15 21 20 16 11
"X_80712020_T_G" 8 25 13 18 20 33 13 9 18 20 12 17 25 23 9
"X_80720920_C_G" 18 25 23 18 15 29 27 8 17 15 11 33 20 26 11
"X_80776688_C_T" 13 17 19 17 17 24 16 11 19 18 10 26 20 27 15
"X_82049665_A_C" 11 21 18 16 27 26 17 9 24 16 13 35 28 24 14
"X_82190829_C_A" 11 18 15 18 15 29 15 8 26 7 8 30 22 27 15
"X_83183642_T_G" 9 29 10 15 11 23 18 8 17 22 8 25 16 23 16
"X_83518351_T_G" 10 21 16 14 21 24 20 15 23 14 8 27 12 26 15
"X_83983259_A_T" 5 25 16 22 17 33 23 10 23 20 14 23 20 20 12
"X_84113159_G_T" 17 19 15 14 22 29 16 14 23 27 9 27 21 17 7
"X_84473702_A_G" 12 25 13 20 14 32 16 12 25 24 10 25 28 20 24
"X_84849676_A_C" 11 24 12 23 17 40 31 11 23 29 7 19 14 24 17
"X_85069959_A_C" 10 21 14 17 19 21 22 12 18 18 5 20 13 20 12
"X_85376258_T_C" 11 23 19 24 26 28 19 11 32 34 7 27 15 13 18
"X_85557848_C_G" 6 31 8 16 24 28 26 14 18 8 12 20 21 23 12
"X_8613288_T_C" 12 40 13 24 20 36 14 12 15 15 11 28 19 24 13
"X_8623903_A_C" 6 29 16 22 19 25 15 5 17 21 11 23 19 18 19
"X_86768063_A_G" 15 21 23 16 23 26 17 13 19 21 10 27 17 15 17
"X_86923858_A_C" 15 23 18 15 20 31 16 6 27 25 11 26 21 24 14
"X_87033501_C_T" 9 18 11 11 16 31 16 8 20 18 9 23 13 17 14
"X_87371109_A_G" 14 24 16 21 14 24 11 9 21 23 8 23 19 15 17
"X_87666462_G_T" 13 22 17 17 19 28 21 11 20 23 11 28 17 16 13
"X_88162571_A_G" 6 17 12 16 13 15 18 16 15 11 9 18 15 8 15
"X_88627076_G_T" 6 17 13 12 12 19 11 6 16 16 6 19 21 19 13
"X_89195017_A_C" 6 19 14 19 12 25 19 15 21 18 5 29 25 12 14
"X_89457215_C_A" 12 26 10 7 14 11 8 5 23 11 13 15 13 17 16
"X_90443546_C_G" 20 13 14 13 12 36 6 10 14 19 7 24 13 18 12
"X_90624301_T_C" 11 25 28 20 25 29 22 7 15 20 14 23 27 21 17
"X_90795838_C_T" 5 7 3 5 4 11 5 1 5 5 0 5 6 6 7
"X_91394482_C_A" 14 26 16 11 15 29 23 9 28 14 15 18 14 22 19
"X_91750208_C_A" 9 19 6 10 16 25 12 8 21 11 8 23 14 17 11
"X_92221009_C_G" 9 15 9 16 16 26 17 5 16 12 8 20 19 17 19
"X_92754865_A_G" 12 20 21 23 13 19 27 9 17 27 9 25 21 25 11
"X_92972219_C_T" 9 22 12 21 17 28 21 14 18 22 17 41 20 20 13
"X_93304841_T_G" 13 30 25 27 16 26 10 6 21 19 6 23 18 10 16
"X_93403721_G_T" 7 24 9 13 22 32 17 10 23 19 9 31 16 23 17
"X_94664705_C_G" 22 21 14 28 24 38 23 13 17 22 15 24 18 16 13
"X_94824311_G_T" 10 29 17 14 9 28 30 8 26 14 6 19 16 24 16
"X_95990241_A_T" 13 27 26 25 19 30 24 10 27 21 6 26 28 20 11
"X_96079506_C_A" 15 28 9 17 10 21 13 16 18 19 7 23 16 18 13
"X_96161259_C_T" 13 23 13 13 17 29 15 10 30 9 17 20 23 14 19
"X_96294670_A_G" 17 22 13 23 23 31 14 17 24 12 12 29 19 16 12
"X_96427089_C_A" 13 26 15 18 18 26 13 7 14 24 9 17 19 19 14
"X_96563519_G_A" 12 23 17 15 20 27 20 15 22 16 7 16 19 21 13
"X_98130103_T_A" 12 15 20 20 18 27 23 13 18 20 9 21 14 23 10
"X_98282296_T_G" 12 18 19 21 14 23 21 6 16 15 16 33 17 25 18
"X_98519631_C_A" 13 31 13 15 22 31 18 8 28 20 9 28 20 24 21
"X_98777346_A_C" 10 28 17 19 19 27 17 13 24 20 8 27 15 11 20
"X_98997782_A_G" 14 26 11 16 17 19 19 9 17 30 8 24 28 15 15
