"PD42769a_CD20_1" "PD42769a_CD20_2" "PD42769a_CD20_3" "PD42769a_CD20_8" "PD42769a_lo0049" "PD42769a_lo0051" "PD42769a_lo0052" "PD42769a_lo0056" "PD42769a_lo0057" "PD42769a_lo0058" "PD42769a_lo0061" "PD42769a_lo0062" "PD42769a_lo0063" "PD42769a_lo0073" "PD42769a_lo0074"
"1_100950550_G_A" 0 0 0 0 0 5 0 0 0 0 0 0 0 0 0
"1_102076285_T_C" 0 0 0 0 0 7 8 0 0 0 0 0 0 0 0
"1_102305575_G_T" 3 9 4 8 2 1 3 2 0 1 0 3 0 4 1
"1_102499020_A_G" 0 0 0 0 0 0 0 0 0 0 0 4 0 0 0
"1_104384582_C_G" 0 1 3 0 0 0 0 0 0 0 0 0 0 0 0
"1_104740854_G_T" 0 0 0 0 0 0 0 0 0 6 0 0 0 0 0
"1_105105361_T_C" 0 0 0 0 0 0 0 0 0 7 0 0 0 0 0
"1_105393840_G_C" 0 0 0 0 0 0 0 0 0 3 0 0 0 0 0
"1_105577281_T_A" 0 0 0 0 0 0 0 0 0 0 0 0 0 3 0
"1_106019091_C_T" 0 0 0 0 0 0 0 0 0 0 5 0 0 0 0
"1_106350696_T_G" 0 0 3 0 0 0 0 0 0 0 0 0 0 0 0
"1_107600413_A_G" 0 0 0 0 8 0 0 0 0 0 0 0 0 0 0
"1_109828601_G_T" 0 0 0 0 0 0 0 0 0 0 4 0 0 0 0
"1_111283723_A_C" 0 0 0 0 0 0 2 0 0 0 0 0 0 0 0
"1_112575355_C_T" 0 0 0 0 0 0 0 0 0 0 0 0 0 0 4
"1_112976775_T_G" 0 0 0 0 0 0 0 0 0 0 2 0 0 0 0
"1_114429529_T_G" 0 3 0 0 0 0 0 0 0 0 0 0 0 0 0
"1_114843586_T_A" 0 0 0 1 0 0 0 0 0 0 0 0 0 0 3
"1_116552161_G_C" 0 0 3 0 0 0 0 0 0 0 0 0 0 0 0
"1_116820799_G_T" 0 0 4 0 0 0 0 0 0 0 1 0 0 0 0
"1_119177818_T_C" 0 0 0 0 0 5 0 0 0 0 0 0 0 0 0
"1_119184441_G_A" 0 0 4 0 0 0 0 0 0 0 0 0 0 0 0
"1_119860018_G_A" 0 0 0 0 0 4 6 0 0 0 0 0 0 0 0
"1_121477447_A_T" 0 0 0 0 0 0 2 0 0 0 0 0 0 0 0
"1_14473815_A_C" 0 0 3 0 0 0 0 0 0 0 0 0 0 0 0
"1_14692901_T_C" 0 0 0 0 0 7 3 1 2 0 5 1 8 0 0
"1_147242961_G_T" 4 0 0 0 0 0 0 0 0 0 0 0 0 0 0
"1_149733696_T_C" 0 0 0 0 0 0 3 0 0 0 0 0 0 0 0
"1_14981510_G_T" 0 0 5 0 0 0 0 0 0 0 0 0 0 0 0
"1_150869210_T_C" 0 0 0 0 0 0 0 0 0 0 0 0 0 4 0
"1_150898250_G_A" 0 0 0 0 0 0 0 0 0 0 0 0 0 7 5
"1_151652725_C_T" 0 0 0 0 0 1 1 0 7 0 0 0 0 0 0
"1_152485254_C_A" 0 0 0 0 0 0 0 0 0 0 0 0 0 0 4
"1_1526330_A_T" 0 0 0 0 5 0 0 0 0 0 0 0 0 0 0
"1_155325421_C_A" 0 0 0 0 0 0 0 0 0 0 0 0 4 0 0
"1_156479418_G_A" 1 0 0 0 0 0 0 0 0 0 0 0 5 0 0
"1_157644393_G_C" 0 0 0 0 8 0 0 0 0 0 0 0 0 0 0
"1_15765570_C_A" 0 0 0 0 0 5 0 0 0 0 0 0 0 0 0
"1_158071609_T_C" 0 0 0 0 0 0 0 0 0 0 0 7 0 0 0
"1_158795084_C_G" 0 0 3 0 0 0 0 0 0 0 0 0 0 0 0
"1_159873612_T_G" 0 0 3 0 0 1 0 0 0 0 0 0 0 0 0
"1_16029386_T_A" 0 0 0 5 0 0 0 0 0 0 0 1 0 0 0
"1_161093605_C_T" 0 0 0 0 0 4 0 0 0 0 0 0 0 0 0
"1_161679642_A_G" 0 0 4 0 0 0 0 0 0 0 0 0 0 0 0
"1_163919909_A_T" 0 0 0 0 0 4 0 0 0 0 0 0 0 0 0
"1_164237438_T_A" 0 0 8 0 0 0 0 0 0 0 0 0 0 0 0
"1_165431373_A_T" 0 0 0 0 0 0 0 0 0 0 0 3 0 0 0
"1_165701962_G_T" 0 0 0 0 0 0 0 0 0 0 0 0 4 0 0
"1_165750425_A_T" 0 0 4 0 0 0 0 0 0 0 0 0 0 0 0
"1_166155993_C_T" 0 0 0 0 4 0 0 0 0 0 0 0 0 0 0
"1_169710567_G_C" 0 0 0 0 0 0 0 0 0 5 0 0 0 0 0
"1_170317289_G_C" 0 0 0 0 0 0 0 0 0 0 0 0 3 0 0
"1_170470361_G_A" 0 0 0 0 0 5 1 0 0 0 0 0 0 0 0
"1_170962866_A_C" 0 0 0 0 0 0 0 0 0 0 0 5 0 0 0
"1_174557748_A_C" 0 0 0 0 0 4 4 0 0 0 0 0 0 0 0
"1_175021518_T_A" 0 0 0 0 0 0 0 4 0 0 0 0 0 0 0
"1_175803095_A_T" 0 0 0 0 0 0 0 0 0 5 0 0 0 0 0
"1_175909524_T_C" 0 0 0 0 0 0 0 0 0 0 0 0 6 0 0
"1_175966415_C_A" 0 0 3 0 0 0 0 0 0 0 0 0 0 0 0
"1_176223344_T_C" 0 0 0 0 0 0 0 0 5 0 0 0 0 0 0
"1_177128336_C_G" 0 0 0 0 0 0 0 0 0 0 0 0 0 4 0
"1_181106979_G_T" 0 0 5 0 0 0 0 0 0 0 0 0 0 0 0
"1_181143283_G_T" 0 0 0 0 0 0 0 0 0 4 0 0 0 0 0
"1_181314623_G_T" 0 0 0 0 0 0 0 0 0 0 0 0 0 5 0
"1_181345712_G_A" 0 1 4 0 0 0 0 0 0 0 0 0 0 0 0
"1_18174612_G_A" 0 0 4 0 0 0 0 0 0 0 0 0 0 0 0
"1_181890187_G_A" 0 0 0 0 0 0 0 0 0 5 0 0 0 0 0
"1_183218742_G_T" 0 0 0 0 0 0 0 0 0 0 0 0 0 0 3
"1_183693351_G_A" 0 0 0 0 0 5 0 0 0 0 0 0 0 0 0
"1_18406835_C_T" 0 0 0 1 0 0 0 0 0 8 0 0 1 0 0
"1_185070480_T_C" 0 0 0 0 0 0 0 0 0 8 0 0 0 0 0
"1_185628987_C_T" 0 0 0 0 0 0 0 4 0 0 0 0 0 0 0
"1_186180354_T_G" 0 0 0 0 0 0 0 0 0 0 0 0 2 0 0
"1_187965118_C_T" 0 0 0 0 0 0 0 0 0 0 3 0 0 0 0
"1_188419138_A_G" 0 0 4 0 0 0 0 0 0 0 0 0 0 0 0
"1_188533091_T_C" 0 0 0 0 0 5 0 0 0 0 0 0 0 0 0
"1_189138184_T_A" 0 0 0 0 0 0 0 0 0 0 0 0 5 0 0
"1_189310984_C_T" 0 0 0 0 0 0 0 0 0 0 0 5 0 0 0
"1_189651801_T_G" 0 0 0 0 0 0 0 0 0 2 0 0 0 0 0
"1_189718408_T_G" 0 0 0 0 0 0 0 0 3 0 0 0 0 0 0
"1_190457868_A_C" 0 0 3 0 0 0 0 0 0 0 0 0 0 0 0
"1_190783239_G_C" 0 0 3 0 0 0 0 0 0 0 0 0 0 0 0
"1_191009785_C_T" 0 0 0 0 4 0 0 0 0 0 0 0 0 0 0
"1_191668406_C_T" 0 0 5 0 0 0 0 0 0 0 0 0 0 0 0
"1_192419232_T_G" 0 0 0 0 4 0 0 0 0 0 0 0 0 0 0
"1_192886566_C_T" 0 0 0 0 0 4 2 0 1 0 2 3 4 0 0
"1_193435770_G_A" 0 0 0 0 0 0 0 0 0 4 0 0 0 0 0
"1_194189383_G_T" 0 0 4 0 0 0 0 0 0 0 0 0 0 0 0
"1_194482463_G_C" 0 0 0 0 0 0 0 0 0 0 0 4 0 0 0
"1_195224596_T_A" 0 0 0 0 0 0 3 0 0 0 0 0 0 0 0
"1_195480387_G_A" 0 0 0 0 0 0 0 0 0 0 7 0 0 0 0
"1_196617359_A_T" 0 0 0 0 0 0 0 0 0 3 0 0 0 0 0
"1_197242133_T_G" 1 0 0 0 2 0 0 0 0 0 0 0 0 0 0
"1_198071369_A_T" 0 0 0 0 0 0 0 3 0 0 0 0 0 0 0
"1_199395854_A_G" 0 0 0 0 0 0 0 5 0 0 0 0 0 0 0
"1_199758024_T_G" 0 0 0 0 0 0 0 0 0 9 0 0 0 0 0
"1_200387975_G_T" 0 0 0 0 3 0 0 0 0 0 0 0 0 0 0
"1_201328640_G_A" 0 0 4 0 0 0 0 0 0 0 0 0 0 0 0
"1_20189456_C_T" 0 0 0 0 5 0 0 0 0 0 0 0 0 0 0
"1_202402251_T_A" 0 0 0 0 0 0 0 0 0 0 0 0 4 0 0
"1_202695767_T_G" 0 0 0 0 0 0 0 0 0 7 0 0 0 0 0
"1_203736403_C_T" 3 0 0 0 0 0 0 0 0 0 0 0 0 0 0
"1_206978950_G_T" 0 0 5 0 0 0 0 0 0 0 0 0 0 0 0
"1_207392162_T_A" 0 0 0 0 0 0 0 0 3 0 0 0 0 0 0
"1_208983235_C_G" 0 0 0 0 0 5 2 0 0 0 0 0 0 0 0
"1_208987701_A_C" 0 0 4 0 0 0 0 0 0 0 0 0 0 0 0
"1_209385901_C_G" 0 0 0 0 0 5 0 0 0 0 0 0 0 0 0
"1_209414075_T_G" 0 0 3 0 0 0 0 0 0 0 0 0 0 0 0
"1_20990032_G_A" 0 0 0 0 0 6 0 0 0 0 0 0 0 0 0
"1_21066009_G_C" 0 0 0 0 0 0 0 0 0 0 0 0 6 0 0
"1_211456871_T_G" 0 0 0 0 0 3 3 0 0 0 0 0 0 0 0
"1_212082518_G_A" 0 0 0 0 0 0 0 0 0 0 0 6 0 0 0
"1_212658543_A_C" 0 0 0 0 0 0 0 0 0 0 0 0 0 3 0
"1_213732159_G_A" 0 0 0 0 0 2 4 0 0 0 0 0 1 0 0
"1_214328124_G_T" 0 2 6 0 0 0 0 0 0 0 0 1 0 0 0
"1_214539990_G_T" 0 0 3 0 0 0 0 0 0 0 0 0 0 0 0
"1_214888050_T_C" 0 0 0 0 0 0 0 0 0 0 0 0 0 0 9
"1_215944731_G_A" 0 1 0 0 0 0 0 0 0 2 0 0 7 1 0
"1_216167746_G_T" 0 0 0 0 0 5 0 0 0 0 0 0 0 0 0
"1_216649189_C_T" 0 0 0 0 0 0 0 0 0 3 0 0 0 0 0
"1_217732334_T_G" 0 0 3 0 0 0 0 0 0 0 0 0 0 0 0
"1_218003476_T_A" 0 0 0 0 0 0 0 0 0 0 0 0 0 4 0
"1_218884882_C_T" 0 0 0 0 0 0 0 0 0 5 0 0 0 0 0
"1_22014766_C_G" 0 0 0 0 0 0 0 4 0 0 0 0 0 0 0
"1_221538482_A_T" 0 0 3 0 0 0 0 0 0 0 0 0 0 0 0
"1_222261376_A_C" 0 0 0 0 0 3 0 0 0 0 2 0 0 0 0
"1_222875933_C_T" 0 0 4 0 1 0 0 0 0 0 0 0 0 0 0
"1_224311654_C_A" 0 0 0 0 0 1 0 0 0 0 0 0 0 1 3
"1_224817599_T_G" 0 2 4 0 0 0 0 0 0 0 0 0 0 0 0
"1_225252766_A_C" 0 0 4 0 0 0 0 0 0 0 0 0 0 0 0
"1_226340284_G_C" 0 0 0 0 0 0 0 0 0 0 0 6 0 0 0
"1_226373672_A_T" 0 0 0 0 5 0 0 0 0 0 0 0 0 0 0
"1_226723533_A_C" 2 0 0 0 0 0 0 0 0 0 0 0 0 0 0
"1_227492578_T_G" 0 0 3 0 0 0 0 0 0 0 0 0 0 0 0
"1_227668687_G_A" 0 0 0 0 0 0 0 0 0 6 0 0 0 0 0
"1_227746128_G_A" 0 0 0 0 0 0 0 6 0 0 0 1 0 0 0
"1_228191034_C_T" 0 0 0 0 0 0 0 0 0 5 0 0 0 0 0
"1_228832325_G_T" 0 0 0 0 4 0 0 0 0 0 0 0 0 0 0
"1_23054546_C_A" 0 0 0 0 0 0 0 0 0 0 4 0 0 0 0
"1_231216028_T_G" 0 0 0 0 0 0 0 0 0 0 0 0 0 0 2
"1_231912791_T_G" 0 0 0 0 0 0 0 0 0 3 0 0 0 0 0
"1_232243842_G_A" 0 0 0 0 5 0 0 0 0 0 0 0 0 0 0
"1_232459772_A_C" 0 0 4 0 0 0 0 0 0 0 0 0 0 0 0
"1_234183059_C_A" 0 0 0 0 0 5 4 0 0 0 0 0 0 0 0
"1_235146397_A_C" 0 0 0 0 0 0 2 0 0 0 0 0 1 0 0
"1_235152342_C_A" 0 0 0 0 0 0 0 0 0 0 0 0 6 0 0
"1_236088165_T_G" 0 0 0 2 0 0 0 0 0 0 0 0 0 0 0
"1_23644662_A_T" 0 0 0 0 2 0 0 0 0 0 0 0 0 0 0
"1_23821205_T_A" 0 0 1 0 0 0 0 0 0 3 0 0 0 0 0
"1_239775581_A_C" 0 0 3 0 0 0 0 0 0 0 0 0 0 0 0
"1_240098434_T_C" 0 0 0 0 1 0 0 0 0 4 0 0 0 0 0
"1_240203055_A_C" 0 0 4 0 0 0 0 0 0 0 0 0 0 0 0
"1_240248936_G_A" 0 0 0 0 0 8 0 0 0 0 0 0 0 0 0
"1_242019968_A_T" 0 0 0 0 0 0 3 0 0 0 0 0 0 0 0
"1_242650352_G_A" 0 0 0 0 0 0 0 0 0 6 0 0 0 0 0
"1_243225329_C_A" 0 0 0 0 0 0 0 0 0 5 0 0 0 0 0
"1_243827841_A_C" 0 0 0 0 0 0 0 0 0 0 0 0 0 6 0
"1_244734087_A_C" 0 0 0 0 3 0 0 0 0 0 0 0 0 0 0
"1_245576575_T_G" 0 0 0 0 0 0 0 3 0 0 0 0 0 0 0
"1_248269763_A_G" 0 0 0 0 0 0 0 0 0 0 0 4 0 0 0
"1_248496455_T_C" 0 0 0 0 1 0 0 0 0 0 3 0 0 0 0
"1_25245819_C_T" 0 0 0 0 5 0 0 0 0 0 0 0 0 0 0
"1_29170450_G_T" 0 0 0 0 0 0 0 0 0 0 0 0 0 0 4
"1_29400997_T_G" 0 0 0 0 0 0 0 0 0 4 0 0 0 0 0
"1_3276419_G_C" 0 0 0 0 0 0 0 0 0 8 0 0 0 0 0
"1_33657424_A_C" 0 0 0 0 0 0 0 0 0 0 0 0 2 0 0
"1_34200848_T_C" 0 0 0 0 0 0 0 0 0 3 0 0 0 0 0
"1_34706610_A_G" 0 0 0 0 0 0 0 0 0 5 0 0 0 0 0
"1_35757355_C_T" 0 0 4 0 0 0 0 0 0 0 0 0 0 0 0
"1_36086047_A_C" 0 0 0 0 0 0 2 0 0 0 0 0 0 0 0
"1_39516520_G_T" 0 0 0 0 0 0 0 5 0 0 0 0 0 0 0
"1_4072560_C_A" 0 0 0 0 5 0 0 0 0 0 0 0 0 0 0
"1_42853566_G_C" 0 0 0 0 0 0 0 0 0 0 0 6 0 0 0
"1_4308109_T_A" 0 0 0 0 0 0 0 0 0 7 0 0 0 0 0
"1_43370420_C_G" 0 0 0 0 0 0 0 0 0 0 0 0 0 0 5
"1_44583654_T_C" 0 0 0 0 0 0 0 0 0 0 1 6 0 0 0
"1_45185752_C_T" 0 1 6 0 0 0 0 0 0 0 0 0 0 0 0
"1_45192715_G_T" 0 0 0 0 0 0 0 0 0 0 0 0 0 0 4
"1_45736249_C_A" 0 0 0 0 0 0 0 0 0 0 0 4 0 0 0
"1_46537098_T_G" 0 0 0 0 0 0 0 0 2 0 0 0 0 0 0
"1_47147315_G_T" 0 0 0 0 0 0 0 0 0 0 4 0 0 0 0
"1_47557171_A_G" 0 1 1 2 2 0 3 0 3 6 0 5 7 6 1
"1_48570996_C_A" 0 0 0 0 0 0 0 0 0 0 3 0 0 0 0
"1_48646727_C_T" 0 1 5 0 0 0 0 0 0 0 0 0 0 0 0
"1_5083530_C_T" 0 0 0 0 0 0 0 0 0 0 0 0 0 0 5
"1_5361740_C_T" 0 0 0 0 0 0 0 4 0 0 0 0 0 0 0
"1_53618396_T_G" 0 0 0 0 0 0 0 0 0 0 0 0 0 2 0
"1_5439754_C_T" 0 0 0 0 0 6 0 0 0 0 0 0 0 0 0
"1_54437773_A_T" 0 0 0 0 0 4 0 0 0 0 0 0 0 0 0
"1_55155504_G_A" 0 0 0 0 0 0 0 0 0 6 0 1 0 0 0
"1_55597418_T_G" 0 0 0 0 0 0 0 0 0 0 0 0 3 0 0
"1_56652036_C_A" 0 1 0 0 0 0 0 0 0 5 0 0 0 0 0
"1_5750779_G_A" 0 0 0 0 5 0 0 0 0 0 0 0 0 0 0
"1_58252325_A_G" 0 0 4 0 0 0 0 0 0 0 0 0 0 0 0
"1_58381599_G_T" 0 0 0 0 4 0 0 0 0 0 0 0 0 0 0
"1_59398117_A_T" 0 0 0 0 0 0 4 0 0 0 0 0 0 0 0
"1_59402611_T_C" 0 0 0 0 0 4 0 0 0 0 0 0 0 0 0
"1_62706961_A_C" 2 0 1 0 0 0 0 0 0 0 0 0 0 0 0
"1_63846247_A_G" 0 0 0 0 0 0 0 0 0 6 0 0 0 0 0
"1_64987178_A_T" 0 0 0 0 0 0 0 0 0 0 0 0 0 0 5
"1_67077297_T_G" 0 0 0 0 0 5 0 0 0 0 0 0 0 0 0
"1_67649301_A_G" 0 0 4 0 0 0 0 0 0 0 0 0 0 0 0
"1_69281917_T_G" 0 1 3 0 0 0 0 0 0 0 0 0 0 0 0
"1_69647589_T_G" 0 0 4 0 0 0 0 0 0 0 0 0 0 0 0
"1_69661836_G_A" 0 0 0 0 0 4 0 0 0 0 0 0 0 0 0
"1_70003816_G_C" 0 0 3 0 0 0 0 0 0 0 0 0 0 0 0
"1_70042723_T_G" 0 0 2 0 0 0 0 0 0 0 0 0 0 0 0
"1_71304159_C_A" 0 0 0 0 0 0 0 0 0 0 0 7 0 0 0
"1_72680478_A_T" 0 0 4 0 0 0 0 0 0 0 0 0 0 0 0
"1_72776782_T_C" 0 0 3 0 0 0 0 0 0 0 0 0 0 0 0
"1_72955533_T_G" 0 0 4 0 0 0 0 0 0 0 0 0 0 0 0
"1_7475996_C_G" 0 0 0 0 0 7 0 0 0 0 0 0 0 0 0
"1_78939949_A_G" 0 4 1 0 0 0 0 0 0 0 0 0 0 0 0
"1_80026492_G_A" 0 0 0 0 0 0 0 4 0 0 0 0 0 0 0
"1_80292601_C_T" 0 0 0 0 0 0 5 0 0 0 0 0 0 0 0
"1_80641635_T_G" 0 0 0 0 0 0 0 0 0 0 0 0 0 0 2
"1_80730829_A_C" 0 0 0 0 0 6 0 0 0 0 0 0 0 0 0
"1_80832386_T_C" 0 0 3 0 0 0 0 0 0 0 0 0 0 0 0
"1_80845927_G_T" 0 0 0 0 0 0 0 0 0 4 0 0 0 0 0
"1_83813474_A_T" 0 1 3 0 0 0 0 0 0 0 0 0 0 0 0
"1_85089586_T_A" 0 0 0 0 0 0 0 0 0 0 0 3 0 0 0
"1_85174397_C_A" 2 3 1 5 0 0 0 0 0 0 0 0 0 3 0
"1_85394858_T_C" 0 0 0 0 0 0 0 4 0 0 0 0 0 0 0
"1_86099402_G_A" 0 0 0 0 0 0 0 0 0 0 0 5 0 0 0
"1_86532045_C_T" 0 0 0 0 0 4 4 0 1 0 3 0 6 0 0
"1_87033685_G_A" 0 0 0 0 0 0 0 0 0 0 0 6 0 0 0
"1_92347034_G_C" 0 0 0 0 0 0 0 0 0 6 0 0 0 0 0
"1_92437919_C_T" 0 0 0 0 0 5 3 0 0 0 0 0 0 0 0
"1_9530045_C_A" 0 0 0 0 0 0 0 4 0 0 0 0 0 0 0
"1_96408074_C_G" 0 0 0 0 6 0 0 0 0 0 0 0 0 0 0
"1_98460223_A_C" 0 0 0 0 0 0 0 0 0 0 0 0 0 0 4
"1_99169815_A_C" 0 0 5 0 0 0 0 0 0 0 0 0 0 0 0
"10_10167871_C_T" 0 0 0 0 0 0 0 0 0 5 0 0 0 0 0
"10_102057213_C_A" 0 0 0 0 0 2 6 0 0 0 0 0 0 0 0
"10_10306679_A_C" 0 2 4 0 0 0 0 0 0 0 0 0 0 0 0
"10_105448218_G_C" 0 0 0 0 0 0 0 0 0 0 0 3 0 0 0
"10_106329571_A_G" 0 0 0 0 0 0 0 0 0 0 5 0 0 0 0
"10_10903480_G_T" 0 0 4 0 0 0 0 0 0 1 0 0 0 0 0
"10_109112751_G_T" 0 0 0 0 0 0 0 0 0 5 0 0 0 0 0
"10_109880024_T_A" 0 0 0 0 0 0 0 0 0 0 0 3 0 0 0
"10_111441720_T_C" 0 0 0 0 0 0 0 5 0 0 0 1 0 0 0
"10_11313225_T_G" 0 0 0 0 0 5 0 0 0 0 0 0 0 0 0
"10_113595767_C_A" 4 0 0 0 0 0 0 0 0 0 0 0 0 0 0
"10_114519026_T_G" 0 0 3 0 0 0 0 0 0 0 0 0 0 0 0
"10_11455791_T_G" 0 0 0 0 6 0 0 0 0 0 0 0 0 0 0
"10_11466005_T_C" 0 0 0 0 0 5 0 0 0 0 0 0 0 0 0
"10_114969916_C_T" 0 0 0 0 0 3 0 0 0 0 0 0 0 0 0
"10_115848630_G_A" 0 0 0 1 0 0 0 3 0 0 0 0 0 0 0
"10_11801263_G_T" 0 0 0 0 0 0 0 0 0 0 0 0 0 2 0
"10_118535598_C_T" 0 0 0 0 0 0 0 3 0 0 0 0 0 0 0
"10_120274345_A_G" 0 0 0 0 5 0 0 0 0 0 0 0 0 0 0
"10_122241854_C_A" 4 1 0 0 0 0 0 0 0 0 0 1 0 0 0
"10_122568663_C_G" 0 0 0 0 3 0 0 0 0 0 0 0 0 0 0
"10_122853627_T_G" 0 0 1 0 0 0 0 0 0 0 0 0 0 0 3
"10_123369340_A_C" 3 0 0 0 0 0 0 0 0 0 0 0 0 0 0
"10_123381295_C_T" 0 0 0 0 0 0 0 0 0 0 0 0 4 0 1
"10_124598354_T_A" 0 0 0 0 0 0 0 0 0 0 0 0 0 6 1
"10_125548118_C_A" 0 0 0 0 0 0 0 0 0 0 0 4 0 0 0
"10_127006471_T_A" 0 0 0 0 3 0 0 0 0 0 0 0 0 0 0
"10_128426754_G_T" 0 0 0 0 0 0 0 0 0 0 0 4 0 0 0
"10_129099154_A_G" 0 0 0 0 0 0 0 0 0 5 0 0 0 0 0
"10_130469503_C_G" 0 0 4 0 0 0 0 0 0 0 0 0 0 0 0
"10_130497297_A_G" 0 0 0 0 4 0 0 0 0 0 0 0 0 0 0
"10_132819989_T_G" 2 0 0 0 0 0 0 0 0 0 0 0 0 0 0
"10_133168017_G_A" 0 0 0 0 0 7 3 0 0 0 0 0 0 0 0
"10_133230863_C_A" 0 0 4 0 0 0 0 0 0 0 0 1 0 0 0
"10_133657009_C_T" 0 0 0 0 0 0 0 0 0 0 0 5 0 0 0
"10_133851425_T_G" 0 0 0 0 0 0 0 0 0 0 0 0 0 0 2
"10_13605301_A_G" 0 0 0 0 0 0 0 0 0 4 0 0 0 0 0
"10_1590233_C_A" 0 0 0 0 0 4 0 0 0 0 0 0 0 0 0
"10_16177818_T_G" 0 0 5 0 0 0 0 0 0 0 0 0 0 0 0
"10_16311818_C_G" 0 0 0 0 0 7 0 0 0 0 0 0 0 0 0
"10_20031792_A_C" 0 0 0 0 0 3 0 0 0 0 1 0 0 0 0
"10_20385323_A_C" 0 0 0 0 0 0 0 0 0 3 0 0 0 0 0
"10_21201246_G_A" 0 0 0 0 0 0 0 0 0 0 0 0 4 0 0
"10_22080174_T_C" 0 0 0 0 0 5 0 0 0 0 0 0 0 0 0
"10_23043781_G_A" 0 0 0 0 6 0 0 0 0 0 0 0 0 0 0
"10_23064566_G_C" 0 0 0 0 0 5 0 0 0 0 0 0 0 0 0
"10_23891868_C_T" 0 0 0 0 0 0 0 0 0 0 0 4 0 0 0
"10_24439521_A_T" 0 0 4 0 0 0 0 0 0 0 0 0 0 0 0
"10_2454587_T_G" 0 0 4 0 0 0 0 0 0 0 0 0 0 0 0
"10_24685764_G_T" 0 0 0 0 0 0 0 4 0 0 0 0 0 0 0
"10_25222049_C_T" 0 0 0 0 0 0 0 0 0 5 0 0 0 0 0
"10_2697801_G_T" 0 0 0 0 0 5 2 0 0 0 0 0 0 0 0
"10_27720721_T_C" 0 0 2 0 0 0 0 0 0 0 0 0 0 0 0
"10_28292984_T_G" 2 0 0 0 0 0 0 0 0 0 0 0 0 0 0
"10_31231670_A_T" 0 0 0 0 0 0 0 0 0 9 0 0 0 0 0
"10_31471878_T_C" 0 0 0 0 0 0 0 0 0 4 0 0 0 0 0
"10_3316588_G_C" 0 0 0 0 0 0 0 0 0 6 0 0 0 0 0
"10_33413499_A_T" 0 1 3 0 1 6 0 2 0 0 0 0 0 0 0
"10_33769748_C_A" 0 0 0 0 0 0 0 3 0 0 0 0 0 0 0
"10_34632053_T_A" 0 0 0 0 0 0 0 0 0 3 0 0 0 0 0
"10_34938123_A_C" 0 0 2 0 0 0 0 0 0 0 0 0 0 0 0
"10_36093277_G_C" 0 0 0 0 0 0 0 0 0 3 0 0 0 0 0
"10_36642262_A_C" 0 1 3 0 0 0 0 0 0 0 0 0 0 0 0
"10_36739725_A_T" 0 0 0 0 0 2 0 0 0 0 0 0 0 0 0
"10_37255742_C_G" 0 0 0 0 0 5 0 0 0 0 0 0 0 0 0
"10_43392525_G_A" 0 0 0 0 0 0 0 0 0 0 0 4 0 0 0
"10_43758148_C_T" 0 0 4 0 0 0 0 0 1 0 0 0 0 0 0
"10_43908285_G_T" 0 0 0 0 0 0 0 0 0 0 4 0 0 0 0
"10_44763690_C_T" 0 0 0 0 0 8 3 0 0 0 4 0 3 0 0
"10_44826791_T_G" 0 0 3 0 0 0 0 0 0 0 0 0 0 0 0
"10_45638209_G_A" 0 0 0 0 0 0 0 0 0 0 5 0 0 0 0
"10_49757204_T_A" 0 0 0 0 0 0 0 0 0 0 0 0 4 0 0
"10_50754185_C_G" 0 0 0 0 0 0 0 4 0 0 0 0 0 0 0
"10_50787467_G_A" 0 0 0 0 0 0 0 0 0 5 0 0 0 0 0
"10_50851975_G_T" 0 0 0 0 0 5 1 0 0 0 0 0 0 0 0
"10_51548393_A_C" 0 0 4 0 0 0 0 0 0 0 0 0 0 0 0
"10_52065121_A_G" 0 0 0 0 0 0 0 0 0 0 5 0 0 0 0
"10_53161982_T_G" 0 0 0 0 0 0 0 0 0 3 0 0 0 0 0
"10_53954994_T_G" 0 1 0 0 0 0 0 0 0 0 0 0 3 2 0
"10_54196735_A_C" 0 0 4 0 0 0 0 0 0 0 0 0 0 0 0
"10_54353180_A_C" 0 0 4 0 0 0 0 0 0 0 0 0 0 0 0
"10_55243605_A_C" 0 0 4 0 0 0 0 0 0 0 0 0 0 0 0
"10_55245965_A_C" 0 0 0 0 0 0 0 0 0 0 0 0 0 0 3
"10_56298311_T_G" 0 0 0 0 0 0 0 0 0 0 0 0 0 5 0
"10_56300500_A_T" 0 0 3 0 0 0 0 0 0 0 0 0 0 0 0
"10_56533395_C_T" 0 0 0 0 4 0 0 0 0 0 0 0 0 0 0
"10_56888422_G_T" 0 0 0 0 0 0 0 0 0 0 0 0 0 4 0
"10_56921863_A_G" 0 0 0 0 0 0 0 0 0 7 0 0 0 0 0
"10_57055090_A_C" 0 0 0 0 0 0 0 0 0 7 0 0 0 0 0
"10_57860084_T_A" 0 0 4 0 0 0 0 0 0 0 0 0 0 0 0
"10_58847113_G_A" 0 0 0 0 0 6 1 0 0 0 0 0 0 0 0
"10_59136625_T_A" 0 0 0 0 0 0 0 0 0 0 4 0 0 0 0
"10_59888322_T_A" 0 0 0 0 0 0 0 0 0 5 0 0 0 0 0
"10_6159648_G_T" 0 0 0 0 0 0 0 4 0 0 0 0 0 0 0
"10_65773291_A_T" 0 0 0 0 0 0 0 3 0 0 0 0 0 0 0
"10_67103811_A_T" 0 0 0 0 3 0 0 0 0 0 0 0 0 0 0
"10_67179243_T_G" 0 0 0 0 0 0 0 0 0 0 0 0 2 0 0
"10_67747155_A_G" 0 0 0 0 0 0 0 0 0 0 0 3 0 0 0
"10_68358035_A_G" 0 0 0 0 0 0 4 0 0 0 0 0 0 0 0
"10_68714508_C_T" 0 0 0 0 9 0 0 0 0 0 0 0 0 0 0
"10_69939062_T_C" 0 0 0 0 0 5 0 0 0 0 0 0 0 0 0
"10_70106921_A_T" 0 0 0 0 0 0 0 0 0 0 0 0 0 4 0
"10_70597191_A_C" 0 0 0 2 0 0 0 0 0 0 0 0 0 0 0
"10_70660743_C_A" 0 0 0 0 0 0 0 0 0 0 0 0 0 4 0
"10_71349355_G_C" 0 0 0 0 0 0 0 0 0 0 3 0 0 0 0
"10_71357659_A_G" 0 0 0 0 4 0 0 0 0 0 0 0 0 0 0
"10_71505445_T_G" 0 0 6 0 0 0 0 0 0 0 0 0 0 0 0
"10_72152304_A_C" 0 0 0 0 0 0 0 3 0 0 0 0 0 0 0
"10_72755652_C_G" 0 0 4 0 0 0 0 0 0 0 0 0 0 0 0
"10_73886919_T_G" 0 0 0 0 0 0 0 0 0 0 0 0 0 0 5
"10_74136241_A_T" 0 0 0 0 0 0 0 0 0 0 1 9 0 0 0
"10_74243887_G_T" 0 1 0 0 0 0 4 0 0 0 0 0 0 0 0
"10_76232792_G_T" 0 0 3 0 0 0 0 0 0 0 0 0 0 0 0
"10_76502580_A_G" 0 0 0 0 0 0 0 0 0 7 0 0 0 0 0
"10_76562073_C_G" 0 0 0 0 0 4 0 0 0 0 0 0 0 0 0
"10_78740996_T_A" 0 0 1 0 0 0 0 1 3 0 0 0 0 0 0
"10_787816_T_A" 0 0 0 0 0 2 3 0 0 0 0 0 0 0 0
"10_78895210_C_T" 0 0 0 0 0 0 0 0 0 8 0 0 0 0 0
"10_81261485_A_C" 0 0 4 0 0 0 0 0 0 0 0 0 0 0 0
"10_81686182_T_G" 0 0 0 0 0 0 0 0 0 0 0 0 0 0 3
"10_81779646_A_C" 0 0 1 0 0 0 0 0 0 4 0 0 0 0 0
"10_82428141_G_A" 0 0 4 0 0 0 0 0 0 0 0 0 0 0 0
"10_83342643_G_A" 0 0 0 0 0 0 0 0 0 9 0 0 0 0 0
"10_83951153_A_T" 0 0 3 0 0 0 0 0 0 0 0 0 0 0 0
"10_85246556_C_A" 0 0 0 0 4 1 0 0 0 0 0 0 0 0 0
"10_85269416_A_G" 0 0 0 0 0 0 5 0 0 0 0 0 0 0 0
"10_86888695_C_G" 0 0 4 0 0 0 0 0 0 0 0 0 0 0 0
"10_87761899_A_C" 0 0 4 0 0 0 0 0 0 0 0 0 0 0 0
"10_89422824_A_C" 1 0 0 0 0 0 0 0 0 2 0 0 0 0 0
"10_89665915_A_C" 2 0 0 0 0 0 0 0 0 0 0 0 0 0 0
"10_8983824_T_G" 0 0 3 0 0 0 0 0 0 0 0 0 0 0 0
"10_90891251_T_A" 0 0 0 0 0 0 0 0 0 0 3 0 0 0 0
"10_92339721_G_T" 0 0 3 0 0 0 0 0 0 0 0 0 0 0 0
"10_93136064_G_A" 0 0 0 0 0 9 5 0 0 0 4 2 5 0 0
"10_93649734_T_G" 0 0 0 0 2 0 0 0 0 0 0 0 0 0 0
"10_93931448_T_A" 0 0 0 0 0 4 0 0 0 0 0 0 0 0 0
"10_9783643_G_T" 0 1 4 0 0 0 0 0 0 0 0 0 0 0 0
"11_101085620_C_T" 0 0 0 0 0 0 0 0 0 0 0 0 3 0 0
"11_101121254_C_T" 0 0 0 0 0 0 0 0 0 4 0 0 0 0 0
"11_101988062_G_A" 0 0 0 0 6 4 1 0 1 0 1 7 0 0 0
"11_102857615_A_C" 0 0 0 0 0 2 0 0 0 0 0 0 0 0 0
"11_104145085_A_G" 0 0 0 0 0 0 0 0 0 0 0 0 0 0 5
"11_105814384_T_G" 0 0 5 0 0 0 0 0 0 0 0 0 0 0 0
"11_1074630_G_A" 0 0 0 0 0 0 0 0 0 0 4 0 0 0 0
"11_10774838_A_C" 0 0 0 0 0 0 0 0 0 8 0 0 0 0 0
"11_108966259_G_A" 0 0 0 0 0 5 0 0 0 0 0 0 0 0 0
"11_110881279_A_G" 0 0 0 0 0 0 0 0 0 5 0 0 0 0 0
"11_112076325_G_A" 0 0 0 0 0 5 4 0 0 0 1 0 3 0 0
"11_112210439_A_G" 0 0 0 0 0 0 0 4 0 3 0 0 0 0 0
"11_113172530_T_C" 3 4 2 5 1 3 0 5 8 2 0 0 0 1 4
"11_113376852_G_A" 0 0 4 0 0 0 0 0 0 0 0 0 0 0 0
"11_113638696_A_C" 0 0 0 0 0 0 0 0 0 4 0 0 0 0 0
"11_113666764_T_A" 0 3 0 0 0 0 0 0 0 0 0 0 0 0 1
"11_113924432_G_A" 0 0 0 0 0 0 0 0 4 0 0 0 0 0 0
"11_114161662_C_G" 0 0 0 0 0 0 0 0 0 0 4 0 0 0 0
"11_115913402_A_C" 0 2 4 0 0 0 0 0 0 0 0 0 0 0 0
"11_116283151_C_G" 0 0 0 0 0 5 0 0 0 0 0 0 0 0 0
"11_116489708_G_A" 0 0 0 0 0 0 0 0 0 0 3 0 10 0 0
"11_118927747_T_G" 0 0 0 0 0 0 0 0 0 0 0 0 0 0 3
"11_119047811_G_C" 0 0 0 0 0 0 0 0 4 0 0 0 0 0 0
"11_1215868_G_A" 0 0 0 0 0 6 6 0 0 0 0 0 0 0 0
"11_122710905_A_G" 0 0 0 0 0 0 0 0 0 0 0 0 0 7 2
"11_122856739_C_A" 0 0 0 0 0 0 0 3 0 0 0 0 0 0 0
"11_123630828_G_C" 0 0 0 0 0 0 0 0 2 0 0 0 0 0 0
"11_123803359_G_T" 0 0 5 0 0 0 0 0 0 0 0 0 0 0 0
"11_124418311_C_A" 0 0 0 0 0 0 0 0 0 0 3 1 0 0 0
"11_125117233_T_G" 0 0 2 0 0 0 0 0 0 0 0 0 0 0 0
"11_126178510_A_T" 0 0 0 0 0 0 0 0 0 4 0 0 0 0 0
"11_126362_C_T" 0 0 0 0 0 0 0 0 0 3 0 0 0 0 0
"11_126659734_G_A" 0 0 0 0 0 0 0 0 0 0 6 0 0 0 0
"11_127044554_T_G" 0 0 5 0 0 0 0 0 0 0 0 0 0 0 0
"11_12718438_G_C" 0 0 0 0 0 0 0 0 0 3 0 0 0 0 0
"11_129702121_C_A" 0 0 0 0 0 0 0 0 0 0 4 0 0 0 0
"11_129834045_G_C" 0 0 0 0 0 4 0 0 0 0 0 0 0 0 0
"11_130094158_T_C" 0 0 0 0 5 0 0 0 0 0 0 0 0 0 0
"11_131596652_G_T" 0 0 0 0 0 0 0 0 0 4 0 0 0 0 0
"11_131618178_C_T" 0 0 0 0 4 0 0 0 0 0 0 0 0 0 0
"11_132106511_G_T" 0 0 6 0 0 0 0 0 0 0 0 0 0 0 0
"11_132242644_T_A" 0 0 5 0 0 0 0 0 0 0 0 0 0 0 0
"11_134732842_A_T" 0 0 0 0 0 0 0 0 0 0 0 0 0 3 0
"11_14502194_T_G" 0 0 0 0 0 2 0 0 0 0 0 0 0 0 0
"11_15399520_G_A" 0 0 0 0 0 0 0 0 0 0 0 4 0 0 0
"11_15475935_A_T" 0 0 0 0 5 0 0 0 0 0 0 0 0 0 0
"11_15835239_A_C" 0 1 5 0 0 0 0 0 0 0 0 0 0 0 0
"11_1607655_G_A" 0 0 0 0 0 0 0 0 0 0 0 0 0 0 4
"11_16138327_A_C" 0 0 0 0 0 0 0 0 0 0 0 0 0 0 4
"11_19221229_T_C" 0 0 0 0 0 0 0 0 0 6 0 0 0 0 0
"11_21459655_C_A" 0 0 0 0 0 0 0 0 0 0 0 0 0 4 0
"11_22192769_G_A" 0 0 0 0 0 0 0 0 7 0 0 0 0 0 0
"11_22333383_G_T" 0 0 0 0 0 0 0 4 0 0 0 0 0 0 0
"11_22392444_C_T" 0 0 0 0 0 6 0 0 0 0 0 0 0 0 0
"11_23163798_T_C" 0 0 0 0 0 0 0 0 0 6 0 0 0 0 0
"11_23225822_G_C" 0 0 0 0 0 5 0 0 0 0 0 0 0 0 0
"11_24296977_T_C" 0 0 0 0 0 0 0 0 0 0 0 3 0 0 0
"11_24760758_G_C" 0 0 3 0 0 0 0 0 0 0 0 0 0 0 0
"11_2482401_C_T" 0 0 1 0 0 0 0 0 0 0 0 0 0 0 4
"11_2514216_G_A" 0 0 6 0 0 0 0 0 0 0 0 0 0 0 0
"11_28954720_C_T" 0 0 0 0 0 0 0 0 0 4 0 0 0 0 0
"11_29173419_A_C" 0 0 3 0 0 0 0 0 0 0 0 0 0 0 0
"11_29588048_T_A" 0 0 5 0 0 0 0 0 0 0 0 0 0 0 0
"11_29739160_T_A" 0 0 0 0 0 0 0 0 0 0 3 0 0 0 0
"11_30951098_T_C" 0 0 0 0 0 5 0 0 0 0 0 0 0 0 0
"11_31510734_G_A" 0 0 0 0 0 4 0 0 0 1 0 0 0 0 0
"11_32546395_C_A" 0 0 0 0 0 0 0 0 0 4 0 0 0 0 0
"11_35648097_T_C" 0 0 0 0 0 0 0 0 0 5 0 0 0 0 0
"11_36258003_T_G" 0 2 0 0 0 0 0 0 0 0 0 0 0 0 0
"11_37736611_C_G" 0 0 0 0 0 0 0 0 0 0 0 0 0 0 4
"11_38044750_T_A" 0 0 1 0 0 0 0 0 0 3 0 0 0 0 0
"11_38961993_G_A" 0 0 0 0 0 5 2 0 0 0 0 0 0 0 0
"11_39463510_T_G" 0 1 3 0 0 0 0 0 0 0 0 0 0 0 0
"11_39560241_A_T" 0 0 0 0 0 0 0 0 0 0 3 0 0 0 0
"11_39942994_A_G" 0 0 0 0 0 0 0 0 0 0 0 0 0 3 0
"11_40293940_A_C" 0 0 5 0 0 0 0 0 0 0 0 0 0 0 0
"11_40848980_A_G" 0 0 4 0 0 0 0 0 0 0 0 0 0 0 0
"11_41638517_A_C" 0 0 0 0 5 0 0 0 0 0 0 0 0 0 0
"11_42349114_T_C" 0 0 0 0 0 0 4 0 0 0 0 0 0 0 0
"11_42491569_C_G" 0 0 0 0 3 0 0 0 0 0 0 0 0 0 0
"11_43290989_A_T" 0 0 0 0 0 0 0 4 0 0 0 0 0 0 0
"11_45621991_A_T" 0 0 0 0 0 4 0 0 0 0 0 0 0 0 0
"11_47189729_G_C" 0 0 0 0 0 0 0 0 0 0 0 0 0 4 0
"11_48639023_G_C" 0 0 0 0 0 0 0 0 0 4 0 0 0 0 0
"11_49128355_A_C" 0 0 0 0 0 0 2 0 0 0 0 0 0 0 0
"11_49545622_G_A" 0 0 0 0 0 0 0 0 0 5 0 0 0 0 0
"11_49905030_T_G" 0 0 0 0 0 0 2 1 0 0 0 0 0 0 0
"11_50027686_G_A" 0 0 0 0 0 5 0 0 0 0 0 1 0 0 0
"11_51375571_A_C" 0 0 0 0 0 0 0 3 0 0 0 0 0 0 0
"11_57442015_T_G" 0 0 0 0 0 0 2 0 0 0 0 0 0 0 0
"11_5850960_C_G" 0 0 2 0 0 0 0 0 0 0 0 0 0 0 0
"11_58878153_G_A" 0 0 0 0 0 0 0 0 0 0 0 0 0 4 0
"11_59128126_C_G" 0 0 0 0 0 0 0 0 0 0 0 0 0 0 3
"11_59167678_G_T" 0 0 0 1 0 4 0 0 0 0 0 0 0 0 0
"11_59317035_G_T" 0 0 0 0 0 0 0 0 0 0 0 4 0 0 0
"11_59359647_C_G" 0 0 0 0 0 0 0 0 0 0 0 7 0 0 0
"11_59359649_G_T" 0 0 0 0 0 0 0 0 0 0 0 7 0 0 0
"11_59482294_A_G" 0 0 0 0 0 4 5 0 0 0 0 0 0 0 0
"11_6068100_T_G" 0 0 0 0 0 0 0 0 0 2 0 0 0 0 0
"11_60707383_C_A" 0 0 0 0 6 0 0 0 0 0 0 0 0 0 0
"11_61795184_C_G" 0 0 0 0 0 0 0 0 3 0 0 0 0 0 0
"11_61881272_G_A" 0 0 0 0 0 0 0 0 0 4 0 0 0 0 0
"11_6280997_G_C" 0 0 0 0 0 0 0 0 0 0 0 0 5 0 0
"11_62877994_A_T" 0 0 0 1 0 0 0 0 0 0 0 0 0 2 0
"11_62878156_T_C" 0 0 0 1 0 0 0 0 0 0 0 0 0 2 0
"11_63114047_T_A" 0 0 0 0 0 0 0 0 0 0 3 0 0 0 0
"11_63667461_C_G" 0 0 0 0 4 0 0 0 0 0 0 0 0 0 0
"11_64531225_A_C" 0 0 0 0 0 0 0 0 0 0 0 0 0 3 0
"11_64645528_G_A" 0 4 4 0 0 0 0 0 0 0 0 0 0 0 0
"11_64772281_C_A" 1 0 0 4 0 0 0 0 0 0 0 0 0 0 0
"11_64837213_A_C" 0 0 0 0 0 0 0 0 0 0 0 4 0 0 0
"11_64986784_A_C" 0 0 0 0 0 0 2 0 0 0 0 0 0 0 0
"11_67149690_T_G" 0 0 0 0 0 3 0 0 0 0 0 0 0 0 0
"11_67730028_A_G" 0 0 0 0 0 0 0 0 0 0 4 0 0 0 0
"11_67945060_T_A" 0 0 0 0 0 0 0 0 0 5 0 0 0 0 0
"11_68467218_T_A" 0 0 0 0 3 0 0 0 0 0 0 0 0 0 1
"11_70172786_G_T" 0 0 0 0 0 0 0 0 0 0 4 0 0 0 0
"11_7018800_T_C" 0 0 0 0 0 0 0 0 0 5 0 0 0 0 0
"11_7146014_G_T" 6 4 7 4 0 0 0 0 0 3 0 0 0 4 2
"11_77587312_G_A" 0 0 0 0 0 0 0 0 0 0 0 4 0 0 0
"11_77954507_C_A" 4 0 0 0 0 0 0 0 0 0 0 1 0 0 0
"11_79566266_G_C" 0 0 0 0 0 0 0 0 0 0 3 0 0 0 0
"11_79573983_C_T" 0 0 0 0 0 0 0 0 0 0 0 0 0 8 1
"11_80257256_A_T" 0 1 4 0 0 0 0 0 0 0 0 0 0 0 0
"11_80333456_G_T" 0 0 0 0 0 0 0 0 0 0 0 6 0 0 0
"11_81634920_T_C" 0 0 4 0 0 0 0 0 0 0 0 0 0 0 0
"11_81891391_A_T" 3 0 0 0 0 0 0 0 0 0 0 0 0 0 0
"11_82521824_T_G" 0 0 0 0 0 0 3 0 0 0 0 0 0 0 0
"11_8296444_T_A" 0 0 0 0 0 0 0 0 0 3 0 0 0 0 0
"11_8520523_C_A" 0 0 0 0 0 0 0 0 0 6 0 0 0 0 0
"11_85559380_T_A" 0 0 0 0 0 0 0 0 0 3 0 0 0 0 0
"11_85780226_C_G" 0 0 0 0 0 0 0 0 0 0 0 0 0 3 0
"11_85950917_C_A" 0 0 0 0 0 0 0 0 0 5 0 0 0 0 0
"11_85955563_G_A" 0 0 0 0 10 0 0 0 0 0 0 0 0 0 0
"11_86232756_C_A" 2 7 1 2 0 1 2 1 0 0 1 0 0 7 4
"11_86268668_C_T" 0 0 0 0 0 10 2 0 0 0 2 1 6 0 0
"11_86500549_T_G" 0 0 0 0 0 2 0 0 0 0 0 0 0 0 0
"11_86593775_G_C" 0 0 0 0 0 0 0 0 0 0 0 4 0 0 0
"11_88527293_T_C" 0 0 0 0 0 0 0 0 0 0 0 4 0 0 0
"11_89048436_T_A" 0 0 2 0 0 0 0 0 0 0 0 0 0 0 0
"11_90261813_G_T" 0 0 0 0 0 0 0 0 0 0 0 6 0 0 0
"11_91397111_G_C" 0 0 0 0 0 0 0 0 0 3 0 0 0 0 0
"11_92288037_C_A" 0 0 5 0 0 0 0 0 0 0 0 0 1 0 0
"11_92385577_A_C" 0 0 0 0 0 0 0 3 0 0 0 0 0 0 0
"11_92551674_C_G" 0 0 0 0 0 0 0 0 3 0 1 0 0 0 0
"11_92669679_G_T" 0 0 0 0 0 0 0 0 0 0 0 4 0 0 0
"11_9297754_G_T" 0 0 0 0 0 0 0 2 0 0 0 0 0 0 0
"11_93127251_G_T" 0 0 0 0 4 0 0 0 0 0 0 0 0 0 0
"11_93206722_C_T" 0 0 0 0 0 3 2 0 0 0 0 0 0 0 0
"11_9332110_A_C" 0 0 0 0 0 0 0 0 0 3 0 0 0 0 0
"11_95302829_T_A" 0 0 0 0 0 0 0 0 0 0 0 7 0 0 0
"11_97135040_T_G" 0 0 0 0 0 4 0 0 0 0 0 0 0 0 0
"11_97185229_A_T" 0 0 0 0 0 0 0 0 0 0 0 0 0 3 0
"11_97204284_G_C" 0 0 0 0 2 4 2 0 0 0 2 6 0 0 0
"11_97628359_G_A" 0 0 0 0 0 0 0 0 0 5 0 0 0 0 0
"11_97964614_G_A" 0 0 0 0 0 0 0 0 0 0 4 0 0 0 0
"11_98703379_G_A" 0 0 0 0 0 0 0 0 0 4 0 0 0 0 0
"11_98712088_T_A" 0 0 0 0 0 0 0 0 0 5 0 0 0 0 0
"11_99286550_A_C" 0 0 0 0 0 0 0 0 0 0 0 0 5 0 0
"11_99337901_A_C" 0 0 6 0 0 0 0 0 0 0 0 0 0 0 0
"12_100156922_G_A" 0 0 0 0 0 0 0 0 0 0 4 0 0 0 0
"12_10227485_T_G" 0 0 0 0 0 0 0 0 0 0 0 0 3 0 0
"12_102342612_C_A" 0 0 5 0 0 0 0 0 0 0 0 0 0 0 0
"12_102702352_T_C" 0 0 0 0 5 0 0 0 0 0 0 0 0 0 0
"12_103265568_C_T" 0 0 0 0 0 0 0 0 0 0 0 0 0 6 1
"12_105226848_G_T" 0 0 0 0 0 0 0 0 0 4 0 1 0 0 0
"12_105330396_A_C" 0 0 0 0 0 0 0 0 0 0 2 0 0 0 0
"12_107329070_T_C" 0 0 0 0 3 0 0 0 0 0 0 0 0 0 0
"12_107561469_G_C" 0 0 0 0 0 0 0 0 0 0 0 4 0 0 0
"12_108621750_G_C" 0 0 0 0 0 0 0 3 0 0 0 0 0 0 0
"12_109850039_T_C" 0 0 0 0 0 0 0 0 0 0 4 0 0 0 0
"12_11301120_C_T" 0 1 0 0 0 0 0 0 0 2 0 0 0 0 0
"12_114735871_C_T" 0 0 0 0 0 6 0 0 0 0 0 0 0 0 0
"12_114796894_A_C" 0 0 3 0 0 0 0 0 0 0 0 0 0 0 0
"12_115033919_A_C" 0 0 0 0 0 6 0 0 0 0 0 0 0 0 0
"12_115043139_T_G" 0 1 5 0 0 0 1 0 0 0 0 0 0 0 0
"12_115456366_A_C" 0 0 4 0 0 0 0 0 0 0 0 0 0 0 0
"12_115568973_C_T" 0 0 0 0 0 0 0 0 0 0 0 0 5 0 0
"12_116103776_A_C" 0 0 1 0 0 0 0 0 0 3 0 0 0 0 0
"12_116285540_C_G" 0 0 0 0 0 0 0 0 0 0 3 0 0 0 0
"12_116320589_T_A" 0 0 0 0 0 0 0 0 0 0 0 0 4 0 0
"12_116347817_C_T" 0 0 0 0 0 6 1 0 0 0 0 0 0 0 0
"12_116362294_G_T" 0 0 0 0 0 0 0 0 0 0 4 0 0 0 0
"12_117343727_T_A" 2 0 0 0 0 3 0 0 0 0 0 0 0 0 0
"12_120830258_G_T" 0 0 0 0 0 0 0 0 0 7 0 0 0 0 0
"12_120951670_T_G" 0 0 0 0 0 3 12 0 2 1 3 0 3 0 0
"12_120953138_C_T" 0 0 0 0 0 4 7 0 1 0 2 0 2 0 0
"12_121446309_G_T" 0 0 0 0 0 0 0 0 0 0 0 6 0 0 0
"12_122838737_T_C" 0 0 0 0 0 0 0 0 0 0 0 0 0 5 0
"12_127244547_A_G" 0 0 0 0 0 0 0 0 0 0 0 0 5 0 0
"12_127530375_C_G" 0 0 0 0 0 0 0 0 0 4 0 0 0 0 0
"12_128399062_G_C" 0 0 0 0 0 4 0 0 0 0 0 0 0 0 0
"12_128640129_G_C" 0 0 0 0 0 0 0 0 0 0 5 0 0 0 0
"12_128761252_T_C" 0 0 0 0 0 6 0 0 0 0 0 0 0 0 0
"12_130485936_A_C" 0 0 4 0 0 0 0 0 0 0 0 0 0 0 0
"12_130801148_A_C" 0 0 3 0 0 0 0 0 0 0 0 0 0 0 0
"12_131706679_A_C" 0 0 0 0 0 2 0 0 0 0 0 0 0 0 0
"12_133832771_G_A" 0 0 4 0 0 0 0 0 0 0 0 0 0 0 0
"12_1347341_T_A" 0 2 0 0 0 0 0 0 0 0 0 0 0 0 0
"12_13502173_A_T" 0 0 0 0 0 0 0 0 0 0 5 0 5 0 0
"12_13609777_C_A" 0 0 0 0 0 0 4 0 0 0 0 0 0 0 0
"12_17017864_A_G" 0 0 4 0 0 0 0 0 0 0 0 0 0 0 0
"12_17509597_A_G" 0 0 0 0 0 0 4 0 0 0 0 0 0 0 0
"12_18125134_G_C" 0 0 0 0 0 0 0 0 0 3 0 0 0 0 0
"12_18289578_G_A" 0 0 0 0 0 4 0 0 0 0 0 0 0 0 0
"12_187040_A_C" 0 1 0 3 0 0 0 0 1 0 0 0 0 0 0
"12_19129248_G_A" 0 0 3 0 0 0 0 0 0 0 0 0 0 0 0
"12_19149152_G_T" 0 0 0 0 4 1 0 0 0 0 0 0 0 0 0
"12_19926958_T_G" 0 0 3 0 0 0 0 0 0 0 0 0 0 0 0
"12_204001_C_A" 0 0 5 0 0 0 0 0 0 0 0 0 0 0 0
"12_20904200_C_T" 0 0 0 0 4 0 0 0 0 0 0 0 0 0 0
"12_21753145_C_T" 0 0 0 0 0 0 0 0 0 8 0 0 0 0 0
"12_22398732_G_A" 0 0 0 0 0 0 0 0 1 0 4 0 0 0 0
"12_2385979_T_A" 0 0 0 0 0 0 0 0 0 0 2 0 0 0 0
"12_24698542_T_C" 0 0 0 0 0 0 0 0 0 4 0 0 0 0 0
"12_28109751_G_T" 0 0 0 0 0 0 0 0 0 6 0 0 0 0 0
"12_30522423_A_T" 0 1 3 0 0 0 0 0 0 0 0 0 0 0 0
"12_30712543_T_G" 0 0 0 0 1 0 0 0 0 4 0 0 0 0 0
"12_31588219_C_A" 0 0 0 0 0 0 0 0 0 0 4 0 0 0 0
"12_31992752_A_T" 0 0 0 0 0 4 1 0 0 0 0 0 0 0 0
"12_34323578_C_G" 0 0 3 0 0 0 0 0 0 0 0 0 0 0 0
"12_37858896_T_G" 0 0 3 0 0 0 0 0 0 0 0 0 0 0 0
"12_38765405_G_A" 0 0 0 0 0 6 1 0 0 0 0 0 0 0 0
"12_38808830_G_A" 0 0 0 0 0 0 0 0 0 0 0 5 0 0 0
"12_39605732_G_A" 0 0 0 0 0 0 0 0 0 0 0 0 0 8 0
"12_39686653_T_A" 0 0 0 0 0 0 0 0 1 2 0 0 0 0 0
"12_40847236_C_T" 0 0 0 0 0 0 0 0 0 0 8 0 0 0 0
"12_44877994_G_T" 3 0 0 1 0 0 0 0 0 0 0 0 0 0 0
"12_45575199_A_G" 0 0 0 0 0 0 0 0 0 0 0 4 0 0 0
"12_45886584_G_C" 0 0 3 0 0 0 0 0 0 0 0 0 0 0 0
"12_46383440_T_G" 0 0 0 0 0 0 0 0 0 4 0 0 0 0 0
"12_47051860_C_G" 0 0 0 0 0 0 0 0 0 5 0 0 0 0 0
"12_47739644_A_C" 0 0 1 3 0 0 1 0 0 0 0 0 0 0 0
"12_48407554_G_T" 0 0 0 0 1 0 0 0 0 0 0 0 0 4 0
"12_49212283_T_G" 0 0 0 0 0 0 0 0 2 0 0 0 0 0 0
"12_49573464_G_A" 0 0 0 0 0 0 4 0 0 0 0 0 0 0 0
"12_51796853_A_T" 0 0 0 0 0 0 0 0 1 0 0 0 4 0 0
"12_52356841_A_G" 0 0 0 0 0 0 0 0 0 0 0 0 0 0 4
"12_55109835_G_A" 0 0 0 0 0 0 0 0 0 0 0 0 0 6 0
"12_55140211_T_A" 0 0 0 0 0 0 2 0 0 0 0 0 0 0 0
"12_55711996_G_T" 0 0 0 0 1 1 0 0 0 0 4 0 0 0 0
"12_57355666_T_A" 0 0 0 0 0 4 0 0 0 0 0 0 0 0 0
"12_58616120_T_G" 0 0 5 0 0 0 0 0 0 0 0 0 0 0 0
"12_59013267_A_C" 0 0 4 0 0 0 0 0 0 0 0 0 0 0 0
"12_59298808_G_C" 0 0 0 0 0 0 0 0 0 0 0 0 0 3 0
"12_59811009_C_T" 0 0 0 0 0 0 0 0 0 0 0 0 0 6 0
"12_60230469_T_G" 0 0 4 0 0 0 0 0 0 0 0 0 0 0 0
"12_60327223_T_A" 0 0 0 0 0 0 0 4 0 0 0 0 0 0 0
"12_62084126_A_G" 0 0 5 0 0 0 0 0 0 0 0 0 0 0 0
"12_63502863_A_T" 0 0 0 0 0 0 0 0 0 0 0 0 0 0 4
"12_63616319_G_T" 0 0 0 0 0 0 0 0 0 0 4 0 0 0 0
"12_66618600_C_T" 0 0 0 0 3 1 1 0 1 1 0 9 0 0 0
"12_68043844_A_G" 0 0 0 0 0 0 0 0 0 0 0 0 5 0 0
"12_68407288_T_G" 0 0 0 0 3 0 0 0 0 0 0 0 0 0 0
"12_69325349_C_T" 0 0 0 0 7 0 0 0 0 0 0 0 0 0 0
"12_72788311_C_T" 0 0 0 0 0 0 0 0 0 0 0 2 0 4 0
"12_72942334_T_A" 0 0 0 0 5 0 0 0 0 0 0 0 0 0 0
"12_73408569_G_A" 0 0 0 0 0 0 0 0 0 6 0 0 0 0 0
"12_73840586_A_T" 0 0 6 0 0 0 0 0 0 0 0 0 0 0 0
"12_74038900_G_A" 0 0 0 0 0 0 0 0 0 4 0 0 0 1 0
"12_74091381_A_T" 0 0 0 0 0 0 0 4 0 0 0 0 0 0 0
"12_76273708_A_T" 0 0 0 0 0 0 0 0 0 0 4 0 0 0 0
"12_76482850_T_A" 0 0 0 0 3 0 0 0 0 0 0 0 0 0 0
"12_77650770_T_G" 0 0 4 0 0 0 0 0 0 0 0 0 0 0 0
"12_77741229_G_A" 0 0 5 0 0 0 0 0 0 0 0 0 0 0 0
"12_77905791_G_A" 0 0 4 0 0 0 0 0 0 0 0 0 0 0 0
"12_78320932_C_A" 0 1 5 0 0 0 0 0 0 0 0 0 0 0 0
"12_78627511_G_T" 0 0 3 0 0 0 0 0 0 0 0 0 0 0 0
"12_78656752_G_T" 0 0 0 0 0 0 0 3 0 0 0 0 0 0 0
"12_79631997_T_G" 0 0 6 0 0 0 0 0 0 0 0 0 0 0 0
"12_80563879_G_T" 0 0 0 0 0 0 0 0 0 0 0 0 0 0 3
"12_80638739_T_G" 0 0 0 0 4 0 0 0 0 0 0 0 0 0 0
"12_80990525_A_T" 0 0 0 0 3 0 0 0 0 0 0 0 0 0 0
"12_8123599_G_T" 0 0 0 0 0 0 0 0 0 0 0 0 0 0 3
"12_83405349_T_C" 0 0 4 0 0 0 0 0 0 0 0 0 0 0 0
"12_84450607_T_A" 0 0 0 0 0 0 0 2 0 0 0 0 0 0 0
"12_84471833_A_T" 1 0 3 0 0 0 0 0 0 0 0 0 0 0 0
"12_85292806_C_G" 0 0 0 0 5 0 0 0 0 0 0 0 0 0 0
"12_86279716_C_G" 0 0 0 0 0 0 0 0 0 0 0 4 0 0 0
"12_86819045_C_A" 0 0 0 0 0 0 0 0 0 0 0 0 0 0 4
"12_87724507_C_T" 0 0 0 0 0 6 0 0 0 0 0 0 0 0 0
"12_88067469_C_T" 0 0 0 0 0 0 0 0 0 0 0 6 0 0 0
"12_90289048_G_C" 0 0 0 0 0 0 0 6 0 0 0 0 0 0 0
"12_90435509_T_A" 0 0 0 0 0 6 5 0 0 0 3 1 6 0 0
"12_90439260_C_A" 0 2 0 0 0 5 7 0 0 0 3 0 6 0 0
"12_90445166_G_T" 0 2 0 2 0 7 3 1 1 1 1 0 6 0 0
"12_90683728_G_A" 0 0 0 0 0 5 0 0 0 0 0 0 0 0 0
"12_91535168_A_C" 0 0 4 0 0 0 0 0 0 0 0 0 0 0 0
"12_91917943_T_C" 0 0 0 0 0 0 0 6 0 0 0 0 0 0 0
"12_92261600_A_T" 0 0 5 1 0 0 0 0 0 0 0 0 0 0 0
"12_92850096_C_G" 0 0 4 0 0 0 0 0 0 0 0 0 0 0 0
"12_94807082_A_C" 0 0 0 0 0 0 0 0 0 4 0 0 0 0 0
"12_95518809_A_T" 0 0 0 0 0 0 0 0 0 3 0 0 0 0 0
"12_9598426_C_T" 2 2 2 0 0 3 5 0 1 0 0 0 1 2 0
"12_97330170_G_T" 0 0 1 0 0 0 0 0 0 0 0 4 0 0 0
"12_97589400_G_A" 0 0 0 0 0 0 0 0 0 0 0 0 4 0 0
"12_97858881_G_C" 0 0 3 0 0 0 0 0 0 0 0 0 0 0 0
"12_97960570_C_T" 0 0 0 0 0 0 0 0 0 0 0 0 0 6 0
"12_97972269_T_G" 0 0 3 0 0 0 0 0 0 0 0 0 0 0 0
"12_97994659_A_G" 0 0 0 0 5 0 0 0 0 0 0 0 0 0 0
"12_98335784_A_T" 0 0 0 3 0 0 0 0 0 0 0 0 0 0 1
"12_98818702_C_G" 0 0 0 0 0 9 9 0 0 0 0 0 0 0 0
"12_99307347_G_A" 0 0 0 0 6 0 0 0 0 0 0 0 0 0 0
"13_102051234_T_G" 0 0 4 0 0 0 0 0 0 0 0 0 0 0 0
"13_102182962_T_C" 0 0 0 0 0 0 0 0 0 0 0 5 0 0 0
"13_102959210_C_G" 4 0 0 0 0 0 0 0 0 0 0 0 0 0 0
"13_104138608_G_C" 0 0 3 0 0 0 0 0 0 0 0 0 0 0 0
"13_104379914_G_A" 0 0 0 0 0 0 0 0 0 7 0 0 0 0 0
"13_104899375_T_G" 0 0 3 0 0 0 0 0 0 0 0 0 0 0 0
"13_105015463_T_C" 0 0 3 0 0 0 0 0 0 0 0 0 1 0 0
"13_105248123_A_T" 0 0 3 0 0 0 0 0 0 0 0 0 0 0 0
"13_105574677_C_A" 0 0 0 0 0 0 0 0 0 0 3 0 0 0 0
"13_107729866_G_C" 0 0 0 0 0 0 0 0 0 0 0 0 0 4 0
"13_107848521_A_G" 0 0 4 0 0 0 0 0 0 0 0 0 0 0 0
"13_109137926_C_T" 0 0 0 0 0 0 1 3 0 0 0 0 0 0 0
"13_109401546_C_A" 0 0 0 0 0 0 0 0 0 0 0 0 0 0 7
"13_110743625_G_A" 0 0 0 0 0 5 2 0 1 0 2 2 4 0 0
"13_112182278_T_G" 0 0 5 0 0 0 0 0 0 0 0 0 0 0 0
"13_112209787_T_G" 0 1 5 0 0 0 0 0 0 0 0 0 0 0 0
"13_113472315_G_T" 4 0 0 0 0 0 0 0 0 0 0 0 0 0 0
"13_19022160_A_C" 0 0 4 0 0 0 0 0 0 0 0 0 0 0 0
"13_19085227_A_T" 0 0 0 0 0 9 4 0 0 0 0 0 0 0 0
"13_19148411_G_T" 1 0 1 1 0 5 0 1 0 1 0 0 3 0 1
"13_19240331_C_T" 0 0 0 0 8 0 0 0 0 0 0 0 0 0 0
"13_19521715_T_C" 0 0 0 0 0 0 0 0 0 0 0 4 0 0 0
"13_19587508_G_A" 0 0 0 0 0 0 0 0 4 0 0 0 0 0 0
"13_21832166_T_A" 0 0 0 0 0 0 0 0 0 4 0 0 0 0 0
"13_23451686_T_C" 0 0 0 0 0 0 0 0 0 0 0 5 0 0 0
"13_23830323_C_G" 0 0 3 0 0 0 0 0 0 0 0 0 0 0 0
"13_27003590_A_G" 0 0 0 0 0 0 0 3 0 0 0 0 0 0 0
"13_28123770_A_G" 0 0 0 0 5 0 0 0 0 0 0 0 0 0 0
"13_28253749_C_A" 0 0 1 0 0 0 0 0 0 5 0 0 0 0 0
"13_28355142_A_C" 0 0 0 0 0 0 1 0 0 0 0 0 4 0 0
"13_29312085_T_A" 0 0 0 0 0 0 0 0 0 0 4 0 0 0 0
"13_29361973_C_T" 0 0 0 0 5 0 0 0 0 0 0 0 0 0 0
"13_29562474_C_A" 3 0 0 0 0 0 0 0 0 0 0 0 0 0 0
"13_31392207_G_A" 0 0 0 0 0 6 0 0 0 0 0 0 0 0 0
"13_31619162_T_G" 0 0 0 0 0 1 4 0 0 0 0 0 0 0 0
"13_31659571_A_C" 0 0 4 0 0 0 0 0 0 0 0 0 0 0 0
"13_31915923_A_C" 0 0 0 0 2 0 0 0 0 0 0 0 0 0 0
"13_33406136_G_A" 0 0 0 0 0 0 0 0 0 7 0 0 0 0 0
"13_34441844_G_A" 0 0 0 0 0 0 0 0 0 0 0 0 0 0 4
"13_35789129_A_G" 0 0 0 0 0 0 0 2 0 0 0 0 0 6 2
"13_36489843_A_C" 0 0 4 0 0 0 0 0 0 0 0 0 0 0 0
"13_36844577_C_T" 0 0 0 0 0 0 0 0 0 0 0 4 0 0 0
"13_37001778_G_A" 0 0 0 0 0 0 0 0 0 5 0 0 0 0 0
"13_37051743_G_A" 0 0 0 0 0 0 0 5 0 0 0 0 0 0 0
"13_37708686_A_G" 0 0 0 0 0 0 0 0 0 0 4 0 0 0 0
"13_38146997_C_A" 0 0 0 0 3 0 0 0 0 0 0 0 0 0 0
"13_38708627_A_C" 0 0 3 0 0 0 0 0 0 0 0 0 0 0 0
"13_39630612_T_A" 0 0 0 4 0 0 0 0 0 0 0 0 0 0 0
"13_40329419_G_A" 0 0 0 0 0 0 0 0 0 0 0 0 0 0 4
"13_40525193_A_T" 0 0 5 0 0 0 0 0 0 0 0 0 0 0 0
"13_40816784_G_C" 0 0 5 0 0 0 0 0 0 0 0 0 0 0 0
"13_42460540_A_C" 0 0 0 0 0 0 0 0 0 0 4 0 0 0 0
"13_45702948_C_A" 2 4 0 0 0 0 0 0 0 1 0 0 0 0 0
"13_47332546_G_C" 0 0 0 0 5 0 0 0 0 0 0 0 0 0 0
"13_47876503_G_A" 0 0 0 0 3 3 0 0 0 1 1 11 0 0 0
"13_51506149_A_C" 0 0 0 0 0 0 0 0 2 0 0 0 0 0 0
"13_52754207_T_G" 0 0 0 0 0 0 2 0 0 0 0 0 0 0 0
"13_52754209_T_G" 0 0 0 0 0 0 2 0 0 0 0 0 0 0 0
"13_53439608_T_G" 0 0 0 0 0 5 0 0 0 0 0 0 0 0 0
"13_53448467_A_T" 0 0 4 0 0 0 0 0 0 0 0 0 0 0 0
"13_54283689_T_G" 0 0 4 0 0 0 0 0 0 0 0 0 0 0 0
"13_55851632_T_G" 0 0 5 0 0 0 0 0 0 0 0 0 0 0 0
"13_55906795_A_C" 0 0 5 0 0 0 0 0 0 0 0 0 0 0 0
"13_55939524_T_C" 0 0 0 0 0 0 0 0 0 0 0 4 0 0 0
"13_56064627_C_A" 0 0 0 0 0 2 4 0 0 0 0 0 0 0 0
"13_56392029_A_C" 0 0 0 0 0 0 0 0 0 0 0 0 4 0 0
"13_56627491_T_G" 0 0 5 0 0 0 0 0 0 0 0 0 0 0 0
"13_57086869_G_A" 0 0 0 0 0 0 0 0 0 8 0 0 0 0 0
"13_57112874_A_C" 0 0 3 0 0 0 0 0 0 0 0 0 0 0 0
"13_57352942_A_G" 0 0 6 0 0 0 0 0 0 0 0 0 0 0 0
"13_57789093_G_A" 0 0 0 0 0 0 0 0 0 0 0 0 0 7 1
"13_58104142_T_G" 0 0 3 0 0 0 0 0 0 0 0 0 0 0 0
"13_58325752_T_A" 0 0 0 0 3 0 0 0 0 2 0 0 0 0 1
"13_58426776_A_T" 0 0 0 0 0 0 0 0 0 0 0 0 0 0 6
"13_58659719_T_G" 0 1 0 0 3 4 1 1 0 2 1 11 1 0 0
"13_58913312_C_A" 0 0 0 0 0 0 0 0 0 4 0 0 0 0 0
"13_59081060_C_T" 0 1 4 0 0 0 0 0 0 0 0 0 0 0 0
"13_59235276_T_G" 0 0 4 0 0 0 0 0 0 0 0 0 0 0 0
"13_59667621_G_A" 0 0 0 0 5 0 0 0 0 0 0 0 0 0 0
"13_60158136_T_C" 0 0 4 0 0 0 0 0 0 0 0 0 0 0 0
"13_60917768_T_C" 0 0 0 0 0 0 0 0 0 0 0 4 0 0 0
"13_62339930_T_A" 0 0 3 0 0 0 0 0 0 0 0 0 0 0 0
"13_62399962_C_A" 3 0 0 0 0 0 0 0 0 0 0 0 0 0 0
"13_63696631_A_T" 0 0 0 0 0 0 0 0 0 0 4 0 0 0 0
"13_63854705_A_G" 0 0 0 1 0 0 0 0 0 6 0 0 0 0 0
"13_64687685_A_C" 0 0 3 0 0 0 0 0 0 0 0 0 0 0 0
"13_64881970_C_T" 0 0 0 0 0 0 0 0 0 5 0 0 0 0 0
"13_65412670_G_A" 0 0 0 0 0 0 0 0 0 6 0 0 0 0 0
"13_67601851_C_T" 0 0 0 0 0 4 5 0 0 0 1 0 5 0 0
"13_67826206_C_G" 0 0 0 0 0 0 0 0 0 4 0 0 0 0 0
"13_68194536_T_C" 0 0 0 0 0 0 0 0 0 0 0 0 0 5 0
"13_68429195_G_T" 0 0 0 0 0 0 0 0 0 0 0 0 0 7 0
"13_68498236_G_T" 0 0 0 0 0 5 1 0 0 0 0 0 0 0 0
"13_68596468_T_A" 0 0 0 0 0 0 0 0 0 4 0 0 0 0 0
"13_68699656_A_T" 0 0 0 0 0 0 0 0 0 0 0 5 0 0 0
"13_68910912_G_A" 0 0 6 0 0 0 0 0 0 0 0 0 0 0 0
"13_70202046_C_T" 0 0 0 0 0 5 0 0 0 0 0 0 0 0 0
"13_71036203_A_C" 0 0 0 0 0 0 1 0 1 0 0 0 3 0 0
"13_71950828_G_A" 0 0 0 0 0 0 0 0 0 0 0 0 6 0 0
"13_72878184_T_G" 0 0 0 0 0 0 0 0 0 0 0 0 0 7 0
"13_74988241_A_T" 0 0 0 0 0 0 0 0 0 0 0 0 0 0 4
"13_76352949_A_G" 0 0 0 0 0 0 0 0 0 0 0 10 0 0 0
"13_78420412_T_C" 0 0 0 0 0 0 0 0 0 0 4 0 0 0 0
"13_79023404_T_C" 0 0 0 0 0 0 0 0 0 0 3 0 0 0 0
"13_79316162_G_C" 0 0 0 0 0 0 0 0 0 10 0 0 0 0 0
"13_80564966_C_A" 0 0 0 0 4 0 0 0 0 0 0 0 0 0 0
"13_81006861_A_T" 0 0 0 0 0 0 0 0 0 3 0 0 0 0 0
"13_82443467_C_A" 0 0 0 0 0 0 0 0 0 5 0 0 0 0 0
"13_82811042_G_A" 0 0 0 0 0 0 0 0 0 0 0 0 0 5 2
"13_83035448_C_T" 0 0 0 0 0 0 0 0 0 7 0 0 0 0 0
"13_83823205_G_T" 0 0 0 0 0 0 3 0 0 0 1 0 0 0 0
"13_84137438_C_T" 0 0 0 0 0 0 0 0 0 6 0 0 0 0 0
"13_84138522_A_T" 0 0 3 0 0 0 0 0 0 0 0 0 0 0 0
"13_84258009_C_G" 0 0 4 0 0 0 0 0 0 0 0 0 0 0 0
"13_84634590_C_T" 0 0 0 0 0 0 0 0 0 0 5 0 0 0 0
"13_84882463_G_A" 0 0 0 0 5 0 0 0 0 0 0 0 0 0 0
"13_85034651_C_G" 0 0 0 0 0 0 0 3 0 0 0 0 0 0 0
"13_85277679_G_A" 0 0 0 0 0 0 0 0 0 3 0 0 0 0 0
"13_85727696_T_C" 0 0 0 0 0 0 0 0 0 0 4 0 0 0 0
"13_86982482_T_G" 0 0 0 0 0 0 0 0 0 4 0 0 0 0 0
"13_87018383_T_G" 0 0 0 0 0 0 0 0 0 3 0 0 0 0 0
"13_87271691_C_T" 0 0 0 0 0 0 4 0 0 0 0 0 0 0 0
"13_87501639_G_C" 0 0 3 0 0 0 0 0 0 0 0 0 0 0 0
"13_88178735_A_T" 0 0 0 0 0 0 0 0 0 0 0 0 0 3 0
"13_88216865_A_T" 0 0 0 0 0 2 10 0 0 0 0 0 0 0 0
"13_88628566_G_A" 0 0 0 0 0 0 0 0 0 0 0 0 0 4 0
"13_89080608_A_G" 0 0 4 0 0 0 0 0 0 0 0 0 0 0 0
"13_90372936_T_G" 0 0 0 0 0 0 0 3 0 0 0 0 0 0 0
"13_90398376_A_T" 0 0 4 0 0 0 0 0 0 0 0 0 0 0 0
"13_91033209_A_T" 0 0 0 0 0 0 0 0 0 0 0 0 0 4 0
"13_92953268_G_A" 0 0 0 0 0 7 8 0 0 0 0 0 0 0 0
"13_93175217_T_C" 0 0 0 0 0 0 0 0 0 6 0 0 0 0 0
"13_93280727_C_T" 0 0 0 0 6 0 0 0 0 0 0 0 0 0 0
"13_93990058_T_G" 0 0 0 0 1 0 0 0 0 4 0 0 0 0 0
"13_94217858_C_T" 0 0 0 0 0 0 4 0 0 0 0 0 0 0 0
"13_94336629_T_G" 0 0 0 0 0 0 0 0 0 0 0 4 0 0 0
"13_94349927_A_C" 0 0 3 0 0 0 0 0 0 0 0 0 0 0 0
"13_95168700_T_G" 0 0 0 0 0 2 0 0 0 0 0 0 3 0 0
"13_95496805_T_A" 0 0 5 0 0 0 0 0 0 0 0 0 0 0 0
"13_95915809_G_A" 0 0 0 0 0 0 0 0 0 8 0 0 0 0 0
"13_96330632_A_T" 0 4 0 0 0 0 0 0 0 0 0 0 0 0 0
"13_97444896_C_T" 0 0 0 0 0 0 1 0 0 4 0 0 0 0 0
"14_101190366_G_C" 0 0 0 0 5 0 0 0 0 0 0 0 0 0 0
"14_101884873_A_C" 0 1 5 0 0 0 0 0 0 0 0 0 0 0 0
"14_103736007_G_A" 0 0 0 0 0 6 0 0 0 0 0 0 0 0 0
"14_103897893_A_G" 0 0 0 0 0 5 0 0 0 0 0 0 0 0 0
"14_104412896_G_A" 0 0 0 0 0 0 0 0 0 0 4 0 0 0 0
"14_106173569_G_A" 0 0 0 0 0 0 0 0 0 0 0 0 0 11 0
"14_106327606_C_G" 0 0 3 0 0 0 0 0 0 0 0 0 0 0 0
"14_106329526_T_A" 0 0 1 0 0 0 0 0 0 3 0 0 0 0 0
"14_19720515_G_T" 0 3 0 0 2 0 0 3 0 0 0 0 3 2 4
"14_20336132_C_T" 0 0 0 0 0 0 0 0 0 5 0 0 0 0 0
"14_20368140_G_T" 0 0 5 0 0 0 0 0 0 0 0 0 0 0 0
"14_20412709_C_T" 0 0 0 0 0 0 0 0 0 5 0 0 0 0 0
"14_20466382_T_G" 2 0 0 0 0 0 0 0 0 0 0 0 0 0 0
"14_20475634_C_T" 0 0 0 0 0 3 0 0 0 0 0 0 0 0 0
"14_21060987_A_C" 0 0 0 0 0 0 0 0 0 0 0 0 0 4 0
"14_22311567_C_T" 0 0 0 0 0 0 0 0 0 5 0 0 0 0 0
"14_22593298_T_G" 0 0 0 0 0 0 0 0 0 3 0 0 0 0 0
"14_23397034_C_G" 4 0 0 0 0 0 0 0 0 0 0 0 0 0 0
"14_24223738_G_T" 0 0 0 0 0 1 0 0 0 0 0 0 5 0 0
"14_24647376_C_T" 0 0 4 0 0 0 0 0 0 0 0 0 0 0 0
"14_25632909_T_C" 0 0 0 0 0 6 1 0 0 0 0 0 0 0 0
"14_25904598_C_T" 0 0 0 0 0 0 0 0 0 5 0 0 0 0 0
"14_26498650_G_A" 0 0 0 0 4 0 0 0 0 0 0 0 0 0 0
"14_26659584_T_C" 0 0 0 0 0 0 0 0 0 0 4 0 0 0 0
"14_26721682_T_G" 0 1 7 0 0 0 0 0 0 0 0 0 0 0 0
"14_27740026_C_T" 0 0 0 0 0 5 0 0 0 0 0 0 0 0 0
"14_28025329_G_A" 0 0 0 0 0 0 0 0 0 4 0 0 0 0 0
"14_28266333_G_A" 0 0 0 0 0 5 0 0 0 0 0 0 0 0 0
"14_28322980_T_C" 0 0 0 0 0 4 4 0 0 0 0 0 0 0 0
"14_28693296_T_G" 0 0 3 0 0 0 0 0 0 0 0 0 0 0 0
"14_28911359_G_A" 0 0 0 0 6 0 0 0 0 0 0 0 0 0 0
"14_29040724_T_A" 0 0 0 0 0 0 0 0 3 0 0 0 0 0 0
"14_29403800_A_T" 0 0 0 0 0 4 3 0 0 0 0 0 0 0 0
"14_29840676_C_T" 0 0 0 0 0 0 0 0 0 6 0 0 0 0 0
"14_30306417_A_T" 0 0 0 0 0 0 0 0 3 0 0 0 0 0 0
"14_30318392_T_G" 0 0 0 0 0 0 3 0 0 0 0 0 0 0 0
"14_30645235_C_T" 0 0 0 0 0 0 0 0 0 9 0 0 0 0 0
"14_31429248_A_C" 0 0 0 0 0 0 0 0 0 0 0 0 0 0 3
"14_31573673_A_T" 0 0 0 0 0 0 0 0 0 0 3 0 0 0 0
"14_33292170_G_A" 0 0 0 0 0 0 0 0 0 6 0 0 0 0 0
"14_35475518_A_G" 0 0 0 0 0 3 0 0 0 0 0 0 0 0 0
"14_36400374_C_A" 0 0 0 0 0 0 0 0 0 4 0 0 0 0 0
"14_36839367_T_A" 0 0 0 0 0 0 0 0 0 6 0 0 0 0 0
"14_37049809_A_T" 0 0 3 0 0 0 0 0 0 0 0 0 0 0 0
"14_37216833_T_C" 0 0 4 0 0 0 0 0 0 0 0 0 0 0 0
"14_37431890_G_C" 0 0 0 0 0 0 0 0 0 0 0 0 0 6 0
"14_38511061_T_C" 0 0 0 0 0 0 0 0 0 0 0 0 0 0 5
"14_38529870_G_C" 0 0 0 0 0 0 0 0 0 0 0 0 0 0 3
"14_39304217_G_A" 0 0 0 0 0 0 0 0 0 0 0 0 0 0 5
"14_40084977_C_G" 0 0 0 0 0 0 0 0 0 0 0 7 0 0 0
"14_40161623_T_G" 0 0 3 0 0 0 0 0 0 0 0 0 0 0 0
"14_42192101_C_T" 0 0 0 0 0 0 0 0 0 6 0 0 0 0 0
"14_42204724_G_A" 0 0 0 0 0 0 0 0 0 3 0 0 0 0 0
"14_42330273_A_G" 0 0 0 0 0 0 0 0 0 4 0 0 0 0 0
"14_42781443_G_A" 0 0 0 0 5 0 0 0 0 0 0 0 0 0 0
"14_43296715_G_T" 0 0 0 0 0 0 0 0 0 4 0 0 0 0 0
"14_43623620_G_T" 0 0 0 0 0 0 0 0 0 0 0 0 5 0 0
"14_43741093_G_A" 0 0 4 0 0 0 0 0 0 0 0 0 0 0 0
"14_44697700_C_G" 0 1 3 0 0 0 0 0 0 0 0 0 0 0 0
"14_44752878_A_G" 0 0 0 0 0 0 0 0 0 0 0 4 0 0 0
"14_46717450_T_C" 0 0 0 0 0 0 0 0 0 0 0 0 5 0 0
"14_47945958_T_A" 0 0 0 0 0 0 0 4 0 0 0 0 0 0 0
"14_48204814_C_T" 0 0 0 0 0 5 0 0 0 0 0 0 0 0 0
"14_48360130_C_A" 1 0 0 0 0 0 0 0 0 0 3 0 0 0 0
"14_49009680_T_C" 0 0 0 0 0 0 0 0 0 0 0 0 4 0 0
"14_50708165_C_A" 0 0 0 0 0 0 0 0 0 0 5 0 0 0 0
"14_50917580_G_A" 0 0 0 0 0 0 0 0 0 0 0 0 0 0 5
"14_52624745_G_T" 0 0 0 0 0 0 0 4 0 1 0 0 0 0 0
"14_53351542_A_C" 2 0 0 0 0 0 0 0 0 0 0 0 0 0 0
"14_56338628_C_T" 0 0 0 0 0 0 0 0 0 0 6 0 0 0 0
"14_57172700_C_A" 0 0 0 0 0 0 0 4 0 0 0 0 0 0 0
"14_57585969_G_A" 0 0 1 0 0 0 0 0 0 6 0 0 0 0 0
"14_58082859_T_G" 0 0 0 0 0 0 0 0 0 0 0 0 0 0 5
"14_59182583_A_G" 0 0 4 0 0 0 0 0 0 0 0 0 0 0 0
"14_60916524_T_G" 0 0 3 0 0 0 0 0 0 0 0 0 0 0 0
"14_62192140_T_A" 1 0 0 0 0 2 0 0 0 0 0 0 0 0 1
"14_63319427_A_C" 0 0 4 0 0 0 0 0 0 0 0 0 0 0 0
"14_64430228_C_G" 0 0 0 0 0 0 0 0 0 0 4 0 0 0 0
"14_64441887_A_C" 0 0 0 0 0 0 0 0 0 0 2 0 0 0 0
"14_65415623_T_G" 0 0 0 0 0 0 4 0 0 0 0 0 0 0 0
"14_65780179_A_T" 0 0 0 0 0 0 0 0 0 0 0 0 3 0 0
"14_67891731_C_T" 0 0 0 0 4 0 0 0 0 0 0 0 0 0 0
"14_70161751_C_G" 0 0 0 0 3 0 0 0 0 0 0 0 0 0 0
"14_71034690_A_C" 0 0 0 0 0 0 0 0 0 0 0 0 0 3 0
"14_71299761_A_C" 0 0 2 0 0 0 0 0 0 0 0 0 0 0 0
"14_73127141_C_G" 0 0 0 0 0 2 6 0 0 0 0 0 0 0 0
"14_73972291_G_T" 0 1 0 0 7 0 0 0 0 0 0 0 0 0 0
"14_74340784_A_C" 0 0 0 0 0 0 0 0 0 0 0 0 2 0 0
"14_74540769_C_T" 0 0 0 0 0 0 0 0 0 0 3 0 0 0 0
"14_76493286_G_T" 0 0 0 0 4 0 0 0 0 0 0 0 0 0 0
"14_76645089_T_G" 0 0 0 0 0 0 0 1 0 0 0 0 0 0 3
"14_79212474_A_C" 0 0 3 0 0 0 0 0 0 0 0 0 0 0 0
"14_79276276_G_T" 0 0 5 0 0 0 0 0 0 0 0 0 0 0 0
"14_79277652_T_C" 0 0 4 0 0 0 0 0 0 0 0 0 0 0 0
"14_80555939_C_A" 0 0 0 0 0 0 0 0 0 6 0 0 0 0 0
"14_81310771_G_A" 0 0 0 0 4 0 0 0 0 0 0 0 0 0 0
"14_83578136_C_G" 0 0 0 0 0 0 0 0 0 5 0 0 0 0 0
"14_84198804_T_G" 0 0 4 0 0 0 0 0 0 0 0 0 0 0 0
"14_84220674_T_G" 0 0 3 0 0 0 0 0 0 0 0 0 0 0 0
"14_84949097_T_A" 0 0 0 0 0 0 0 0 0 0 0 0 1 4 0
"14_85166838_T_C" 0 0 3 0 0 0 0 0 0 0 0 0 0 0 0
"14_85370143_C_A" 0 0 0 0 5 0 0 0 0 0 0 0 0 0 0
"14_85833072_T_G" 0 0 0 0 0 0 0 0 0 3 0 0 0 0 0
"14_86359374_C_A" 0 0 0 0 0 0 0 0 0 0 3 0 0 0 0
"14_88459668_G_C" 0 0 3 0 0 0 0 0 0 0 0 0 0 0 0
"14_89528466_C_G" 0 0 0 0 5 0 0 0 0 0 0 0 0 0 0
"14_92224612_A_G" 0 0 0 0 0 0 0 0 0 6 0 0 0 0 0
"14_92477536_A_C" 0 0 0 0 0 0 0 0 0 5 0 0 0 0 0
"14_93643363_G_C" 0 0 0 0 0 0 0 0 0 0 4 0 0 0 0
"14_95300309_C_T" 0 0 0 0 0 0 0 0 0 8 0 0 0 0 0
"14_95570847_T_A" 0 0 3 0 0 0 0 0 0 0 0 0 0 0 0
"14_97687448_T_G" 0 0 0 0 0 0 0 0 0 0 6 0 0 0 0
"14_98219411_G_C" 0 0 0 0 0 0 0 0 0 0 0 4 0 0 0
"14_98489637_G_C" 0 0 0 0 0 0 0 0 0 4 0 0 0 0 0
"14_99284940_A_C" 0 0 3 0 0 0 0 0 0 0 0 0 0 0 0
"15_100004030_C_T" 0 0 0 0 0 0 0 0 0 4 0 0 0 0 0
"15_101227036_C_A" 0 0 5 0 0 0 0 0 0 0 0 0 0 0 0
"15_101287904_C_T" 0 0 0 0 0 0 0 0 0 0 4 0 0 0 0
"15_101567989_G_C" 0 0 3 0 0 0 0 0 0 0 0 0 0 0 0
"15_102399473_A_G" 0 0 0 0 0 0 0 0 0 0 4 0 0 0 0
"15_21148031_G_A" 0 0 0 0 0 0 0 0 0 4 1 0 0 0 0
"15_23947765_G_A" 0 0 0 0 0 0 0 0 4 0 0 0 0 0 0
"15_24582653_G_A" 3 0 0 2 0 0 0 0 0 3 0 0 1 2 0
"15_24863760_A_C" 0 0 5 0 0 0 0 0 0 0 0 0 0 0 0
"15_25019229_A_C" 0 0 3 0 0 0 0 0 0 0 0 0 0 0 0
"15_25088069_G_A" 0 0 0 0 0 0 0 0 0 0 0 0 4 0 0
"15_25737512_A_C" 0 0 3 0 0 0 0 0 0 0 0 0 0 0 0
"15_26332645_T_A" 0 0 4 0 0 0 0 0 0 0 0 0 0 0 0
"15_26914061_A_T" 0 0 0 0 1 0 0 0 0 3 0 0 0 0 0
"15_27990315_G_T" 0 0 0 0 0 0 0 0 0 3 0 0 0 0 0
"15_29542344_A_C" 0 0 0 0 0 5 0 0 0 0 0 0 0 0 0
"15_30167863_G_C" 0 0 0 0 0 0 0 4 0 0 0 0 0 0 0
"15_31277841_A_C" 0 0 0 0 0 0 0 0 0 0 4 0 0 0 0
"15_34293009_C_T" 0 0 0 0 0 0 0 0 0 0 0 0 0 3 0
"15_35405146_A_C" 0 0 0 0 4 0 0 0 0 0 0 0 0 0 0
"15_36339292_C_T" 0 0 0 0 6 0 0 0 0 0 0 0 0 0 0
"15_36711194_A_C" 0 0 0 0 0 0 0 0 0 3 0 0 0 0 0
"15_37621411_A_T" 0 0 0 0 0 0 0 0 0 3 0 0 0 0 0
"15_38871720_A_T" 0 0 0 0 0 0 0 3 0 0 0 0 0 0 0
"15_39076072_T_G" 0 0 0 0 4 0 0 0 0 0 0 0 0 0 0
"15_40330835_T_A" 0 0 0 0 0 0 0 0 0 4 0 0 0 0 0
"15_41362795_A_G" 0 0 0 0 0 5 0 0 0 0 0 0 0 0 0
"15_42555098_A_T" 0 0 0 0 0 0 0 0 0 0 0 0 0 6 0
"15_42588177_T_A" 0 0 0 0 0 0 0 0 0 4 0 1 0 0 0
"15_42784036_T_G" 0 0 0 0 0 4 0 0 0 0 0 0 0 0 0
"15_43041599_A_G" 0 0 0 0 0 0 0 0 0 0 1 0 5 0 0
"15_43679440_T_C" 0 0 0 0 0 0 0 0 0 0 0 4 0 0 0
"15_44499002_A_C" 0 0 0 0 5 0 0 0 0 0 0 0 0 0 0
"15_44581295_T_A" 0 0 0 0 0 0 0 0 0 0 0 0 0 3 0
"15_44953804_T_A" 0 0 0 0 0 0 0 0 0 0 0 0 0 0 4
"15_46150505_C_T" 0 0 0 0 0 0 0 3 0 0 0 0 0 0 0
"15_46640450_A_T" 0 0 0 0 0 0 0 4 0 0 0 0 0 0 0
"15_48384339_C_T" 0 0 0 0 0 0 0 1 0 4 0 0 0 0 2
"15_48390607_G_A" 0 0 0 0 0 0 0 0 0 0 0 0 6 0 0
"15_49433982_G_T" 0 0 0 0 4 0 1 0 0 0 0 0 0 0 0
"15_50023849_A_T" 0 0 0 0 0 0 0 0 0 0 0 0 0 0 5
"15_50923192_G_A" 0 0 0 0 0 0 0 3 0 0 0 0 0 0 0
"15_53169359_C_T" 0 0 0 0 0 0 0 0 0 5 0 0 0 0 0
"15_56332407_G_A" 0 0 0 0 0 0 5 0 0 0 0 0 0 0 0
"15_58057263_G_A" 0 0 0 0 0 0 0 0 0 0 0 0 0 4 0
"15_58468742_T_C" 0 0 0 0 0 0 0 0 0 0 0 2 0 0 0
"15_58578873_G_C" 0 0 0 0 0 0 0 0 0 0 3 0 0 0 0
"15_58965472_G_C" 0 0 0 0 0 0 0 0 3 0 0 0 0 0 0
"15_59664941_A_T" 0 0 3 0 0 0 0 0 0 0 0 0 0 0 0
"15_61389146_C_G" 0 0 0 0 0 0 0 0 0 0 0 0 0 1 3
"15_63358499_T_G" 0 0 0 0 0 0 0 0 0 0 0 0 2 0 0
"15_63635451_T_C" 0 0 0 0 0 0 0 0 0 0 3 0 0 0 0
"15_65720133_A_T" 0 0 0 0 3 0 0 0 0 0 0 0 0 0 0
"15_66006610_G_A" 0 0 0 0 0 0 0 0 0 0 0 5 0 0 0
"15_67060045_T_G" 0 0 4 0 0 0 0 0 0 0 0 0 0 0 0
"15_68974224_C_G" 0 0 0 0 0 0 0 0 0 0 0 0 3 0 0
"15_69681224_C_G" 0 0 0 0 0 0 0 0 0 0 0 5 0 0 0
"15_70195548_T_G" 0 0 0 0 0 0 2 0 0 0 0 0 0 0 0
"15_71588627_T_G" 0 0 0 0 0 5 0 0 0 0 0 0 0 0 0
"15_73192279_C_T" 0 0 0 0 0 9 1 0 1 0 4 1 5 0 0
"15_73299837_G_A" 0 0 0 0 0 0 0 6 0 0 0 0 0 0 0
"15_73330182_G_A" 0 2 4 0 0 0 0 0 0 0 0 0 0 0 0
"15_73833416_T_C" 0 0 0 0 0 0 0 0 0 0 0 0 0 0 4
"15_78241514_T_G" 0 0 2 0 0 0 0 0 0 0 0 0 0 0 0
"15_80557162_A_G" 0 0 0 0 3 0 0 0 0 0 0 0 0 0 0
"15_82102519_G_C" 0 0 0 0 0 0 0 0 0 0 0 4 0 0 0
"15_83567763_A_C" 0 0 0 0 0 0 0 0 0 0 0 0 0 0 2
"15_83696620_A_G" 0 0 0 0 0 0 0 0 0 0 4 0 0 0 0
"15_86245650_G_C" 0 1 5 0 0 0 0 0 0 0 0 0 0 0 0
"15_86697753_C_G" 0 0 3 0 0 0 0 0 0 0 0 0 0 0 0
"15_86869901_T_G" 0 0 4 0 0 0 0 0 0 0 0 0 0 0 0
"15_86934591_G_T" 0 0 0 0 0 0 0 0 0 0 5 0 0 0 0
"15_87586478_T_A" 0 0 0 0 0 0 0 0 0 0 3 0 0 0 0
"15_88480436_G_C" 0 0 6 0 0 0 0 0 0 0 0 0 0 0 0
"15_89159810_G_T" 1 0 0 5 0 0 0 0 0 0 0 0 0 0 0
"15_89792602_G_A" 0 0 0 0 0 8 0 0 0 0 1 0 0 0 0
"15_89845809_T_A" 0 0 1 0 0 0 0 0 0 0 0 3 0 0 0
"15_92405206_G_C" 0 0 0 0 0 0 0 0 0 0 0 3 0 0 0
"15_94390378_G_A" 0 0 0 0 0 0 0 0 0 0 3 0 0 0 0
"15_95095318_A_G" 0 0 0 0 0 4 0 0 0 0 0 0 0 0 0
"15_95376809_G_A" 0 0 0 0 0 9 0 0 0 0 0 0 0 0 0
"15_95473823_T_G" 0 2 4 0 0 0 0 0 0 0 0 0 0 0 0
"15_95611068_T_G" 0 0 0 0 0 0 2 0 0 0 0 0 0 0 0
"15_96475596_C_T" 0 0 0 0 0 0 0 0 10 0 0 0 0 0 0
"15_97846239_A_C" 0 0 0 0 3 0 0 0 0 0 0 0 0 0 0
"15_98985132_C_G" 0 0 0 0 0 0 0 0 0 0 0 4 0 0 0
"15_98989821_G_A" 0 0 0 0 0 5 0 0 0 0 0 0 0 0 0
"15_99378300_C_G" 0 0 0 0 0 0 0 3 0 1 0 0 0 0 0
"16_11108379_T_C" 0 0 0 0 0 0 0 0 0 0 0 0 5 0 0
"16_11377738_C_T" 0 0 0 0 0 0 0 0 0 0 0 4 0 0 0
"16_12080808_C_G" 0 0 0 0 0 0 0 0 0 4 0 0 0 0 0
"16_13467196_A_C" 0 0 0 0 0 4 0 0 0 0 0 0 0 0 0
"16_13660826_A_G" 0 0 4 0 0 0 0 0 0 0 0 0 0 0 0
"16_13828568_C_T" 0 0 0 0 0 0 0 0 0 4 0 0 0 0 0
"16_16048946_C_T" 0 0 0 0 6 0 0 0 0 0 0 0 0 0 0
"16_19512804_T_C" 0 0 5 0 0 0 0 0 0 0 0 0 0 0 0
"16_20092405_A_C" 0 0 4 0 0 0 0 0 0 0 0 0 0 0 0
"16_20121994_A_T" 3 1 0 0 0 0 0 0 0 0 0 0 0 0 0
"16_21297649_T_G" 0 0 0 0 0 0 2 0 0 0 0 0 0 0 0
"16_22309847_C_T" 0 0 0 0 0 4 0 0 0 0 0 0 0 0 0
"16_23530232_A_C" 0 0 0 0 10 0 0 0 0 0 0 0 0 0 0
"16_23609000_T_G" 0 0 0 5 0 1 0 0 0 0 1 0 0 1 0
"16_23654659_G_A" 0 0 0 0 0 0 0 2 0 0 0 0 0 0 0
"16_24427929_T_G" 0 0 0 0 0 0 0 0 0 0 0 4 0 0 0
"16_25468763_C_T" 0 0 3 0 0 0 0 0 0 0 0 0 0 0 0
"16_25802763_G_A" 0 0 0 0 0 0 0 0 0 0 0 5 0 0 0
"16_25927059_A_G" 0 0 0 0 0 0 0 0 0 0 0 5 0 0 0
"16_26228432_G_A" 0 0 0 0 0 0 0 0 0 0 6 0 0 0 0
"16_26435988_C_G" 0 0 0 0 0 5 0 0 0 0 0 0 0 0 0
"16_26977149_C_G" 0 0 0 0 0 0 0 0 0 7 0 0 0 0 0
"16_27381726_T_C" 0 1 4 0 0 0 0 0 0 0 0 0 0 0 0
"16_3014854_G_A" 0 0 0 0 0 6 5 0 0 0 1 0 2 0 0
"16_30322874_A_T" 0 0 0 0 0 0 0 0 0 0 0 0 3 0 0
"16_30707433_G_A" 0 0 0 0 0 3 0 0 0 0 0 0 0 0 0
"16_32031512_C_T" 0 0 0 0 0 6 0 0 0 0 0 0 0 0 0
"16_32338575_A_G" 0 0 0 0 0 0 0 0 0 0 0 4 0 0 0
"16_32397020_C_G" 0 0 0 0 0 0 0 0 0 0 0 0 0 0 3
"16_32599563_G_T" 0 0 0 0 0 0 0 0 0 5 0 0 0 0 0
"16_33367632_A_T" 0 0 5 0 0 0 0 0 0 0 0 0 0 0 0
"16_34745255_C_A" 0 0 0 0 0 0 0 0 0 0 0 0 0 0 3
"16_47196805_G_C" 0 0 3 0 0 0 0 0 0 0 0 0 0 0 0
"16_47196845_A_C" 0 0 3 0 0 0 0 0 0 0 0 0 0 0 0
"16_47921677_G_A" 0 0 0 0 0 4 0 0 0 0 0 0 0 0 0
"16_51948810_A_T" 0 1 3 0 0 0 0 0 0 0 0 0 0 0 0
"16_52488259_C_T" 0 0 0 0 6 0 0 0 0 0 0 0 0 0 0
"16_53423319_G_T" 0 0 0 0 0 0 0 4 0 0 0 0 0 0 0
"16_53454619_A_C" 2 0 0 0 0 0 0 0 0 0 0 0 0 0 0
"16_54175244_C_G" 0 0 0 0 0 0 0 0 0 0 0 0 0 0 3
"16_54567978_T_A" 1 0 3 0 0 0 0 0 0 0 0 0 1 0 0
"16_55398909_C_T" 0 0 0 0 0 0 0 0 0 0 0 0 0 0 3
"16_55763701_G_A" 0 0 0 0 0 0 0 0 0 6 0 0 0 0 0
"16_55988769_T_G" 0 0 0 0 0 3 0 0 0 0 0 0 0 0 0
"16_56001791_G_A" 0 0 0 0 4 0 0 0 0 0 0 0 0 0 0
"16_56797370_T_G" 0 0 0 0 0 7 0 0 0 0 0 0 0 0 0
"16_57743306_C_A" 0 0 0 0 0 0 0 4 0 0 0 0 0 0 0
"16_58943891_G_T" 0 0 4 0 0 0 0 0 0 0 0 0 0 0 0
"16_60475374_C_A" 0 0 0 0 0 0 0 0 0 3 0 0 0 0 0
"16_60496502_T_A" 0 0 3 0 0 0 0 0 0 0 0 0 0 0 0
"16_6137352_A_C" 0 0 3 0 0 0 0 0 0 0 0 0 0 0 0
"16_61438256_G_A" 0 0 0 0 4 0 0 0 0 0 0 0 0 0 0
"16_61874774_C_T" 0 0 0 0 0 0 0 0 0 4 0 0 0 0 0
"16_61894749_A_T" 0 0 3 0 0 0 0 0 0 0 0 0 0 0 0
"16_61903887_A_T" 0 0 3 0 0 0 0 0 0 0 0 0 0 0 0
"16_63236815_G_T" 0 1 4 0 0 0 0 0 0 0 0 0 0 0 0
"16_63245029_C_T" 0 0 0 0 11 0 0 0 0 0 0 0 0 0 0
"16_63251215_A_C" 0 0 4 0 0 0 0 0 0 0 0 0 0 0 0
"16_63322935_A_G" 0 0 0 0 0 0 0 0 0 3 0 0 0 0 0
"16_63545048_C_A" 0 0 0 0 0 0 0 0 0 4 0 0 0 0 0
"16_63778311_A_C" 0 0 0 0 0 0 0 0 0 0 0 0 0 0 2
"16_63811420_C_A" 0 0 0 0 0 0 0 0 0 6 0 0 0 0 0
"16_63941194_A_C" 0 1 3 0 0 0 0 0 0 0 0 0 0 0 0
"16_64982648_A_C" 0 0 0 0 0 0 2 0 0 0 0 0 0 0 0
"16_64998793_T_G" 0 0 3 0 0 0 0 0 0 0 0 0 0 0 0
"16_65372727_T_A" 0 0 0 0 0 0 0 4 0 0 0 0 0 0 0
"16_65471048_G_A" 0 0 0 0 0 0 0 0 0 4 0 0 0 0 0
"16_66447110_G_T" 0 0 4 0 0 0 0 0 0 0 0 0 0 0 0
"16_66769354_T_C" 0 0 0 0 0 0 0 0 0 6 0 0 0 0 0
"16_67107980_G_T" 0 0 0 0 0 0 0 0 5 0 0 0 0 0 0
"16_67350578_G_A" 0 0 0 0 0 5 0 0 0 0 0 0 0 0 0
"16_67947402_T_G" 0 0 0 0 0 0 0 0 0 0 0 0 6 0 0
"16_68273321_C_A" 3 0 0 1 0 0 0 0 0 0 0 0 0 0 0
"16_6835588_A_T" 0 0 0 0 0 0 0 3 0 0 0 0 0 0 0
"16_68910067_A_T" 2 0 0 0 0 0 0 0 0 0 1 3 0 0 0
"16_69678247_A_C" 0 0 0 0 0 0 0 0 0 0 3 0 0 0 0
"16_69714081_A_T" 0 0 0 0 0 6 3 0 0 0 0 0 0 0 0
"16_70676445_C_T" 0 0 0 0 0 0 0 0 0 8 0 0 0 0 0
"16_73509104_G_A" 0 0 0 0 0 6 1 0 0 0 0 0 0 0 0
"16_7359322_G_A" 0 0 0 0 0 0 0 0 0 4 0 0 0 0 0
"16_73633412_A_G" 0 0 0 0 0 5 0 0 0 0 0 0 0 0 0
"16_741044_G_A" 0 0 0 0 0 0 0 0 0 6 0 0 0 0 0
"16_74160325_A_G" 0 0 0 0 0 5 4 0 0 0 0 0 0 0 0
"16_75642756_C_A" 0 0 0 0 0 0 0 0 0 0 4 0 0 0 0
"16_76062434_T_G" 0 0 0 0 0 0 0 0 0 0 0 0 0 6 0
"16_76340088_T_A" 0 0 0 0 0 0 0 0 0 5 0 0 0 0 0
"16_76587255_T_G" 0 0 0 0 0 0 0 3 0 0 0 0 0 0 0
"16_76884298_G_A" 0 0 0 0 6 0 0 0 0 0 0 0 0 0 2
"16_77111222_A_G" 0 0 5 0 0 0 0 0 0 0 0 0 0 0 0
"16_78953290_A_G" 0 0 0 0 0 0 0 0 0 4 0 0 0 0 0
"16_80246178_C_T" 0 0 4 0 0 0 0 0 0 0 0 0 0 0 0
"16_8102214_T_A" 0 0 5 0 0 0 0 0 0 0 0 0 0 0 0
"16_81201267_C_T" 0 0 0 0 4 0 0 0 0 0 0 0 0 0 0
"16_81785063_T_G" 0 0 0 0 0 0 2 0 0 0 0 0 0 0 0
"16_82141621_T_C" 0 0 0 0 0 4 0 0 0 0 0 0 0 0 0
"16_84303056_G_T" 0 0 0 0 0 0 0 4 0 0 0 0 0 0 0
"16_86120864_C_T" 0 0 0 0 0 0 0 0 0 0 0 6 0 0 0
"16_86166915_G_A" 0 0 0 0 5 0 0 0 0 0 0 0 0 0 0
"16_87134181_G_A" 0 0 0 0 0 0 0 0 0 0 0 6 0 0 0
"16_87405342_G_A" 0 0 0 0 8 0 0 0 0 0 0 0 0 0 0
"16_88833572_T_G" 0 0 0 0 0 0 2 0 0 0 0 0 0 0 0
"16_88933592_C_A" 0 0 0 0 0 0 0 0 0 0 0 0 4 0 0
"16_89146503_C_T" 0 0 0 0 0 0 0 0 0 5 0 0 0 0 0
"16_89214228_A_G" 0 0 0 0 8 0 0 0 0 0 0 0 0 0 0
"16_9207684_A_G" 0 0 0 0 0 0 0 0 0 0 3 0 0 0 0
"16_9320353_T_A" 0 0 0 0 0 0 1 0 0 0 0 2 0 0 0
"17_12548096_T_G" 0 0 0 0 0 0 2 0 0 0 0 0 0 0 0
"17_12880877_A_C" 0 0 0 0 0 0 0 0 0 0 4 0 0 0 0
"17_13217932_C_A" 0 0 5 0 0 0 0 0 0 0 0 0 0 0 0
"17_13985943_G_T" 0 0 0 1 0 1 0 3 7 1 3 0 1 0 7
"17_14406603_C_A" 0 0 4 0 0 0 0 0 0 0 0 0 0 0 0
"17_14418276_T_C" 0 0 0 0 4 0 0 0 0 0 0 0 0 0 0
"17_14852874_G_A" 0 0 0 0 0 0 0 0 0 0 0 5 0 0 0
"17_15181856_G_T" 0 0 4 0 0 0 1 0 0 0 0 0 0 0 0
"17_16136347_G_A" 0 0 0 0 0 0 0 0 0 6 0 0 0 0 0
"17_17932974_A_C" 0 0 0 0 0 0 2 0 0 0 0 0 0 0 0
"17_19218293_T_C" 0 0 0 0 0 0 0 0 9 0 0 0 0 0 0
"17_19315735_T_G" 0 1 0 0 0 0 0 4 0 0 0 0 0 0 0
"17_20256764_G_T" 6 9 6 5 3 0 3 0 0 2 0 2 1 13 4
"17_21726711_A_C" 0 0 0 0 7 0 0 0 0 0 0 0 0 0 0
"17_25525675_T_G" 0 0 0 0 0 0 0 0 0 0 0 0 3 0 0
"17_28185538_C_A" 4 0 1 0 0 0 0 0 0 0 0 0 0 0 0
"17_28567455_G_T" 0 1 0 0 6 0 0 0 0 0 0 0 0 0 0
"17_29654779_A_G" 0 0 0 0 0 0 0 0 0 7 0 0 0 0 0
"17_31438640_C_A" 0 0 0 0 0 0 0 0 0 3 0 0 0 0 0
"17_33091762_C_T" 0 0 0 0 0 3 4 0 0 0 0 0 0 0 0
"17_34951525_T_G" 0 0 0 0 0 0 0 0 0 3 0 0 0 0 0
"17_36236452_A_G" 0 0 0 0 0 3 0 0 0 0 0 0 0 0 0
"17_36330035_T_A" 4 0 2 0 2 0 2 0 0 1 0 0 0 0 2
"17_36989993_A_C" 3 0 0 0 0 0 0 0 0 0 0 0 1 0 0
"17_38734516_A_C" 0 0 0 1 0 0 3 0 0 0 0 0 0 0 0
"17_40023764_A_T" 0 0 0 0 0 4 0 0 0 0 0 0 0 0 0
"17_40251404_C_T" 0 0 0 0 0 0 0 0 0 7 0 0 0 0 0
"17_41893517_C_G" 0 0 4 0 0 0 0 0 0 0 0 0 0 0 0
"17_43328660_G_T" 0 0 0 0 5 0 0 0 0 0 0 0 0 0 0
"17_43547117_G_T" 0 0 0 1 0 0 0 0 0 0 0 0 0 0 4
"17_43908530_T_G" 0 0 0 0 0 0 3 0 0 0 0 0 0 0 0
"17_447910_T_C" 0 0 0 0 0 0 0 3 0 0 0 0 0 0 0
"17_4525547_C_T" 0 0 0 0 0 0 0 0 0 5 0 0 0 0 0
"17_45327370_A_G" 0 0 3 0 0 0 0 0 0 0 0 0 0 0 0
"17_45814349_G_T" 0 0 0 0 0 0 0 0 0 0 0 6 0 0 0
"17_46854859_G_A" 0 0 0 0 0 0 0 0 0 1 4 0 0 0 1
"17_46941536_A_C" 0 0 0 0 0 0 0 0 0 0 0 0 2 0 0
"17_48276552_A_C" 0 0 0 0 0 2 0 0 0 0 0 0 0 0 0
"17_48884172_A_T" 0 0 0 0 0 0 0 0 0 0 0 0 3 0 0
"17_49677425_T_G" 0 0 5 0 0 0 0 0 0 0 0 0 0 0 0
"17_50124655_T_G" 0 0 4 0 0 0 0 0 0 0 0 0 0 0 0
"17_50750628_A_C" 0 0 0 0 0 0 0 3 0 0 0 0 0 0 0
"17_51401412_T_C" 0 0 0 0 0 0 0 0 0 5 0 0 0 0 0
"17_51695888_G_A" 0 0 0 0 0 4 0 0 0 0 0 0 0 0 0
"17_52140795_A_T" 0 0 0 0 0 4 0 0 0 0 0 0 0 0 0
"17_52534388_A_G" 0 0 0 0 0 0 0 0 0 3 0 0 0 0 0
"17_56427165_T_C" 0 0 0 0 5 0 0 0 0 0 0 0 0 0 0
"17_56569128_G_A" 0 0 0 0 0 0 0 0 0 0 0 0 0 9 0
"17_57577699_C_A" 0 0 0 0 0 0 0 0 0 0 0 5 0 0 0
"17_57703399_T_C" 0 0 0 0 0 5 0 0 0 0 0 0 0 0 0
"17_57795173_C_A" 0 0 0 0 4 0 0 0 0 0 0 0 0 0 0
"17_58600963_G_A" 0 0 0 0 0 7 0 0 0 0 0 0 0 0 0
"17_58646301_T_G" 0 0 2 0 0 0 0 0 0 0 0 0 0 0 0
"17_59306290_C_G" 0 0 0 0 0 0 4 0 0 0 0 0 0 0 0
"17_59567147_G_T" 0 0 0 0 4 0 0 0 0 0 0 0 0 0 0
"17_59650364_C_A" 0 0 0 0 0 0 0 0 0 4 0 0 0 0 0
"17_59699039_G_C" 0 0 0 0 0 0 0 4 0 0 0 0 0 0 0
"17_62948805_C_A" 0 0 0 0 0 0 0 0 0 0 3 0 0 0 0
"17_63295932_T_G" 0 1 3 0 0 0 0 0 0 0 0 0 0 0 0
"17_63496876_A_C" 0 0 0 0 5 0 0 0 0 0 0 0 0 0 0
"17_65217124_A_T" 0 0 0 0 0 0 0 0 0 4 0 0 0 0 0
"17_65276489_T_G" 0 0 4 0 0 0 0 0 0 0 0 0 0 0 0
"17_66795052_C_A" 0 0 0 0 0 0 0 0 0 0 3 0 0 0 0
"17_67423921_G_A" 0 0 0 0 0 0 0 0 0 4 0 0 0 0 0
"17_69487569_A_G" 0 0 0 0 0 0 0 0 5 0 0 0 0 0 0
"17_69655620_T_G" 0 0 3 0 0 0 0 0 0 0 0 0 0 0 0
"17_70643471_G_A" 0 1 4 0 0 0 0 0 0 0 0 0 0 0 0
"17_71388931_G_T" 0 0 0 0 0 0 0 0 0 3 0 0 0 0 0
"17_71595051_G_A" 0 0 0 0 0 0 0 0 0 4 0 0 0 0 0
"17_71771428_G_C" 0 0 0 0 0 0 1 0 0 3 0 0 0 0 0
"17_72313570_G_A" 0 0 0 0 0 0 0 0 0 3 0 0 0 0 0
"17_75909094_A_T" 0 0 0 0 0 4 0 0 0 0 0 0 0 0 0
"17_76465911_C_T" 0 0 0 0 0 0 0 0 0 0 0 0 4 0 0
"17_78523679_A_G" 0 0 0 0 0 0 0 4 0 0 0 0 0 0 0
"17_79285244_C_T" 0 0 0 0 4 0 0 0 0 0 0 0 0 0 0
"17_79561018_G_A" 0 0 0 0 0 0 0 0 0 5 0 0 0 0 0
"17_81141519_A_G" 1 0 1 0 2 0 0 0 3 1 0 0 0 0 0
"17_8184274_C_T" 0 0 0 0 0 0 0 0 0 6 0 0 0 0 0
"17_8493103_A_T" 0 0 0 0 0 0 0 0 0 0 0 0 0 3 0
"17_928132_G_C" 0 0 0 0 0 0 0 0 0 0 0 0 0 0 3
"17_9622146_A_G" 0 0 0 0 0 7 0 0 0 0 0 0 0 0 0
"18_10181647_G_C" 0 0 4 0 0 0 0 0 0 0 0 0 0 0 0
"18_10406779_A_C" 0 0 4 0 0 0 0 0 0 0 0 0 0 0 0
"18_12131206_T_G" 0 0 0 0 0 0 0 0 0 0 0 3 0 0 0
"18_12433747_T_A" 0 0 0 0 0 0 0 0 1 0 0 0 3 0 0
"18_12657665_A_C" 0 0 0 0 0 0 2 0 0 0 0 0 0 0 0
"18_1315080_T_G" 0 0 0 0 0 4 2 0 0 0 0 0 0 0 0
"18_13165482_G_A" 0 0 0 0 6 0 0 0 0 0 0 0 0 0 0
"18_13981635_G_A" 0 0 0 0 1 1 2 0 0 0 0 3 0 0 0
"18_14818965_A_T" 0 0 0 0 4 0 0 0 0 0 0 0 0 0 0
"18_15370351_G_A" 0 0 0 0 0 5 3 0 0 0 0 0 0 0 0
"18_1856092_G_T" 0 0 0 0 0 0 0 0 0 0 0 4 0 0 0
"18_20052736_A_G" 0 0 0 0 0 0 0 0 0 4 0 0 0 0 0
"18_20827174_C_A" 0 0 0 0 0 0 0 0 0 5 0 0 0 2 0
"18_21040851_A_G" 0 0 0 0 0 0 0 3 0 0 0 0 0 0 0
"18_2214135_G_A" 0 0 0 0 0 0 0 0 0 5 0 0 0 0 0
"18_23045873_C_A" 0 0 0 0 0 0 0 0 0 0 4 0 0 0 0
"18_23128835_C_G" 0 0 3 0 0 0 0 0 0 0 0 0 0 0 0
"18_23233363_A_T" 0 0 4 0 0 0 0 0 0 0 0 0 0 0 0
"18_23335283_T_G" 0 0 0 0 0 2 0 0 0 0 0 0 0 0 0
"18_23449641_C_G" 0 0 0 0 0 0 0 0 0 0 3 0 0 0 0
"18_24215946_A_C" 0 0 0 0 2 0 0 1 0 0 0 0 0 0 0
"18_25640899_T_G" 0 0 0 0 0 0 0 0 0 4 0 0 0 0 0
"18_26044147_G_T" 0 0 0 0 0 0 0 0 0 0 0 0 0 7 0
"18_26636488_C_T" 0 0 0 0 0 1 0 0 0 8 0 0 0 0 0
"18_26860755_G_A" 0 0 4 0 0 0 0 0 0 0 0 0 0 0 0
"18_27168585_C_T" 0 0 0 0 0 0 0 0 0 7 0 0 0 0 0
"18_27577830_G_A" 0 0 0 0 0 0 0 4 0 0 0 0 0 0 0
"18_27920931_T_G" 0 0 3 0 0 0 0 0 0 0 0 0 0 0 0
"18_28158300_A_C" 0 0 0 0 0 0 0 0 0 6 0 0 0 0 0
"18_28168234_G_A" 0 0 0 0 0 0 0 0 0 0 0 0 0 5 0
"18_28372749_C_T" 0 0 0 0 0 0 0 0 0 0 0 0 0 0 4
"18_30119639_T_C" 0 0 0 0 0 4 5 0 0 0 0 0 5 0 0
"18_30175946_A_C" 0 0 0 0 0 0 0 0 0 0 0 0 4 0 0
"18_30683546_T_A" 0 0 0 0 0 0 0 0 0 3 0 0 1 0 0
"18_31423335_C_T" 0 0 0 3 0 0 0 0 0 0 0 0 0 0 0
"18_31467955_C_T" 0 0 0 1 0 0 0 0 1 0 0 0 0 0 3
"18_33603146_C_G" 0 0 0 0 0 4 0 0 0 0 0 0 0 0 0
"18_34787875_C_G" 0 0 0 0 0 0 0 0 0 0 0 0 0 0 5
"18_36049205_G_T" 0 0 0 0 0 0 0 4 0 0 0 0 0 0 0
"18_36115318_C_T" 0 0 5 0 0 0 0 0 0 0 0 0 0 0 0
"18_36350725_A_T" 0 0 0 0 0 0 0 5 0 0 0 0 0 0 0
"18_36430445_T_A" 0 0 4 0 0 0 0 0 0 0 0 0 0 0 0
"18_37127081_A_C" 0 0 4 0 0 0 0 0 0 0 0 0 0 0 0
"18_37144232_G_A" 0 0 0 0 0 0 0 0 0 4 0 0 0 0 0
"18_38185833_A_T" 0 0 1 0 3 0 0 0 0 0 0 0 0 0 0
"18_38653331_T_A" 0 0 0 0 0 0 0 5 0 0 0 0 0 0 0
"18_38911027_A_C" 0 0 0 0 0 0 0 0 0 4 0 0 0 0 0
"18_39449047_A_C" 0 0 3 0 0 0 0 0 0 0 0 0 0 0 0
"18_40818921_C_T" 0 0 0 0 7 0 0 0 0 0 0 0 0 0 0
"18_41109717_G_A" 0 0 0 0 0 0 0 0 0 0 0 0 0 0 4
"18_41383674_T_A" 0 0 5 0 0 0 0 0 0 0 0 0 0 0 0
"18_41672596_A_T" 0 0 0 0 0 0 0 0 0 6 0 0 0 0 0
"18_41988316_A_G" 0 0 0 0 0 6 0 0 0 0 0 0 0 0 0
"18_42127439_A_T" 0 0 0 0 0 0 0 0 0 6 0 0 0 0 0
"18_42557800_C_T" 0 0 0 0 0 0 0 0 0 9 0 0 0 0 0
"18_43079126_G_T" 0 0 0 0 0 0 0 4 0 0 0 0 0 0 0
"18_4314303_G_T" 0 0 0 0 0 0 0 0 0 5 0 0 0 0 0
"18_44296922_C_T" 0 0 0 0 4 0 0 0 0 0 0 0 0 0 0
"18_45575998_A_G" 0 0 0 0 0 0 0 0 0 0 0 0 0 5 0
"18_46316239_A_C" 0 0 0 0 3 0 0 0 0 0 0 0 0 0 0
"18_47084231_T_C" 0 0 0 0 0 0 0 0 0 0 3 0 0 0 0
"18_49701677_C_A" 0 0 0 0 0 0 0 0 0 0 0 0 4 0 0
"18_49886709_A_C" 0 0 4 0 0 0 0 0 0 0 0 0 0 0 0
"18_50572747_T_G" 0 0 6 0 0 0 0 0 0 0 0 0 0 0 0
"18_52850550_C_T" 0 0 0 0 0 0 0 0 0 4 0 0 0 0 0
"18_55063745_G_T" 0 0 0 0 0 0 0 0 0 0 0 7 0 0 0
"18_55996822_C_T" 0 0 0 0 0 0 4 0 0 0 0 0 0 0 0
"18_56197761_C_G" 0 0 0 0 0 0 0 0 0 0 0 0 4 0 0
"18_56956991_T_C" 0 0 0 0 0 0 0 0 0 5 0 0 0 0 0
"18_57203949_C_T" 0 0 0 0 4 0 0 0 0 0 0 0 0 0 0
"18_58585543_T_C" 0 0 0 0 0 0 0 0 0 0 0 0 5 0 0
"18_6008530_C_T" 0 0 0 0 0 0 0 4 0 0 0 0 0 0 0
"18_61771333_G_C" 0 0 0 0 0 7 0 0 0 0 0 0 0 0 0
"18_61940132_T_C" 0 0 0 0 0 4 0 0 0 0 0 0 0 0 0
"18_62428622_C_A" 0 0 3 0 0 0 0 0 0 0 0 0 0 0 0
"18_6273603_C_T" 0 1 6 0 0 0 0 0 0 0 0 0 0 0 0
"18_64365945_C_A" 0 0 6 0 0 0 0 0 0 0 0 1 0 0 0
"18_65403708_G_T" 3 0 0 1 0 0 0 0 0 0 0 0 0 0 0
"18_65721349_G_A" 0 0 0 0 0 0 0 0 0 0 0 0 0 4 0
"18_6681648_C_A" 0 0 0 0 0 0 0 4 0 0 0 0 0 0 0
"18_6693486_T_C" 0 0 0 0 0 0 0 0 0 0 0 0 0 6 0
"18_67394089_A_T" 0 3 0 0 0 0 0 0 0 0 0 0 0 1 0
"18_67547570_A_G" 0 0 0 0 0 0 0 0 1 0 5 0 0 0 1
"18_67708892_C_A" 0 0 0 0 0 0 0 3 0 0 0 0 0 0 0
"18_68058843_C_A" 0 3 0 0 0 0 0 0 0 0 0 0 0 0 0
"18_68315934_A_T" 0 0 0 0 0 4 0 0 0 0 0 0 0 0 0
"18_68354886_T_G" 0 0 1 0 0 0 0 0 0 3 0 0 0 0 0
"18_69244190_T_G" 0 0 0 0 0 0 0 3 0 0 0 0 0 0 0
"18_69633685_A_T" 0 0 0 0 3 0 0 0 0 0 0 0 0 0 0
"18_69684562_G_A" 0 0 0 0 0 5 6 0 0 0 0 0 0 0 0
"18_70040063_A_T" 0 0 0 0 0 0 0 0 0 3 0 0 0 0 0
"18_70210238_T_A" 0 0 0 0 0 0 0 0 0 0 0 0 4 0 0
"18_70624348_G_C" 0 0 0 0 0 0 0 0 0 3 0 0 0 0 0
"18_71315326_T_G" 0 0 0 0 0 0 0 0 0 3 0 0 0 0 0
"18_71965192_C_G" 0 0 3 0 0 0 0 0 0 0 0 0 0 0 0
"18_72791952_A_T" 0 0 0 0 0 0 0 0 0 0 0 3 0 0 0
"18_72883749_A_C" 0 0 0 0 0 0 0 3 0 0 0 0 0 0 0
"18_73786948_T_G" 0 0 1 0 0 0 0 0 0 3 0 0 0 0 0
"18_74536367_G_C" 0 0 0 0 0 0 0 0 0 0 0 4 0 0 0
"18_75438361_G_A" 0 0 0 0 0 0 0 0 0 7 0 0 0 0 0
"18_75596475_A_G" 0 1 5 0 0 0 0 0 0 0 0 0 0 0 0
"18_75785589_C_A" 0 0 4 0 0 0 0 0 0 0 0 0 0 0 0
"18_76368239_C_T" 0 0 0 0 0 0 0 0 0 0 0 0 0 0 4
"18_77294727_A_C" 0 0 0 0 0 2 5 0 0 0 0 0 0 0 0
"18_77711692_T_G" 0 0 1 0 0 0 0 2 0 0 0 0 0 0 0
"18_77829039_A_T" 0 0 0 0 0 0 0 0 0 0 3 0 0 0 0
"18_8130409_T_A" 0 0 0 0 0 0 0 0 0 4 0 0 0 0 0
"18_8532083_T_C" 0 0 0 0 0 0 0 0 0 7 0 0 0 0 0
"18_940245_G_T" 0 0 0 0 5 0 0 0 0 0 0 0 0 0 0
"19_12232706_C_G" 0 0 0 0 0 4 0 0 0 0 0 0 0 0 0
"19_13106772_A_C" 0 0 0 2 0 1 0 0 0 0 0 0 0 0 0
"19_1317605_C_A" 0 3 5 0 0 0 0 0 0 0 0 0 0 0 0
"19_13497134_A_C" 0 1 6 0 0 0 0 0 0 0 0 0 0 0 0
"19_13784676_C_A" 0 0 0 4 0 0 0 0 0 0 0 0 0 0 0
"19_1443153_G_T" 0 0 0 0 0 0 0 5 0 0 0 0 0 0 0
"19_14469397_C_A" 0 0 0 0 0 0 0 0 0 0 0 0 0 7 0
"19_14826267_A_C" 4 0 0 0 0 0 0 0 0 0 0 0 0 0 0
"19_17456385_C_A" 0 0 0 0 0 0 0 2 0 0 0 0 0 0 0
"19_17909259_C_A" 0 0 0 0 0 0 0 0 0 0 0 3 0 0 0
"19_18087446_C_A" 1 0 5 0 1 0 0 0 0 0 0 0 0 0 0
"19_1823995_G_C" 0 0 0 0 0 4 0 0 0 0 0 0 0 0 0
"19_1825787_A_T" 0 0 0 0 0 3 0 0 0 0 0 0 0 0 0
"19_18450286_A_C" 3 0 0 0 0 0 0 0 0 0 0 0 0 0 0
"19_19024758_T_G" 0 0 0 0 0 0 2 0 0 0 0 0 0 0 0
"19_20979767_A_C" 0 0 0 0 0 0 2 0 0 0 0 0 0 0 0
"19_21084023_C_T" 0 0 0 0 6 0 0 0 0 0 0 0 0 0 0
"19_22841036_G_T" 0 0 0 0 0 0 0 0 0 4 0 0 0 0 0
"19_22906154_C_T" 0 0 0 0 0 0 0 0 0 4 0 0 0 0 0
"19_22941526_T_G" 0 0 0 0 0 0 0 0 0 3 0 0 0 0 0
"19_22945496_C_T" 0 0 0 0 0 0 0 0 0 4 0 0 0 0 0
"19_23183064_C_T" 0 0 0 0 0 0 0 0 0 4 0 0 0 0 0
"19_28941853_T_G" 0 0 4 0 0 0 0 0 0 0 0 0 0 0 0
"19_29243411_A_T" 0 0 0 0 0 5 0 0 0 0 0 0 0 0 0
"19_29581940_A_T" 0 0 0 0 5 0 0 0 0 0 0 0 0 0 0
"19_29852328_G_C" 0 0 3 0 0 0 0 0 0 0 0 0 0 0 0
"19_30806378_T_A" 0 0 0 0 0 0 0 0 0 2 0 0 0 0 0
"19_31497454_T_C" 0 0 4 0 0 0 0 0 0 0 0 0 0 0 0
"19_32012318_C_T" 0 0 0 0 0 0 0 0 1 6 0 0 0 0 0
"19_33687305_A_G" 0 0 4 0 0 0 0 0 0 0 0 0 0 0 0
"19_34436610_T_G" 0 0 3 0 0 1 0 0 0 0 0 0 0 0 0
"19_34730414_G_T" 0 0 0 0 0 0 0 0 0 0 6 0 0 0 0
"19_35056903_C_G" 0 0 0 0 0 0 0 0 0 0 3 0 0 0 0
"19_3570247_G_A" 0 0 0 0 0 0 4 0 0 0 0 0 0 1 0
"19_35783280_T_A" 0 0 0 0 0 0 0 0 0 0 0 5 0 0 0
"19_39706802_T_G" 0 0 0 0 0 0 0 0 0 0 0 0 2 0 0
"19_39931934_C_G" 0 0 0 0 0 0 0 0 0 0 0 0 3 0 0
"19_40268074_G_T" 0 0 0 0 0 0 0 5 0 0 0 0 0 0 0
"19_40647125_C_T" 0 0 0 0 5 0 0 0 0 0 0 0 0 0 0
"19_43385075_C_T" 0 0 4 0 0 0 0 0 0 0 0 0 0 0 0
"19_43793836_T_C" 0 0 0 0 0 7 4 0 2 1 1 0 6 0 0
"19_44051638_T_G" 0 0 0 0 0 0 0 1 0 1 3 0 1 0 0
"19_44291339_T_G" 0 0 0 0 0 0 2 0 0 0 0 0 0 0 0
"19_44831771_T_C" 0 0 0 0 0 0 0 0 0 0 0 0 0 0 4
"19_45150983_A_C" 0 0 0 0 0 2 0 0 0 0 0 0 0 0 0
"19_45253151_T_G" 2 0 0 0 0 0 0 0 0 0 0 0 0 0 0
"19_46269057_G_A" 0 0 0 0 0 0 0 0 0 3 0 0 0 0 0
"19_4641655_T_G" 0 0 0 0 0 3 0 0 0 0 0 0 0 0 0
"19_46582062_G_T" 0 0 0 0 0 0 0 0 0 0 9 0 0 0 0
"19_46799635_G_C" 0 0 0 0 0 0 0 0 0 3 0 0 0 0 0
"19_46945404_C_G" 0 2 3 0 0 0 0 0 0 0 0 0 0 0 0
"19_47118675_A_C" 0 0 0 0 0 0 0 0 0 3 0 0 0 0 0
"19_475866_C_T" 0 0 0 0 0 0 0 0 0 0 1 0 4 0 0
"19_476147_C_T" 0 0 0 0 0 0 0 0 0 0 0 0 4 0 0
"19_47836796_G_T" 0 0 0 0 0 0 0 0 0 3 0 0 0 0 0
"19_48215463_T_G" 0 0 1 0 0 0 0 0 0 0 0 0 0 0 3
"19_4892244_C_G" 0 0 0 0 0 0 5 0 0 0 0 0 0 0 0
"19_50151827_C_T" 0 0 0 3 0 0 0 0 1 2 0 0 0 0 0
"19_50778611_C_A" 3 0 0 0 0 0 0 0 0 0 0 0 0 0 0
"19_51693859_T_G" 0 3 0 0 0 0 0 0 0 0 0 0 0 0 0
"19_51978348_A_G" 0 0 0 0 0 5 4 0 0 0 0 0 0 0 0
"19_51989050_T_G" 0 0 0 0 0 0 0 0 0 0 1 0 0 2 0
"19_52030144_A_T" 0 0 4 0 0 0 0 0 0 0 0 0 0 0 0
"19_54187929_G_T" 0 0 0 0 1 4 2 0 0 1 1 7 0 0 0
"19_54633182_G_C" 0 0 0 0 0 0 0 4 0 0 0 0 0 0 0
"19_58147932_G_T" 0 0 0 0 0 0 0 0 0 0 3 0 0 0 0
"19_58242059_C_T" 0 0 0 0 0 0 0 0 0 0 5 0 0 0 0
"19_58671481_G_T" 0 0 0 0 0 0 4 0 0 0 0 0 0 0 0
"19_58936386_G_T" 0 0 0 0 0 0 0 3 0 0 0 0 0 0 0
"2_100100171_T_C" 0 0 0 0 0 0 0 5 0 0 0 0 0 0 0
"2_101623094_T_G" 0 0 0 0 0 0 0 4 0 0 0 0 0 0 0
"2_103831647_T_G" 0 0 3 0 0 0 0 0 0 0 0 0 0 0 0
"2_103972579_C_T" 0 0 0 0 0 0 0 0 0 0 6 0 0 0 0
"2_10448150_G_A" 0 0 0 0 4 0 0 0 0 0 0 0 0 0 0
"2_104567208_G_C" 0 0 3 0 0 0 0 0 0 0 0 0 0 0 0
"2_104611319_C_A" 0 0 0 0 0 0 0 7 0 0 0 0 1 0 0
"2_105064064_G_A" 0 0 0 0 0 0 0 6 0 0 0 0 0 0 0
"2_105518807_G_A" 0 0 0 0 0 4 0 0 0 0 0 1 0 0 0
"2_105914792_G_A" 0 0 0 0 0 0 0 0 0 0 0 0 0 4 0
"2_106201584_G_A" 0 2 5 0 0 0 0 0 0 0 0 0 0 0 0
"2_106211722_A_C" 0 0 0 2 0 0 0 0 0 0 0 0 0 0 0
"2_107632364_C_A" 0 0 0 0 0 0 0 0 0 0 0 0 4 0 0
"2_107739881_G_C" 0 0 5 0 0 0 0 0 0 0 0 0 0 0 0
"2_107954749_G_T" 0 0 0 0 0 0 0 0 0 0 3 0 0 0 0
"2_108635520_C_G" 0 0 0 0 0 5 0 0 0 0 0 0 0 0 0
"2_109479973_A_C" 0 0 2 0 0 0 0 0 0 0 0 0 0 0 0
"2_109904891_A_C" 0 0 3 0 0 0 0 0 0 0 0 0 0 0 0
"2_111630361_T_A" 0 0 0 0 0 0 0 0 0 6 0 0 0 0 0
"2_112461298_C_T" 0 0 0 0 5 0 0 0 0 0 0 0 0 0 0
"2_115651630_A_T" 0 0 0 0 0 0 0 0 0 3 0 0 0 0 0
"2_115740269_C_T" 0 0 0 0 0 0 0 0 0 4 0 0 0 0 0
"2_116085004_A_T" 0 0 4 0 0 0 0 0 0 0 0 0 0 0 0
"2_116623492_A_C" 0 0 3 0 0 0 0 0 0 0 0 0 0 0 0
"2_117736781_G_A" 0 0 0 0 4 0 0 0 0 0 0 0 0 0 0
"2_118208990_A_G" 0 0 0 0 0 0 0 0 0 8 0 0 0 0 0
"2_118241327_A_T" 0 0 0 0 0 0 0 0 0 0 5 0 0 0 0
"2_118297025_A_G" 0 0 0 0 0 0 0 0 0 6 0 0 0 0 1
"2_119711761_T_G" 0 0 4 0 0 0 0 0 0 0 0 0 0 0 0
"2_122096760_C_G" 0 0 0 0 0 0 0 3 0 0 0 0 0 0 0
"2_12226758_T_C" 0 0 0 0 0 4 0 0 0 0 0 0 0 0 0
"2_122791259_G_A" 0 0 0 0 0 1 0 4 6 1 0 0 1 0 3
"2_123074922_T_G" 0 0 4 0 0 0 0 0 0 0 0 0 0 0 0
"2_123218273_A_C" 0 0 0 0 0 0 0 7 0 0 0 0 0 0 0
"2_123331926_T_G" 0 0 0 0 0 3 0 0 0 0 0 0 0 0 0
"2_123509992_T_A" 0 1 0 0 0 0 0 0 0 0 0 4 0 3 0
"2_124315397_C_A" 0 0 0 0 0 5 0 0 0 0 0 0 0 0 0
"2_124406188_G_A" 0 0 0 0 0 0 0 0 4 0 0 0 0 0 0
"2_125849733_C_A" 0 0 0 0 0 0 0 0 0 0 0 0 9 0 0
"2_126100814_A_G" 0 0 0 0 0 0 0 0 0 0 3 0 0 0 0
"2_126436744_A_T" 0 0 0 0 0 0 0 0 0 0 6 0 0 0 0
"2_129600711_A_T" 0 0 0 0 0 0 0 0 0 0 0 4 0 0 0
"2_130286547_C_T" 0 0 0 0 4 0 0 0 0 0 0 0 0 0 0
"2_133861963_A_C" 0 0 4 0 0 0 0 0 0 0 0 0 0 0 0
"2_135043220_T_G" 0 0 4 0 0 0 0 0 0 0 0 0 0 0 0
"2_135693855_C_A" 0 0 0 0 0 0 0 0 0 0 4 0 0 0 0
"2_136222654_T_G" 0 0 0 0 0 0 0 0 0 4 0 0 0 0 0
"2_136939417_G_A" 0 0 0 0 0 2 0 0 1 0 8 2 7 0 1
"2_138011264_T_G" 0 0 0 0 0 0 0 0 0 3 0 0 0 0 0
"2_138817657_G_T" 0 0 6 0 0 0 0 0 0 0 0 0 0 0 0
"2_139614117_T_A" 0 0 0 4 0 0 0 0 1 0 0 0 0 0 0
"2_14062411_T_G" 0 0 4 0 0 0 0 0 0 0 0 0 0 0 0
"2_140738137_A_T" 0 0 0 0 0 0 0 0 0 0 0 0 4 0 0
"2_141357317_G_C" 0 0 0 0 0 0 0 0 0 4 0 0 0 0 0
"2_141362108_A_T" 0 0 0 0 0 0 0 0 0 2 0 0 0 0 0
"2_14208486_C_A" 0 0 5 0 0 0 0 0 0 0 0 0 0 0 0
"2_142182380_C_A" 0 0 0 0 0 0 0 0 0 4 0 0 0 0 0
"2_143064248_T_C" 0 0 0 0 0 0 0 4 0 0 0 0 0 0 0
"2_143091860_A_T" 0 0 0 0 3 0 0 0 0 0 0 0 0 0 0
"2_143803434_G_A" 0 0 0 0 0 0 0 0 0 6 0 0 0 0 0
"2_144541650_T_G" 0 0 0 0 0 0 0 0 0 3 0 0 0 0 0
"2_144951954_C_G" 0 0 0 0 0 4 0 0 0 0 0 0 0 0 0
"2_146874303_G_A" 0 0 3 0 0 0 0 0 0 0 0 0 0 0 0
"2_147937166_T_A" 0 0 0 0 4 2 2 0 0 1 1 8 1 0 0
"2_15024384_G_A" 0 0 0 0 0 0 0 0 0 6 0 0 0 0 0
"2_151617277_G_C" 0 0 0 0 0 9 2 0 0 0 0 0 0 0 0
"2_153049057_A_C" 0 0 0 0 5 0 0 0 0 0 0 0 0 0 0
"2_153905311_A_C" 0 0 4 0 0 0 0 0 0 0 0 0 0 0 0
"2_155672722_A_C" 0 0 5 0 0 0 0 0 0 0 0 0 0 0 0
"2_1566927_A_T" 0 0 0 0 0 3 0 0 0 0 0 0 0 0 0
"2_156874044_A_T" 0 0 0 0 0 0 0 0 0 0 0 5 0 0 0
"2_157810268_A_G" 0 0 0 0 0 0 0 0 0 0 7 0 0 0 0
"2_158120054_T_G" 0 0 0 0 0 3 4 0 0 0 0 0 0 0 0
"2_158901144_T_A" 0 0 0 0 0 3 6 0 0 0 0 0 0 0 0
"2_158911787_A_G" 0 0 0 0 0 0 0 0 0 0 0 0 0 6 0
"2_159008507_T_G" 0 0 0 0 0 0 0 0 2 0 0 0 0 0 0
"2_159147002_G_A" 0 0 0 0 0 0 0 0 0 4 0 0 0 0 0
"2_159924378_C_G" 0 0 0 0 0 5 2 0 0 0 0 0 0 0 0
"2_160005738_C_T" 0 0 0 0 6 0 0 0 0 0 0 0 0 0 0
"2_160175491_T_G" 0 0 3 0 0 0 0 0 0 0 0 0 0 0 0
"2_160175525_C_G" 0 0 3 0 0 0 0 0 0 0 0 0 0 0 0
"2_160536246_G_C" 0 0 0 0 0 4 0 0 0 0 0 0 0 0 0
"2_160792026_A_T" 0 0 0 0 5 0 0 0 0 0 0 0 0 0 0
"2_160953965_C_T" 0 0 0 0 0 0 0 0 0 0 0 7 0 0 0
"2_161064143_G_A" 0 0 0 0 0 0 0 0 0 5 0 0 0 0 0
"2_161158729_T_A" 0 0 3 0 0 0 0 0 0 0 1 0 0 0 0
"2_162595476_G_T" 0 0 0 0 0 0 0 3 0 0 0 0 0 0 0
"2_163458655_T_G" 0 0 0 0 0 0 0 0 0 3 0 0 0 0 0
"2_164201450_T_G" 0 0 3 0 0 1 0 0 0 0 0 0 0 0 0
"2_164243153_A_G" 0 0 4 0 0 0 0 0 0 0 0 0 0 0 0
"2_164352241_T_A" 0 0 0 0 0 0 0 0 0 4 0 0 0 0 0
"2_164605614_C_A" 0 0 0 0 0 0 0 0 0 0 0 9 0 0 0
"2_165165168_G_A" 0 0 0 0 0 0 0 0 0 4 0 0 0 0 0
"2_168609644_C_G" 0 0 3 0 0 0 0 0 0 0 0 0 0 0 0
"2_169539714_T_C" 0 0 0 0 0 5 0 0 0 0 0 0 0 0 0
"2_170224096_A_G" 0 0 0 0 0 2 4 0 0 0 0 0 0 0 0
"2_171082222_C_G" 0 0 3 0 0 0 0 0 0 0 0 0 0 0 0
"2_174887099_T_C" 0 0 0 0 0 6 0 0 0 0 0 0 0 0 0
"2_174922720_T_G" 0 0 0 0 0 0 0 0 0 0 0 0 4 0 0
"2_175384623_A_T" 0 0 0 0 0 0 0 0 0 0 3 0 0 0 0
"2_176302067_C_T" 0 0 0 0 0 0 0 0 0 9 0 0 0 0 0
"2_176406403_A_G" 0 0 0 0 0 0 0 0 0 0 0 0 0 4 0
"2_176466154_T_G" 0 0 3 0 0 0 0 0 0 0 0 0 0 0 0
"2_176922217_C_T" 0 0 0 0 0 5 2 1 0 0 0 0 0 0 0
"2_176982446_A_C" 0 0 0 0 0 0 0 0 0 0 0 0 2 0 0
"2_177891546_C_T" 0 0 0 0 0 0 0 4 0 0 0 0 0 0 0
"2_177944022_A_G" 0 0 0 0 0 0 0 0 0 6 0 0 0 0 0
"2_178624906_A_C" 0 0 0 0 0 2 0 0 0 0 0 0 0 0 0
"2_179602326_C_T" 0 0 0 0 0 2 1 0 0 0 1 9 0 0 0
"2_180119583_A_G" 0 0 0 0 0 0 0 3 0 0 0 0 0 0 0
"2_181087243_T_G" 0 0 0 0 0 4 0 0 0 0 0 0 0 0 0
"2_181555912_G_C" 0 0 3 0 0 0 0 0 0 0 0 0 0 0 0
"2_183514210_C_G" 0 0 0 0 0 0 0 0 0 4 0 0 0 0 0
"2_183741199_A_T" 0 0 0 0 4 0 0 0 0 0 0 0 0 0 0
"2_188185632_G_A" 0 0 0 0 0 5 0 0 0 0 0 0 0 0 0
"2_188489025_C_T" 0 0 0 0 0 5 0 0 0 0 0 0 0 0 0
"2_189606376_G_A" 0 0 0 0 0 0 0 0 0 0 0 0 6 0 0
"2_1897924_T_G" 0 0 0 0 0 0 0 0 0 0 0 0 0 2 0
"2_190282137_T_C" 0 0 0 0 0 0 4 0 0 0 0 0 0 0 0
"2_190573738_G_A" 0 0 0 0 0 0 0 0 0 0 0 0 4 0 0
"2_191089793_C_A" 0 0 0 0 0 0 0 0 0 7 0 0 0 0 0
"2_191538886_A_G" 0 0 0 0 0 0 0 3 0 0 0 0 0 0 0
"2_191797766_C_T" 0 0 0 0 0 0 0 0 0 0 0 0 0 0 6
"2_192440511_G_C" 0 0 0 0 4 0 0 0 0 0 0 0 0 0 0
"2_192565201_T_A" 0 0 0 4 0 0 0 0 0 0 0 0 1 0 0
"2_193576454_T_A" 0 0 0 0 0 0 0 0 0 0 0 0 5 0 0
"2_194427099_A_T" 0 0 0 0 5 0 0 0 0 0 0 0 0 0 0
"2_195096675_A_G" 0 0 0 0 0 0 0 0 0 4 0 0 0 0 0
"2_195823256_A_C" 0 0 0 0 3 0 0 0 0 0 0 0 0 0 0
"2_196161639_T_C" 0 0 0 0 0 0 0 5 0 0 0 0 0 0 0
"2_198936127_G_T" 0 0 0 0 0 0 0 1 0 0 0 0 5 0 0
"2_199326480_C_A" 0 0 5 0 0 0 0 0 0 0 0 0 0 0 0
"2_199833925_C_T" 0 0 0 0 0 4 0 0 0 0 0 0 0 0 0
"2_200076019_G_A" 0 0 0 0 0 0 0 0 0 0 4 0 0 0 0
"2_201463366_C_G" 0 0 0 0 0 4 5 0 0 0 0 0 0 0 0
"2_201735973_C_T" 0 0 0 0 0 0 0 0 0 0 0 0 0 7 4
"2_202917123_C_A" 0 0 0 0 0 0 0 0 0 4 0 0 0 0 0
"2_203258484_A_G" 0 0 0 0 0 4 4 0 0 0 0 0 0 0 0
"2_205237798_T_G" 0 0 0 0 0 0 0 0 3 0 0 0 0 0 0
"2_205307467_T_C" 0 0 0 0 0 4 0 0 0 0 0 0 0 0 0
"2_205604766_C_A" 0 0 4 0 0 0 0 0 0 0 0 0 0 0 0
"2_207286040_G_C" 0 0 3 0 0 0 0 0 0 0 0 0 0 0 0
"2_20924038_C_T" 0 0 0 0 4 0 0 0 0 0 0 0 0 0 0
"2_210761778_A_C" 0 0 0 0 0 0 0 3 0 0 0 0 0 0 0
"2_211472674_A_G" 0 0 0 0 0 7 7 0 0 0 0 0 0 0 0
"2_211502864_G_C" 0 0 0 0 0 0 0 0 0 3 0 0 0 0 0
"2_211715036_C_G" 0 0 0 0 0 0 4 0 0 0 0 0 0 0 0
"2_211906142_C_T" 0 0 0 0 0 0 0 5 0 0 0 0 0 0 0
"2_213220595_G_A" 0 0 0 0 0 0 0 0 0 0 0 0 4 0 0
"2_214453879_C_A" 0 0 0 0 0 0 0 0 0 0 0 0 5 0 0
"2_214660449_A_T" 0 0 0 0 0 0 0 0 0 0 0 5 0 0 0
"2_214692968_T_C" 0 0 0 0 0 0 0 4 0 0 0 0 0 0 0
"2_21524095_C_A" 0 0 0 0 5 0 0 0 0 0 0 0 0 0 0
"2_21530550_A_C" 0 0 0 0 0 0 0 0 0 4 0 0 0 0 0
"2_21830835_G_A" 0 0 1 0 0 0 0 0 0 6 0 0 0 0 0
"2_21937828_T_A" 0 0 0 0 0 0 0 3 0 0 0 0 0 0 0
"2_219852839_T_G" 0 0 0 0 0 2 0 0 0 0 0 0 0 0 0
"2_220127407_A_T" 0 0 0 1 2 0 0 2 0 0 0 0 1 0 3
"2_220621038_C_A" 0 0 0 0 0 0 0 0 0 7 0 0 0 0 0
"2_220728914_T_G" 0 0 0 0 4 0 0 0 0 0 0 0 0 0 0
"2_221282055_C_T" 0 0 0 0 0 0 0 0 0 0 4 0 5 0 0
"2_221293743_G_T" 0 0 3 0 0 0 0 0 0 0 0 1 0 0 0
"2_221648970_G_C" 0 0 0 0 0 0 0 0 0 3 0 0 0 0 0
"2_22213181_G_A" 0 0 0 0 0 0 0 0 0 6 0 0 0 0 0
"2_22238139_G_T" 0 0 0 0 0 0 0 0 0 0 0 5 0 0 0
"2_22238140_G_T" 0 0 0 0 0 0 0 0 0 0 0 4 0 0 0
"2_222574574_A_G" 0 0 0 0 0 4 0 0 0 0 0 0 0 0 0
"2_223516973_C_G" 0 0 0 0 0 0 0 3 0 0 0 0 0 0 0
"2_223689598_T_A" 0 0 4 0 0 0 0 0 0 0 0 0 0 0 0
"2_22388808_G_A" 0 0 0 0 0 5 0 1 0 0 0 0 0 0 0
"2_224445917_G_C" 0 0 0 0 4 0 0 0 0 0 0 0 2 0 0
"2_224980247_T_G" 0 0 2 0 0 0 0 0 0 0 0 0 0 0 0
"2_225359856_A_G" 0 0 0 0 0 6 5 0 1 0 2 1 2 0 0
"2_226367253_C_T" 0 0 4 0 0 0 0 0 0 0 0 0 0 0 0
"2_226741695_T_A" 0 0 0 0 0 0 0 3 0 0 0 0 0 0 0
"2_226973328_C_T" 0 0 0 0 0 0 0 0 0 0 0 5 0 0 0
"2_227806807_A_C" 0 0 0 0 0 0 0 0 0 0 0 6 0 0 0
"2_228113254_A_C" 2 0 0 0 0 0 0 0 0 0 0 0 0 0 0
"2_228575859_C_T" 0 0 0 0 0 0 0 0 0 8 0 1 0 0 0
"2_229290850_T_A" 0 0 0 0 0 0 0 7 0 0 0 0 0 0 0
"2_230029364_T_G" 0 0 4 0 0 0 0 0 0 0 0 0 0 0 0
"2_230062368_A_G" 0 0 4 0 0 0 0 0 0 0 0 0 0 0 0
"2_23016746_A_C" 0 0 1 0 0 0 0 0 0 3 0 0 0 0 0
"2_230923960_C_G" 0 0 0 0 0 0 0 0 0 0 0 0 0 0 5
"2_231095902_A_G" 0 0 0 0 0 0 0 0 0 0 0 0 4 0 0
"2_231428120_A_C" 0 0 0 0 0 0 2 0 0 0 0 0 0 0 0
"2_231826449_A_C" 0 0 0 0 6 0 0 0 0 0 0 0 0 0 0
"2_234155427_T_G" 0 0 0 0 0 0 2 0 0 0 0 0 0 0 0
"2_234472651_C_T" 0 0 0 0 0 0 0 0 0 0 4 0 0 0 0
"2_235646647_T_A" 0 0 0 0 0 0 0 3 0 0 0 0 0 0 0
"2_236988100_C_A" 0 0 0 0 0 0 0 0 0 0 4 0 0 0 0
"2_2374199_T_G" 0 0 3 0 0 0 0 0 0 0 0 0 0 0 0
"2_238151445_T_A" 0 0 0 0 0 0 0 0 0 3 0 0 0 0 0
"2_239478037_C_T" 0 0 0 0 0 0 0 0 0 6 0 0 0 0 0
"2_239483743_C_T" 0 0 0 0 0 0 0 0 0 4 0 0 0 0 0
"2_240625634_T_G" 0 0 0 0 3 0 0 0 0 0 0 0 0 0 0
"2_24115190_C_T" 0 0 0 0 0 0 0 0 0 0 0 4 0 0 0
"2_242100922_C_A" 0 0 0 0 0 0 0 0 0 0 0 0 4 0 0
"2_25023942_G_A" 0 0 5 0 0 0 0 0 0 0 0 0 0 0 0
"2_25723577_G_A" 0 0 0 0 0 0 0 0 0 0 0 0 5 0 0
"2_29546859_A_C" 0 0 0 0 0 0 3 0 0 0 0 0 0 0 0
"2_31970435_C_G" 0 0 0 0 0 0 0 0 0 0 0 5 0 0 0
"2_34907212_G_A" 0 0 0 0 0 0 0 4 0 0 0 0 0 0 0
"2_35341498_C_T" 0 0 0 0 0 0 0 0 0 5 0 0 0 0 0
"2_35613674_C_A" 0 0 0 0 0 0 0 4 0 0 0 0 0 0 0
"2_35697854_T_G" 0 0 3 0 0 0 0 0 0 0 0 0 0 0 0
"2_35798642_T_C" 0 0 0 0 0 0 0 0 0 5 0 0 0 0 0
"2_3585632_A_T" 0 0 0 0 0 0 4 0 0 0 0 1 0 0 0
"2_37218063_G_C" 0 0 0 0 0 0 0 3 0 0 0 0 0 0 0
"2_38316663_G_A" 0 0 0 0 0 0 0 0 0 0 0 0 4 0 0
"2_38643235_C_T" 0 0 0 0 0 6 0 0 0 0 0 0 0 0 0
"2_39651846_C_T" 0 0 0 0 5 0 0 0 0 0 0 0 0 0 0
"2_41940074_A_C" 0 0 0 0 0 0 0 0 0 0 2 0 0 0 0
"2_4221211_G_A" 0 0 5 0 0 0 0 0 0 0 0 0 0 0 0
"2_43012084_C_T" 0 0 0 0 0 0 0 0 0 0 0 0 0 0 4
"2_43301471_G_A" 0 0 0 0 0 0 0 0 0 0 0 5 0 0 0
"2_43593858_T_C" 0 0 0 0 5 0 0 0 0 0 0 0 0 0 0
"2_44365229_A_C" 0 0 0 3 0 0 0 0 0 1 0 0 0 0 0
"2_45054585_C_T" 0 0 0 0 0 0 1 0 9 0 0 0 0 0 0
"2_45309158_C_T" 0 0 0 0 0 5 2 0 0 0 0 0 0 0 0
"2_45508160_C_T" 0 0 0 0 0 7 2 0 0 0 0 0 0 0 0
"2_47969511_C_G" 0 0 0 0 4 0 0 0 0 0 0 0 0 0 0
"2_48015452_G_C" 0 0 0 0 0 0 0 2 0 0 0 0 0 0 0
"2_48314970_A_C" 0 0 0 0 0 0 2 0 0 0 0 0 0 0 0
"2_49269849_A_G" 0 0 0 0 4 0 0 0 0 0 0 0 0 0 0
"2_50208874_T_G" 0 0 0 0 0 0 0 0 0 3 0 0 0 0 0
"2_50456028_G_C" 0 0 4 0 0 0 0 0 0 0 0 0 0 0 0
"2_51890779_T_A" 0 0 0 0 0 0 0 0 0 7 0 0 0 0 0
"2_5224821_C_G" 0 1 4 0 0 0 0 0 0 0 0 0 0 0 0
"2_52275409_A_T" 0 1 3 0 0 0 0 0 0 0 0 0 0 0 0
"2_54031852_C_T" 0 0 0 0 0 0 0 0 0 5 0 0 0 0 0
"2_5433352_A_G" 0 0 4 0 0 0 0 0 0 0 0 0 0 0 0
"2_5664156_A_C" 0 0 0 0 1 0 0 0 0 5 0 0 0 0 0
"2_57205695_T_G" 0 0 4 0 0 0 0 0 0 0 0 0 0 0 0
"2_58166427_C_A" 0 0 0 0 0 0 0 0 3 0 0 0 0 0 0
"2_58324450_T_A" 0 0 0 0 0 0 0 0 0 0 0 6 0 0 0
"2_58688544_T_C" 0 0 3 0 0 0 0 0 0 0 0 0 0 0 0
"2_58903590_C_T" 0 0 0 0 4 0 0 0 0 0 0 0 0 0 0
"2_6059450_A_C" 0 0 4 0 0 0 0 0 0 0 0 0 0 0 0
"2_60713149_C_A" 0 0 0 0 0 0 0 0 0 4 0 0 0 0 1
"2_62218650_T_G" 0 0 0 0 4 0 0 0 0 0 0 0 0 0 0
"2_6424389_A_C" 0 0 3 0 0 0 0 0 0 0 0 0 0 0 0
"2_6429481_C_T" 0 0 0 0 0 4 1 0 0 0 0 0 0 0 0
"2_6440690_G_A" 0 0 0 1 6 0 0 0 0 0 0 0 0 0 0
"2_64413232_C_T" 0 0 0 0 4 0 0 0 0 0 0 0 0 0 0
"2_64498072_T_G" 0 0 0 0 0 0 3 0 0 0 0 0 2 0 0
"2_65789927_G_T" 0 0 0 0 0 4 0 0 0 0 0 0 0 0 0
"2_66262903_G_T" 0 0 4 0 0 0 0 0 0 0 0 0 1 0 0
"2_66957648_C_G" 0 0 4 0 0 0 0 0 0 0 0 0 0 0 0
"2_67068681_T_G" 0 0 3 0 0 0 0 0 0 0 0 0 0 0 0
"2_6874113_C_A" 0 0 4 0 0 0 0 0 0 0 0 0 0 0 0
"2_69300353_T_C" 0 0 0 0 4 0 0 0 0 0 0 0 0 0 0
"2_69811771_C_A" 0 0 0 0 0 4 0 0 0 0 0 0 0 0 0
"2_70341097_A_C" 0 0 4 0 0 0 0 0 0 0 0 0 0 0 0
"2_71704246_G_T" 0 0 0 0 0 0 0 0 0 0 0 0 0 0 5
"2_71919365_C_T" 0 0 0 0 0 0 0 0 0 4 0 0 0 0 0
"2_72050279_A_C" 0 0 0 0 0 0 0 0 0 0 0 0 3 0 0
"2_73063522_G_C" 0 0 4 0 0 0 0 0 0 0 0 0 0 0 0
"2_73063538_A_C" 0 0 4 0 0 0 0 0 0 0 0 0 0 0 0
"2_73065572_A_T" 0 0 3 0 0 0 0 0 0 0 0 0 0 0 0
"2_73263290_C_A" 0 0 0 0 0 0 0 0 0 0 0 4 0 0 0
"2_73315326_G_A" 0 0 0 0 0 5 0 0 0 0 0 0 0 0 0
"2_73390306_C_T" 0 0 0 0 0 0 0 0 0 3 0 1 0 0 0
"2_76957994_C_A" 0 0 0 0 4 0 0 0 0 0 0 0 0 0 0
"2_77499139_C_T" 0 0 0 0 0 4 0 0 0 0 0 0 0 0 0
"2_7770007_C_G" 0 0 0 0 0 0 0 0 0 0 0 0 0 5 0
"2_78038982_T_A" 0 0 0 0 0 0 0 0 0 4 0 0 0 0 0
"2_78133446_C_T" 0 0 0 0 0 0 0 0 0 0 0 0 0 0 5
"2_78331706_C_A" 0 1 3 0 0 0 0 0 0 0 0 0 0 0 0
"2_79032235_G_A" 0 0 0 0 0 6 0 0 0 0 0 0 0 0 0
"2_79133308_T_G" 0 0 0 0 0 2 3 0 0 0 0 0 0 0 0
"2_79153476_T_G" 0 0 0 0 0 5 0 0 0 0 0 0 0 0 0
"2_79793314_C_G" 0 0 0 0 0 0 4 0 0 0 0 0 0 0 0
"2_80285869_C_T" 0 0 5 0 0 0 0 0 0 0 0 0 0 0 0
"2_80381111_T_G" 0 0 0 0 0 4 0 0 0 0 0 0 0 0 0
"2_81076908_T_A" 0 0 0 0 0 0 0 0 0 0 0 4 0 0 0
"2_81369921_A_G" 0 0 0 0 0 0 0 0 0 0 0 0 3 0 0
"2_81743725_T_G" 0 0 0 0 0 9 6 0 0 0 0 0 0 0 0
"2_81901986_A_G" 0 0 0 0 6 0 0 0 0 0 0 0 0 0 0
"2_82070910_A_C" 0 0 0 0 0 0 0 0 0 0 0 0 0 14 1
"2_856019_T_C" 0 0 0 0 0 0 0 0 0 7 0 0 0 0 0
"2_86118278_T_G" 0 0 0 0 0 0 0 0 0 0 2 0 0 0 0
"2_86186794_A_C" 0 0 0 0 0 3 4 0 0 0 0 0 0 0 0
"2_88455651_G_A" 0 0 0 0 0 0 0 0 0 7 0 0 0 0 0
"2_89159384_T_A" 0 1 4 0 0 0 0 0 0 0 0 0 0 0 0
"2_89159442_T_A" 0 1 4 0 0 0 0 0 0 0 0 0 0 0 0
"2_89358582_A_G" 0 0 0 0 0 0 0 3 0 0 0 0 0 0 0
"2_89385310_T_G" 0 0 4 0 0 0 0 0 0 0 0 0 0 0 0
"2_92036724_G_C" 0 0 0 0 0 0 0 0 0 0 3 0 0 0 0
"2_92109595_C_T" 0 0 5 0 0 0 0 0 0 0 0 0 0 0 0
"2_9389821_T_G" 0 0 0 0 0 0 2 0 0 0 0 0 0 0 0
"2_95587654_A_G" 0 0 0 0 4 0 0 0 0 0 0 0 0 0 0
"2_95801763_C_T" 0 0 0 0 0 0 0 0 0 0 0 0 0 7 2
"2_95978474_A_C" 0 0 0 2 0 0 0 0 0 0 0 0 0 0 0
"2_96644906_T_C" 0 0 0 0 0 0 0 4 0 0 0 0 0 0 0
"2_97318868_C_T" 0 0 0 0 0 0 0 0 0 0 0 0 0 11 0
"2_991940_T_G" 0 0 0 0 0 0 0 0 0 3 0 0 0 0 0
"2_99364661_C_T" 0 0 0 0 0 0 0 0 0 0 5 0 0 0 0
"2_99706859_A_C" 0 0 0 0 0 0 0 0 0 0 0 0 0 3 0
"20_11756337_T_G" 0 0 0 0 0 0 0 0 0 0 0 0 0 2 0
"20_12151728_C_T" 0 0 0 0 5 0 0 0 0 0 0 0 0 0 0
"20_12228705_T_G" 1 0 0 0 0 0 0 0 0 0 0 0 3 0 0
"20_12283039_G_T" 0 0 0 0 0 0 0 7 0 0 0 0 0 0 0
"20_12457138_C_T" 0 0 0 0 0 4 4 0 0 0 0 0 0 0 0
"20_1247575_T_G" 0 0 0 0 0 0 0 0 2 0 0 0 0 0 0
"20_13750160_C_G" 0 0 0 0 0 5 3 0 0 0 0 0 0 0 0
"20_14236523_C_T" 0 0 0 0 0 0 0 0 0 6 0 0 0 0 0
"20_14362625_T_A" 0 0 0 0 0 0 0 3 0 0 0 0 0 0 0
"20_14409963_T_G" 5 0 0 2 2 15 7 6 7 0 4 2 6 0 6
"20_14504474_T_G" 0 1 3 0 0 0 0 0 0 0 0 0 0 0 0
"20_14780428_A_G" 0 0 0 0 0 0 0 0 0 0 0 0 0 0 5
"20_17225637_A_C" 0 0 4 0 0 0 0 0 0 0 0 0 0 0 0
"20_17863404_C_A" 0 0 0 0 0 0 0 4 0 0 0 0 0 0 0
"20_19005592_G_C" 0 0 0 0 0 0 0 0 0 0 0 0 0 3 0
"20_20186227_C_A" 0 0 0 0 0 0 0 0 0 0 3 0 0 0 0
"20_21012702_C_T" 0 0 0 0 0 0 0 0 0 0 0 0 5 0 0
"20_22427399_A_T" 0 0 4 0 0 0 0 0 0 0 0 0 0 0 0
"20_22904219_A_C" 0 0 0 0 0 0 0 0 0 6 0 0 0 0 0
"20_23290677_C_A" 0 0 0 0 0 0 0 4 0 0 0 0 0 0 0
"20_23914015_C_T" 0 0 0 0 0 0 0 0 0 0 0 6 0 0 0
"20_24114119_A_C" 0 0 0 0 0 0 0 0 0 11 0 0 0 0 0
"20_25085869_A_C" 0 0 0 0 0 0 0 0 0 0 5 0 0 0 0
"20_25143237_G_T" 0 0 0 0 0 0 0 0 0 7 0 0 0 0 0
"20_25563131_T_C" 0 0 0 0 0 0 0 0 0 0 0 5 0 0 0
"20_26095244_G_A" 0 0 7 0 0 0 0 0 0 0 0 0 0 0 0
"20_308299_C_T" 0 0 0 0 0 0 0 0 0 0 0 0 6 0 0
"20_32983100_A_C" 0 0 3 0 0 0 0 0 0 0 0 0 0 0 0
"20_33296916_G_A" 0 0 0 0 0 0 0 4 0 0 0 0 0 0 0
"20_34888473_A_C" 0 0 0 0 0 0 0 0 0 0 0 3 0 0 0
"20_39726721_A_C" 0 0 0 0 0 0 0 0 0 0 3 0 0 0 0
"20_41646167_T_G" 0 1 4 0 0 0 0 0 0 0 0 0 0 0 0
"20_42589465_C_T" 0 0 0 0 0 4 0 0 0 0 0 0 0 0 0
"20_43572624_A_C" 0 0 0 0 0 0 0 0 0 4 0 0 0 0 0
"20_44576523_C_T" 0 0 0 0 4 0 0 0 0 0 0 0 0 0 0
"20_45178979_T_C" 0 0 0 0 0 3 0 0 0 0 0 0 0 0 0
"20_46368118_T_G" 0 0 1 0 0 0 0 0 0 3 0 0 0 0 0
"20_46540182_T_G" 0 0 0 0 3 0 0 0 0 0 0 0 0 0 0
"20_4692822_C_A" 0 0 3 0 0 0 0 0 0 0 0 0 0 0 0
"20_46928640_T_C" 0 0 0 0 0 0 0 0 0 0 0 0 0 5 0
"20_48184076_C_A" 0 0 0 0 0 0 0 0 0 0 4 0 0 0 0
"20_48965986_A_C" 0 0 0 0 0 0 0 0 0 0 0 0 0 0 2
"20_52061297_G_T" 3 2 0 0 0 0 0 0 0 0 0 0 0 0 0
"20_52164141_G_C" 0 0 0 0 0 0 0 0 0 0 4 0 0 0 0
"20_5329850_G_A" 0 0 0 0 0 0 0 8 0 0 0 0 0 0 0
"20_53490023_T_C" 0 0 0 0 0 0 0 4 0 0 0 0 0 0 0
"20_53917884_A_G" 0 0 0 0 6 0 0 0 0 0 0 0 0 0 0
"20_540315_C_A" 0 0 0 0 0 7 0 0 0 1 0 0 0 0 0
"20_54072604_T_C" 0 0 0 0 0 4 0 0 0 0 0 0 0 0 0
"20_54564310_C_T" 0 2 2 2 6 2 3 0 0 1 1 10 0 0 0
"20_54815377_A_T" 0 0 0 0 0 0 0 3 0 0 0 0 0 0 0
"20_54854591_T_G" 0 0 3 0 0 0 0 0 0 0 0 0 0 0 0
"20_55412713_G_A" 0 0 0 0 0 0 0 0 0 5 0 0 0 0 0
"20_58262722_A_G" 0 0 0 0 0 0 0 3 0 0 0 0 0 0 0
"20_59126534_A_C" 0 0 0 0 0 0 0 0 0 0 0 0 0 0 2
"20_59706063_C_G" 0 0 0 0 0 4 2 0 0 0 0 0 0 0 0
"20_60308768_A_T" 0 0 0 0 0 0 0 0 0 0 0 0 3 0 0
"20_6035100_G_T" 0 0 0 0 3 0 0 0 0 0 0 0 0 0 0
"20_6200153_G_T" 0 0 0 0 0 0 0 0 0 0 0 0 5 0 0
"20_6876243_A_G" 0 0 0 0 0 0 0 4 0 0 0 0 0 0 0
"20_8267779_T_C" 0 0 0 0 0 0 0 0 0 0 0 0 0 0 4
"20_9015675_G_C" 0 0 0 0 0 0 0 0 0 0 2 0 0 0 0
"20_9381222_C_T" 0 0 0 0 4 0 0 0 0 0 0 0 0 0 0
"20_9472848_T_G" 0 0 0 0 0 2 0 0 0 0 0 0 0 0 0
"20_9658210_T_A" 0 0 4 0 0 0 0 0 0 0 0 0 0 0 0
"20_9793848_A_T" 0 0 0 0 0 0 0 0 0 4 0 0 0 0 0
"21_10512063_A_G" 0 0 0 0 0 0 0 0 0 6 0 0 0 0 0
"21_15201087_T_G" 0 0 0 0 0 2 0 0 0 0 0 0 0 0 0
"21_15601762_A_C" 0 0 2 0 0 0 0 0 0 0 0 0 0 0 0
"21_15829258_T_A" 0 0 0 0 0 0 0 3 0 0 0 0 1 0 0
"21_17681982_C_A" 0 0 0 0 0 0 0 0 0 0 2 0 0 0 0
"21_18398812_A_G" 0 0 0 0 0 6 0 0 0 0 0 0 0 0 0
"21_18429476_T_G" 0 0 0 0 3 0 0 0 0 0 0 0 0 0 0
"21_18537876_C_A" 0 0 0 0 0 0 0 0 0 6 0 0 0 0 0
"21_18948493_A_G" 0 0 0 0 0 0 0 0 0 5 0 0 0 0 0
"21_19998651_T_C" 0 0 0 0 5 0 0 0 0 0 0 0 0 0 0
"21_20109341_A_T" 0 0 0 0 0 0 0 0 0 0 0 0 0 0 4
"21_20262678_G_T" 0 0 0 0 0 0 0 0 0 5 0 0 0 0 0
"21_20734075_A_T" 0 1 3 0 0 0 0 0 0 0 0 0 0 0 0
"21_21233843_C_T" 0 0 0 0 0 0 0 0 0 3 0 0 0 0 0
"21_21246946_G_T" 0 0 3 0 0 0 0 0 0 0 0 0 0 0 0
"21_21314345_T_A" 0 0 0 0 0 0 0 0 0 0 0 0 5 0 0
"21_21574651_G_A" 0 0 0 0 0 0 0 0 0 0 0 0 0 5 0
"21_22666161_T_G" 0 0 3 0 0 0 0 0 0 0 0 0 0 0 0
"21_23522392_A_G" 0 0 0 3 0 0 0 0 0 0 0 0 0 0 0
"21_23555758_G_A" 0 0 0 0 0 0 0 0 0 0 0 0 0 0 4
"21_23631263_G_C" 0 0 0 0 0 5 0 0 0 0 0 0 0 0 0
"21_24264228_T_A" 0 0 0 0 0 0 0 0 0 0 0 4 0 0 0
"21_24711082_G_A" 0 0 0 0 0 7 1 0 0 0 0 0 0 0 0
"21_25770105_T_G" 0 0 3 0 0 0 0 0 0 0 0 0 0 0 0
"21_26067303_A_G" 0 0 0 0 0 0 0 3 0 0 0 0 0 0 0
"21_26152498_T_G" 0 0 0 0 0 0 0 0 0 0 0 0 3 0 0
"21_29065537_A_C" 3 2 0 0 0 0 0 0 0 0 0 0 0 0 0
"21_29652727_A_C" 0 0 0 0 0 0 0 3 0 0 0 0 0 0 0
"21_30307868_A_T" 0 0 0 0 0 0 0 0 0 0 0 0 0 0 3
"21_31696446_T_G" 0 0 6 0 0 0 0 0 0 0 0 0 0 0 0
"21_31804802_A_G" 0 0 0 0 0 0 0 0 0 0 0 9 0 0 0
"21_32170195_A_C" 0 0 5 0 0 0 0 0 0 0 0 0 0 0 0
"21_34347906_A_T" 0 0 0 0 0 0 0 0 0 4 0 0 0 0 0
"21_34821215_A_T" 0 0 0 0 1 0 0 0 0 1 3 0 0 0 0
"21_35867104_C_T" 0 0 0 0 0 0 0 0 0 3 0 0 0 0 0
"21_36951013_A_C" 0 0 0 0 0 0 0 0 0 6 0 0 0 0 0
"21_37394903_C_A" 0 0 0 0 0 0 0 0 0 0 0 0 0 4 0
"21_40061243_A_C" 0 0 0 0 4 0 0 0 0 0 0 0 0 0 0
"21_41627696_T_G" 0 0 3 0 0 0 0 0 0 0 0 0 0 0 0
"21_42555625_T_G" 0 0 4 0 0 0 0 0 0 0 0 0 0 0 0
"21_44812560_G_C" 0 0 0 0 0 0 0 0 0 0 6 0 0 0 0
"21_9438607_G_A" 7 1 3 1 0 7 5 1 1 1 3 8 0 9 2
"21_9693418_G_A" 0 0 0 0 0 0 0 0 0 0 0 6 0 0 0
"22_20295624_G_C" 5 2 6 5 0 0 0 0 0 0 0 3 1 2 5
"22_21087729_A_C" 0 0 2 0 0 0 0 0 0 0 0 0 0 0 0
"22_21273222_A_C" 0 0 1 3 2 0 0 0 2 0 0 0 0 0 0
"22_22876475_A_G" 0 0 0 0 0 0 0 0 0 7 0 0 0 0 0
"22_23753674_T_G" 0 0 0 0 0 0 0 0 2 0 0 0 0 0 0
"22_25023116_T_C" 0 0 0 0 0 0 0 2 0 0 0 0 0 0 0
"22_27267961_T_G" 0 0 0 0 0 0 0 0 0 0 0 0 0 5 0
"22_27696826_C_T" 0 0 0 0 0 0 0 0 0 6 0 0 0 0 0
"22_28927228_A_G" 0 0 0 0 0 0 0 0 0 4 0 0 0 0 0
"22_29214463_C_T" 0 0 0 1 0 0 0 2 0 0 0 0 0 0 0
"22_29454058_G_C" 0 0 0 0 0 0 0 0 0 0 3 0 0 0 0
"22_29865132_C_T" 0 0 0 0 0 8 2 0 0 0 0 0 0 0 0
"22_30190880_G_C" 0 0 0 0 0 0 0 0 0 0 0 3 0 0 0
"22_30483936_A_G" 0 0 0 0 0 0 0 0 0 0 0 5 0 0 0
"22_31994338_C_G" 0 0 3 0 0 0 0 0 0 0 0 0 0 0 0
"22_32107195_A_G" 0 0 4 0 0 0 0 0 1 0 0 0 0 0 0
"22_32288380_G_A" 0 0 0 0 0 6 3 0 1 0 2 1 2 0 0
"22_32516600_A_G" 0 0 0 0 0 0 0 0 0 0 0 0 0 4 0
"22_32941443_G_A" 0 0 4 0 0 0 0 0 0 0 0 1 0 0 0
"22_34354595_C_T" 0 0 0 0 0 5 0 0 0 0 0 0 0 0 0
"22_34600700_C_T" 0 0 4 0 0 0 0 0 0 0 0 0 0 0 0
"22_35394102_G_A" 0 0 0 0 0 0 0 2 12 0 1 0 1 0 3
"22_35507836_G_A" 0 0 0 0 0 6 0 0 0 0 0 0 0 0 0
"22_35946074_G_T" 0 0 0 0 0 0 4 0 0 0 0 0 0 0 0
"22_36591881_G_A" 0 0 0 0 0 0 0 0 0 0 3 0 0 0 0
"22_37036233_G_A" 0 0 0 0 0 0 0 0 0 4 0 0 0 0 0
"22_37918444_C_A" 0 0 0 4 0 0 0 0 0 0 0 0 0 0 0
"22_39235717_A_T" 0 0 0 0 0 0 0 0 0 0 3 0 0 0 0
"22_40822832_G_A" 0 0 0 0 0 0 0 0 0 4 0 0 0 0 0
"22_43336214_A_T" 0 0 0 0 0 0 0 3 0 0 0 0 0 0 0
"22_45546476_A_G" 0 0 0 0 4 0 0 0 0 0 0 0 0 0 0
"22_47638235_A_C" 0 0 0 0 0 0 2 0 0 0 0 0 0 0 0
"22_49403720_A_G" 0 0 0 0 0 4 0 0 0 0 0 0 0 0 0
"3_101121615_T_C" 0 0 0 0 0 0 0 0 0 10 0 0 0 0 0
"3_101682744_A_C" 0 0 0 0 0 4 4 0 0 0 0 0 0 0 0
"3_102372032_G_T" 0 0 0 0 4 0 0 0 0 0 0 0 0 0 0
"3_10277950_G_T" 0 0 0 0 0 0 0 0 0 0 3 0 0 0 0
"3_102841273_A_C" 0 1 1 0 0 0 0 0 0 2 0 0 1 2 0
"3_103469608_A_G" 0 0 2 0 0 0 0 0 0 0 0 0 0 0 0
"3_103594401_A_C" 0 0 0 0 0 0 4 0 0 0 0 0 0 0 0
"3_104506218_A_G" 0 0 0 0 0 0 0 0 0 8 0 0 0 0 0
"3_105233878_T_G" 0 0 0 0 0 0 0 0 0 0 0 0 3 0 0
"3_105357487_C_A" 0 0 0 0 0 2 3 0 0 0 0 0 0 0 0
"3_106063613_T_C" 0 0 0 0 0 0 0 0 0 0 0 5 0 0 0
"3_106727259_G_A" 0 0 0 0 0 0 0 0 0 0 3 0 0 0 0
"3_106920943_A_C" 0 0 0 0 0 0 0 0 0 2 0 0 0 0 0
"3_107419554_G_A" 0 0 0 0 1 0 4 0 2 0 0 0 2 0 0
"3_107669323_A_G" 0 0 0 0 0 4 0 0 0 0 0 0 0 0 0
"3_107878037_A_C" 0 0 1 0 0 0 0 0 0 0 0 0 0 0 3
"3_108037742_A_G" 0 0 0 0 0 0 0 0 0 6 0 0 0 0 0
"3_108202502_G_A" 0 0 0 0 0 0 0 4 0 0 0 0 0 0 0
"3_108402540_C_T" 0 0 0 0 5 0 0 0 0 0 0 0 0 0 0
"3_108669447_G_A" 0 0 0 0 0 0 0 0 0 5 0 0 0 0 0
"3_109497665_G_T" 0 0 0 0 0 0 0 0 0 0 0 6 0 0 0
"3_109763308_A_C" 0 0 0 0 0 0 0 0 0 0 0 0 0 0 2
"3_110433936_G_A" 0 0 0 0 0 0 0 0 0 0 0 5 0 0 0
"3_110499614_A_T" 0 0 4 0 0 0 0 0 0 0 0 0 0 0 0
"3_111141965_C_A" 0 0 0 0 0 6 0 0 0 0 0 0 0 0 0
"3_111797754_A_G" 0 0 0 0 0 7 0 0 0 0 0 0 0 0 0
"3_112039460_T_C" 0 0 0 0 0 0 0 0 0 0 0 3 0 0 0
"3_11222719_A_T" 0 0 0 0 0 0 0 3 0 0 0 0 0 0 0
"3_112586190_G_C" 0 0 0 0 0 0 0 0 0 0 3 0 0 0 0
"3_112876785_A_T" 0 0 0 0 0 0 0 0 0 0 0 4 0 0 0
"3_113943934_A_C" 0 0 0 0 0 0 0 3 0 0 0 0 0 0 0
"3_114271573_T_C" 0 0 0 0 0 6 2 0 0 0 0 0 0 0 0
"3_116738947_T_C" 0 0 0 0 0 0 0 0 0 0 0 0 0 6 0
"3_117296577_T_A" 0 0 0 0 0 0 0 0 0 0 7 0 0 0 0
"3_120709659_G_A" 0 0 0 0 0 0 0 0 0 0 0 0 4 0 0
"3_123126990_C_A" 0 0 0 0 5 0 0 0 0 0 0 0 0 0 0
"3_124504169_G_A" 0 0 0 0 0 6 0 0 0 0 0 0 0 0 0
"3_125037526_A_G" 0 0 0 0 0 0 0 0 0 0 0 4 0 0 0
"3_125184046_A_G" 0 0 0 0 0 0 0 4 0 0 0 0 0 0 0
"3_126760808_C_T" 0 0 0 0 0 0 0 0 0 0 4 0 0 0 0
"3_127012458_C_T" 0 0 0 0 0 8 8 0 0 0 0 0 0 0 0
"3_129332543_A_C" 0 3 0 0 0 0 0 0 0 0 0 0 0 0 0
"3_13164446_C_T" 4 0 0 0 0 0 0 0 0 0 0 0 0 0 0
"3_133435947_C_A" 0 0 0 0 4 0 0 0 0 0 0 0 0 0 0
"3_133860123_T_C" 0 0 0 0 0 0 0 0 0 0 0 0 4 0 0
"3_134601242_T_A" 0 0 3 0 0 0 0 0 0 0 0 0 0 0 0
"3_134763320_T_G" 0 0 0 0 0 0 2 0 0 0 0 0 0 0 0
"3_135253889_A_T" 0 0 0 0 4 0 0 0 0 0 0 0 0 0 0
"3_135280399_G_C" 0 0 4 0 0 0 0 0 0 0 0 0 0 0 0
"3_135310132_T_G" 0 0 0 2 0 1 0 0 0 0 0 0 0 3 0
"3_135650450_A_G" 0 0 0 0 3 0 0 0 0 0 0 0 0 0 0
"3_1368391_A_C" 0 0 0 0 0 0 0 0 0 0 0 0 3 0 0
"3_136962732_A_G" 0 0 0 0 0 4 0 0 0 0 0 0 0 0 0
"3_13757719_A_C" 0 0 0 0 0 4 0 0 0 0 0 0 0 0 0
"3_139009045_T_G" 0 0 2 0 0 0 0 0 0 0 0 0 2 1 0
"3_139091551_C_T" 0 0 0 0 0 6 0 0 0 0 0 0 0 0 0
"3_14005600_T_A" 0 0 0 0 0 0 0 0 0 5 0 0 0 0 0
"3_140387556_G_T" 0 0 5 0 0 0 0 0 0 0 0 0 0 0 0
"3_140748845_G_A" 0 0 0 0 0 7 7 0 0 0 4 0 5 0 0
"3_140789391_A_C" 0 0 6 0 0 0 0 0 0 0 0 0 0 0 0
"3_141186386_T_C" 0 0 0 0 0 4 0 0 0 0 0 0 0 0 0
"3_141439279_A_T" 0 0 0 0 0 0 0 0 0 0 0 0 0 0 4
"3_141544727_T_G" 0 0 0 0 0 0 2 0 0 0 0 0 0 0 0
"3_142092895_C_G" 0 0 0 0 0 0 0 0 0 0 3 1 2 0 0
"3_143013327_C_G" 0 0 0 0 0 0 0 0 0 0 0 0 0 0 5
"3_14361286_C_A" 0 0 3 0 0 0 0 0 0 0 0 0 0 0 0
"3_144376641_T_G" 0 0 6 0 0 0 0 0 0 0 0 0 0 0 0
"3_144394368_G_A" 0 0 0 0 0 0 0 0 0 4 0 0 0 0 0
"3_144416173_T_C" 0 0 0 0 0 0 0 0 0 0 1 7 0 0 0
"3_144925619_G_A" 0 0 0 0 0 0 0 0 0 9 0 0 0 0 0
"3_145710533_C_A" 0 0 0 0 0 0 0 4 0 0 0 0 0 0 0
"3_145827112_T_C" 0 0 6 0 0 0 0 0 0 0 0 0 0 0 0
"3_146268018_T_G" 0 0 0 0 3 0 0 0 0 0 0 0 0 0 0
"3_146303345_A_T" 0 0 0 0 0 0 0 0 0 0 3 0 0 0 0
"3_146393861_A_C" 0 0 0 0 1 0 0 0 0 3 0 0 0 0 0
"3_14716481_T_G" 0 0 0 0 0 0 2 0 0 0 0 0 0 0 0
"3_147359744_C_A" 0 0 0 0 0 0 0 0 0 4 0 0 0 0 0
"3_147875140_C_T" 0 0 0 0 0 0 0 0 0 0 0 0 0 5 0
"3_150594847_A_T" 0 4 0 0 0 0 1 0 0 0 0 0 0 0 0
"3_151039034_G_T" 0 0 0 0 0 0 0 0 0 0 0 0 0 8 0
"3_151090557_A_C" 0 0 7 0 0 0 0 0 0 0 0 0 0 0 0
"3_151740437_A_C" 0 0 0 0 0 0 0 3 0 0 0 0 0 0 0
"3_152583339_T_G" 0 0 0 0 0 0 0 0 2 0 0 0 0 0 0
"3_153560955_C_T" 0 0 4 0 0 0 0 0 0 0 0 0 0 0 0
"3_154494517_T_G" 0 0 4 0 0 0 0 0 0 0 0 0 0 0 0
"3_154813260_A_T" 0 0 5 0 0 0 0 0 0 0 0 0 0 0 0
"3_154851808_C_A" 0 0 0 0 0 0 0 0 0 0 0 0 5 0 0
"3_155087720_C_A" 0 0 0 0 0 0 0 4 0 0 0 0 0 0 0
"3_155383432_G_T" 3 0 0 0 0 0 0 0 0 0 0 0 0 0 0
"3_155442482_T_G" 0 0 0 0 0 0 0 0 0 0 4 0 0 0 0
"3_155791430_A_G" 0 0 0 0 0 0 0 0 0 0 0 0 0 0 3
"3_156985782_T_A" 0 1 3 0 0 0 0 0 0 0 0 0 0 0 0
"3_157622943_G_C" 0 0 0 0 0 5 0 0 0 0 0 0 0 0 0
"3_158026482_C_T" 0 0 0 0 0 0 0 0 0 7 0 0 0 0 0
"3_159284030_G_A" 0 1 4 0 0 0 0 0 0 0 0 0 0 0 1
"3_159544153_C_T" 0 0 0 0 0 0 0 0 0 5 0 0 0 0 0
"3_159667013_G_T" 0 0 0 0 0 0 0 3 0 0 0 0 0 0 0
"3_1599657_G_A" 0 0 0 0 0 0 0 5 0 0 0 0 0 0 0
"3_161888040_A_C" 0 0 2 0 0 0 0 0 0 0 0 0 0 0 0
"3_16199416_A_C" 2 0 0 0 0 0 0 0 0 0 0 0 0 0 0
"3_162925625_G_A" 0 0 0 0 0 0 0 5 0 0 0 0 0 0 0
"3_163095028_A_C" 0 0 0 0 0 0 0 0 0 4 0 0 0 0 0
"3_163284961_T_C" 0 0 0 0 0 0 0 0 0 3 0 0 0 0 0
"3_163649326_A_G" 1 0 0 0 0 0 0 0 0 9 0 0 0 0 0
"3_164277738_T_C" 0 0 4 0 0 0 0 0 0 0 0 0 0 0 0
"3_165095799_T_C" 0 0 1 0 0 0 0 0 0 0 0 0 0 0 7
"3_165106555_G_C" 0 0 0 0 4 0 0 0 0 0 0 0 0 0 0
"3_166528637_T_G" 0 0 0 0 0 0 0 0 0 0 0 0 0 0 2
"3_168000036_A_G" 0 0 0 0 0 0 0 0 0 0 0 8 0 0 0
"3_168065764_G_T" 0 0 0 0 0 0 0 0 0 7 0 0 0 0 0
"3_17027678_A_T" 0 0 0 0 4 0 0 0 0 0 0 0 0 0 0
"3_170371027_C_G" 0 0 0 0 0 0 0 0 0 0 4 0 0 0 0
"3_170478666_A_C" 0 0 0 0 0 0 0 0 0 0 0 0 0 0 5
"3_172346165_C_T" 0 0 0 1 0 0 0 0 0 0 3 1 8 0 0
"3_172534044_C_T" 0 0 0 0 0 0 0 0 0 4 0 0 0 0 0
"3_172777433_C_T" 0 0 0 0 0 0 0 0 0 0 0 0 3 0 0
"3_17300205_A_T" 0 0 0 0 0 0 0 0 0 3 0 0 0 0 0
"3_173167183_T_G" 0 1 3 0 0 0 0 0 0 0 0 0 0 0 0
"3_173390603_T_C" 0 0 4 0 0 0 0 0 0 0 0 0 0 0 0
"3_173402078_A_G" 0 0 0 0 0 0 0 0 0 0 0 4 0 0 0
"3_173423944_A_C" 0 0 4 0 0 0 0 0 0 0 0 0 0 0 0
"3_174106978_A_C" 0 0 4 0 0 0 0 0 0 0 0 0 0 0 0
"3_174426311_T_A" 0 0 0 0 7 0 0 0 0 0 0 0 0 0 0
"3_174436479_G_T" 0 0 0 0 0 0 0 0 0 0 5 0 0 0 0
"3_175744895_T_A" 0 0 0 0 0 0 0 0 0 0 5 0 0 0 0
"3_175968125_G_T" 0 0 0 0 0 4 0 0 0 0 0 0 0 0 0
"3_176590393_G_T" 0 0 0 0 0 3 0 0 0 0 0 0 0 0 0
"3_177739280_A_G" 0 0 0 0 0 0 0 0 0 6 0 0 0 0 0
"3_178143430_A_G" 0 0 0 0 0 4 0 0 0 0 0 0 0 0 0
"3_179491147_T_G" 0 0 3 0 0 0 0 0 0 0 0 0 0 0 0
"3_180861136_G_A" 0 0 0 0 0 4 0 0 0 0 0 0 0 0 0
"3_183589081_G_T" 0 0 0 0 0 0 0 0 0 0 0 0 0 0 4
"3_185842767_G_T" 0 0 3 0 0 0 0 0 0 0 0 0 0 0 0
"3_186451131_G_T" 0 0 0 0 0 0 0 3 0 0 0 0 0 0 0
"3_189351515_A_C" 0 0 0 0 0 0 0 3 0 0 0 0 0 0 0
"3_189362225_C_T" 0 0 0 0 4 0 0 0 0 0 0 0 0 0 0
"3_190513394_G_T" 0 0 0 0 0 0 0 0 0 0 4 0 0 0 0
"3_19105016_A_C" 0 0 0 0 0 6 6 0 0 0 0 0 0 0 0
"3_19149927_T_G" 0 0 0 0 0 0 3 0 0 0 0 0 0 0 0
"3_191887360_T_G" 0 0 0 0 0 0 0 0 0 0 2 0 0 0 0
"3_191911445_T_A" 0 0 0 0 0 0 0 0 0 4 0 0 0 0 0
"3_192871299_C_A" 0 0 0 0 0 0 0 0 0 0 0 4 0 0 0
"3_194549658_G_A" 0 0 0 0 0 0 0 0 0 0 3 0 0 0 0
"3_194627068_T_A" 0 0 0 0 0 0 0 0 0 0 0 0 0 0 3
"3_194898461_C_A" 0 0 0 0 0 0 0 0 0 5 0 0 0 0 0
"3_195006894_C_G" 0 0 0 0 0 0 0 0 0 0 0 0 0 0 3
"3_195466224_T_G" 0 0 0 0 6 0 0 0 0 0 0 0 0 0 0
"3_196159277_G_A" 0 0 0 0 0 0 1 0 0 4 0 0 0 0 0
"3_196482267_G_C" 0 0 0 0 4 0 0 0 0 0 0 0 0 0 0
"3_19938593_A_C" 0 0 0 0 0 0 0 3 0 1 0 0 0 0 0
"3_20416871_A_G" 0 0 0 0 0 5 0 0 0 0 0 0 0 0 0
"3_20754541_G_T" 3 0 0 0 0 0 0 0 0 0 0 0 0 0 0
"3_20824378_C_T" 0 0 0 0 0 0 0 0 0 0 0 0 0 4 0
"3_21084388_A_G" 0 0 0 0 0 0 0 0 0 4 0 0 0 0 0
"3_21590317_A_T" 0 0 0 0 0 0 0 3 0 0 0 0 0 0 0
"3_21856012_A_G" 0 0 0 0 0 0 0 0 0 0 0 0 0 4 0
"3_2219635_A_C" 0 4 0 0 0 0 0 0 0 0 0 0 0 0 0
"3_22485811_T_G" 0 0 4 0 0 0 0 0 0 0 0 0 0 0 0
"3_2254234_A_C" 0 0 0 0 0 0 0 0 0 0 0 4 0 0 0
"3_22980444_G_C" 0 0 0 0 8 0 0 0 0 0 0 0 0 0 0
"3_24417810_C_A" 0 0 4 0 0 0 0 0 0 0 0 0 0 0 0
"3_24797629_T_G" 0 0 0 0 0 0 0 0 0 3 0 0 0 0 0
"3_25870595_T_C" 0 0 0 0 0 7 0 0 0 0 0 0 0 0 0
"3_25951419_G_A" 0 0 0 0 5 0 0 0 0 0 0 0 0 0 0
"3_26349864_A_G" 0 0 4 0 0 0 0 0 0 0 0 0 0 0 0
"3_26843868_A_C" 0 0 3 0 0 0 0 0 0 0 0 0 0 0 0
"3_2784517_C_A" 0 0 0 0 7 0 0 0 0 0 0 0 0 0 0
"3_28104313_C_G" 0 0 0 0 0 3 0 0 0 0 0 0 0 0 0
"3_28703556_G_C" 0 0 0 0 0 5 3 0 0 0 0 0 0 0 0
"3_2905233_C_A" 0 1 6 0 0 0 0 0 0 0 0 0 0 0 0
"3_30287662_T_C" 0 0 4 0 0 0 0 0 0 0 0 0 0 0 0
"3_3138833_G_A" 0 0 0 0 0 0 0 4 0 0 0 0 0 0 0
"3_33270927_C_A" 0 0 0 0 0 0 0 0 0 0 0 0 5 0 0
"3_33491038_G_A" 0 1 0 0 0 0 0 0 0 4 0 0 0 0 0
"3_35351295_C_A" 0 0 5 0 0 0 0 0 0 0 0 0 0 0 0
"3_36114657_T_G" 0 0 0 0 0 0 0 0 0 0 0 5 0 0 0
"3_3711784_T_G" 0 0 0 0 0 0 2 0 0 0 0 0 0 0 0
"3_39853774_T_G" 0 0 0 0 0 0 0 0 0 0 0 0 0 0 3
"3_43319007_A_T" 0 0 0 0 0 0 0 0 0 0 3 0 0 0 0
"3_43692172_T_G" 0 0 5 0 0 0 0 0 0 0 0 0 0 0 0
"3_44772523_G_A" 1 0 0 0 0 6 0 0 0 0 0 0 0 0 0
"3_45897542_T_G" 0 0 0 0 0 0 0 0 0 4 0 0 0 0 0
"3_46736124_G_C" 0 0 0 0 0 0 0 0 0 5 0 0 0 0 0
"3_47401825_T_C" 0 0 0 0 0 0 0 0 0 0 0 4 0 0 0
"3_47409241_A_C" 0 0 0 0 0 3 0 0 0 0 0 0 0 0 0
"3_48060368_T_C" 0 0 0 0 0 0 0 0 0 0 4 0 0 0 0
"3_4817856_C_G" 0 0 3 0 0 0 0 0 0 0 0 0 0 0 0
"3_48818312_C_A" 0 0 0 0 0 0 0 0 0 0 0 0 0 0 4
"3_48924570_G_A" 0 0 0 0 0 4 0 0 0 0 0 0 0 0 0
"3_49693584_A_C" 0 0 3 0 0 0 0 0 0 0 0 0 0 0 0
"3_49694834_C_T" 0 0 0 0 0 0 0 0 0 7 0 0 0 0 0
"3_51669949_T_C" 0 0 0 0 0 0 0 0 0 5 0 0 0 0 0
"3_52080182_G_T" 0 0 0 0 5 0 0 0 0 0 0 0 0 0 0
"3_5420495_G_T" 0 0 0 0 5 0 0 0 0 0 0 0 0 0 0
"3_54353302_A_T" 0 0 0 0 0 0 0 4 0 0 0 0 0 0 0
"3_54524795_G_A" 0 0 0 0 0 0 0 3 0 0 0 0 0 0 0
"3_54662097_A_C" 0 0 4 0 0 0 0 0 0 0 0 0 0 0 0
"3_5590602_C_T" 0 0 0 0 0 5 0 0 0 0 0 0 0 0 0
"3_5631179_T_C" 1 0 4 0 0 0 0 0 0 0 0 0 0 0 0
"3_5773462_A_C" 0 0 4 0 0 0 0 0 0 0 0 0 0 0 0
"3_59636450_T_G" 0 0 3 0 0 0 0 0 0 0 0 0 0 0 0
"3_60386253_T_G" 0 0 0 0 0 0 0 0 0 0 4 0 0 0 0
"3_62480641_T_C" 0 0 0 0 0 0 0 0 0 0 0 0 0 6 0
"3_64370433_C_A" 2 3 3 8 3 7 5 4 10 0 1 5 9 1 5
"3_64431202_C_T" 0 0 0 0 0 4 0 0 0 0 0 0 0 0 0
"3_64929163_C_G" 0 0 3 0 0 0 0 0 0 0 0 0 0 0 0
"3_65624913_T_G" 0 0 0 0 0 0 0 0 0 0 0 0 3 0 0
"3_65678664_T_C" 0 0 0 0 0 4 0 0 0 0 0 0 0 0 0
"3_66069151_T_G" 0 0 0 0 0 2 0 0 0 0 0 0 0 0 0
"3_66340432_T_G" 0 0 0 0 0 5 0 0 0 0 0 0 0 0 0
"3_66679630_C_A" 3 0 0 0 0 0 0 0 0 0 0 0 0 0 0
"3_66949074_T_G" 0 0 0 0 0 0 0 0 0 0 0 0 0 8 0
"3_6726825_C_T" 0 0 0 0 0 0 0 0 0 0 5 0 0 0 0
"3_68457134_C_A" 0 1 5 0 0 0 0 0 0 0 0 0 0 0 0
"3_68693007_T_G" 0 0 0 0 0 0 0 0 0 3 0 0 0 1 0
"3_70608241_C_A" 0 0 0 0 0 0 0 0 0 0 0 0 4 0 0
"3_71346147_C_G" 0 0 0 0 0 4 0 0 0 0 0 0 0 0 0
"3_71804018_T_G" 0 0 0 0 0 0 0 0 0 0 0 2 0 0 0
"3_71890953_A_G" 0 0 0 0 0 3 0 0 0 0 0 0 0 0 0
"3_7295388_C_A" 0 0 0 0 0 0 0 3 0 0 0 0 0 0 0
"3_76175648_C_A" 0 0 0 0 0 0 0 0 4 0 0 0 0 0 0
"3_767645_T_C" 0 0 0 0 4 0 0 0 0 0 0 0 0 0 0
"3_77056075_G_C" 0 0 0 0 0 0 0 4 0 0 0 0 0 0 0
"3_77901439_T_C" 0 0 3 0 0 0 0 0 0 0 0 0 0 0 0
"3_79091022_T_G" 0 0 0 0 0 0 0 0 0 0 2 0 0 0 0
"3_79932244_T_G" 0 0 0 0 0 0 0 0 0 4 0 0 0 0 0
"3_79992728_G_A" 0 0 0 0 12 0 0 0 0 0 0 0 0 0 0
"3_80005208_A_T" 0 0 3 0 0 0 0 0 0 0 0 0 0 0 0
"3_80107191_A_T" 0 1 0 1 3 3 3 0 0 9 1 10 0 0 0
"3_80224303_A_C" 0 0 0 0 0 0 2 0 0 0 0 0 0 0 0
"3_80630043_T_A" 0 0 6 0 0 0 0 0 0 0 0 0 0 0 0
"3_816348_T_G" 0 0 0 0 0 0 2 0 0 0 0 0 0 0 0
"3_81721069_G_C" 0 0 0 0 0 0 0 0 0 4 0 0 0 0 0
"3_81917385_G_C" 0 0 0 0 0 0 3 0 0 0 0 0 0 0 0
"3_82286788_C_T" 0 0 0 0 0 6 0 0 0 0 0 0 0 0 0
"3_82641092_T_C" 0 0 6 0 0 0 0 0 0 0 0 0 0 0 0
"3_82705388_G_C" 0 0 0 0 0 0 0 0 0 0 0 0 4 0 0
"3_82984696_A_C" 0 0 3 0 0 0 0 0 0 0 0 0 0 0 0
"3_83047014_A_C" 0 0 4 0 0 0 0 0 0 0 0 0 0 0 0
"3_83628350_A_G" 0 0 0 0 5 0 0 0 0 0 0 0 0 0 0
"3_83779923_T_C" 0 0 4 0 0 0 0 0 0 0 0 0 0 0 0
"3_83954645_A_T" 0 0 0 0 0 0 0 0 0 0 3 0 0 0 0
"3_84729797_A_G" 0 1 4 0 0 0 0 0 0 0 0 0 0 0 0
"3_85260610_T_C" 1 0 3 0 0 0 0 0 0 0 0 0 0 0 0
"3_85783341_G_T" 0 0 2 0 0 0 0 0 0 0 0 0 0 0 0
"3_85891434_A_C" 0 0 3 0 0 0 0 0 0 0 0 0 0 0 0
"3_85914801_A_C" 0 0 3 0 0 0 0 0 0 0 0 0 0 0 0
"3_86085397_C_G" 0 0 0 0 0 0 0 5 0 0 0 0 0 0 0
"3_86257062_A_C" 0 0 3 0 0 0 0 0 0 0 0 0 0 0 0
"3_86636699_A_T" 0 0 3 0 0 0 0 0 0 0 0 0 0 0 0
"3_87970038_A_T" 0 0 0 0 7 3 1 0 1 1 3 19 0 0 0
"3_88610968_A_C" 0 0 3 0 0 0 0 0 0 0 0 0 0 0 0
"3_8891441_T_A" 0 0 0 0 3 0 0 0 0 0 0 0 1 0 0
"3_89280808_A_T" 0 0 4 0 0 0 0 0 0 0 0 0 0 0 0
"3_89659424_G_C" 0 0 0 0 0 0 1 0 0 3 0 0 0 0 0
"3_90006795_T_A" 0 0 0 0 0 0 0 0 0 0 0 4 0 0 0
"3_93979797_G_A" 0 1 4 0 0 0 0 0 0 0 0 0 0 0 0
"3_94392073_C_T" 0 0 0 0 0 0 0 0 0 0 4 0 0 0 0
"3_94550356_C_A" 0 0 5 0 0 0 0 0 0 0 0 0 0 0 0
"3_94578382_T_G" 0 0 0 0 0 0 0 0 0 4 0 0 0 0 0
"3_95435043_A_T" 0 0 2 0 0 0 0 0 0 0 0 0 0 0 0
"3_95606102_T_G" 0 0 2 0 0 0 0 0 0 0 0 0 0 0 0
"3_95618384_T_C" 0 0 0 0 0 0 0 0 0 4 0 0 0 0 0
"3_97288089_T_A" 0 0 0 0 0 0 0 0 0 4 0 0 0 0 0
"3_97686562_T_C" 0 0 0 0 0 0 0 0 0 0 0 5 0 0 0
"3_97998642_C_A" 0 0 0 0 0 0 0 0 0 0 0 5 0 0 0
"3_98375646_T_G" 0 0 0 0 0 0 0 0 0 0 0 0 2 0 0
"3_98375647_T_G" 0 0 0 0 0 0 0 0 0 0 0 0 3 0 0
"3_98724581_A_G" 0 0 5 0 0 0 0 0 0 0 0 0 0 0 0
"3_9905827_A_T" 0 0 0 0 0 0 0 0 0 1 0 0 6 0 0
"3_99327990_A_T" 0 0 0 0 6 0 0 0 0 0 0 0 0 0 0
"3_99411156_C_A" 0 0 0 0 5 0 0 0 0 0 0 0 0 0 0
"4_100094895_T_A" 0 0 0 0 0 5 0 0 0 0 0 0 0 0 0
"4_101672122_A_C" 0 0 3 0 0 0 0 0 0 0 0 0 0 0 0
"4_102996840_G_T" 0 0 0 0 0 0 0 0 0 0 0 0 0 3 0
"4_103120999_A_G" 0 0 0 0 0 0 0 0 0 0 0 0 0 0 7
"4_103241995_C_A" 0 0 0 0 0 0 0 0 0 0 0 0 4 0 0
"4_103338849_A_G" 0 0 0 0 0 0 0 0 0 5 0 0 0 0 0
"4_104129657_T_A" 0 0 0 0 0 0 0 0 0 7 0 0 0 0 0
"4_104595680_C_A" 0 0 0 1 0 0 0 0 0 0 0 0 5 0 0
"4_105294214_A_C" 0 0 0 0 0 0 0 0 0 0 3 0 0 0 0
"4_105929486_A_C" 0 0 4 0 0 0 0 0 0 0 0 0 0 0 0
"4_106777846_T_G" 0 0 0 0 0 0 0 0 0 3 0 0 0 0 0
"4_108068439_A_C" 0 0 0 0 0 4 0 0 0 0 0 0 0 0 0
"4_109157444_A_C" 0 0 0 0 0 2 0 0 0 0 0 0 0 0 0
"4_10980830_C_A" 0 0 0 0 0 0 4 0 0 0 0 0 0 0 0
"4_111304332_C_A" 0 0 4 0 0 0 0 0 0 0 0 0 0 0 0
"4_111465669_C_A" 0 0 0 0 0 0 0 0 0 4 0 0 0 0 0
"4_111942741_T_A" 0 0 0 0 0 0 0 0 0 0 0 0 3 0 0
"4_112237010_G_C" 0 0 0 0 0 0 0 0 0 0 0 0 0 3 0
"4_11237661_G_C" 0 0 0 0 0 0 0 4 0 0 0 0 0 0 0
"4_112407959_T_A" 0 0 0 0 0 0 0 0 4 0 0 0 0 0 0
"4_112706841_G_T" 0 0 0 0 0 0 0 0 0 0 3 0 0 0 0
"4_113101864_A_C" 0 0 0 0 0 0 0 0 0 3 0 0 0 0 0
"4_113949991_T_G" 0 0 0 0 0 0 0 0 2 0 0 0 0 0 0
"4_114415194_C_A" 0 0 0 2 0 0 0 0 0 0 0 0 0 0 0
"4_114703018_T_C" 0 0 4 0 0 0 0 0 0 0 0 0 0 0 0
"4_114736845_C_T" 0 0 0 0 0 0 0 0 0 0 0 0 0 6 0
"4_115967075_T_G" 0 0 0 0 0 0 0 0 0 0 0 0 3 0 0
"4_117118961_C_A" 0 0 0 0 0 0 0 0 0 0 3 0 0 0 0
"4_117505509_G_C" 0 0 0 0 0 4 0 0 0 0 0 0 0 0 0
"4_117590307_G_A" 0 0 0 0 0 7 0 0 0 0 0 0 0 0 0
"4_117921621_A_C" 0 0 3 0 0 0 0 0 0 0 0 0 0 0 0
"4_11812882_T_G" 0 0 3 0 0 0 0 0 0 0 0 0 0 0 0
"4_118643381_G_A" 0 0 0 0 0 0 0 0 0 1 0 0 0 5 0
"4_118778610_G_T" 0 0 0 0 0 0 0 0 0 0 5 0 0 0 0
"4_119000036_A_T" 0 0 0 0 0 0 0 0 0 0 0 0 0 6 0
"4_120843036_G_C" 0 0 0 0 0 0 0 0 0 0 4 0 0 0 0
"4_12144710_T_A" 0 0 0 0 0 0 0 0 0 3 0 0 0 0 0
"4_122403137_C_G" 0 0 0 0 0 4 0 0 0 0 0 0 0 0 0
"4_122961124_C_A" 0 0 0 0 6 0 0 0 0 0 0 0 0 0 0
"4_12362380_A_T" 0 0 0 0 0 0 0 0 0 0 3 0 0 0 0
"4_12366959_C_T" 0 1 3 0 0 0 0 0 0 0 0 0 0 0 0
"4_126090744_T_C" 0 0 7 0 0 0 0 0 0 0 0 0 0 0 0
"4_126401145_A_T" 0 0 3 0 0 0 0 0 0 0 0 0 0 0 0
"4_126764312_T_A" 0 0 3 0 0 0 0 0 0 0 0 0 0 0 0
"4_12847588_T_G" 0 0 0 0 0 0 0 0 0 0 2 0 0 0 0
"4_128815134_G_A" 0 2 0 0 0 0 0 0 0 0 0 0 6 0 0
"4_130692984_T_A" 0 0 0 0 0 0 0 0 0 3 0 0 0 0 0
"4_131640049_C_G" 0 0 4 0 0 0 0 0 0 0 0 0 0 0 0
"4_132095742_T_C" 0 0 4 0 0 0 0 0 0 0 0 0 0 0 0
"4_132695408_C_T" 0 0 4 0 0 0 0 0 0 0 0 0 0 0 0
"4_132881664_G_A" 0 1 3 0 0 0 0 0 0 0 0 0 0 0 0
"4_133642499_T_G" 0 0 0 0 0 0 0 3 0 0 0 0 0 0 0
"4_133652409_A_T" 0 1 8 0 0 0 0 0 0 0 0 0 0 0 0
"4_133652425_A_G" 0 1 8 0 0 0 0 0 0 0 0 0 0 0 0
"4_133727870_C_A" 0 0 0 0 0 0 0 0 0 0 0 0 0 4 0
"4_136112795_T_G" 0 0 3 0 0 0 0 0 0 0 0 0 0 0 0
"4_136353794_T_G" 0 0 5 0 0 0 0 0 0 0 0 0 0 0 0
"4_136572763_T_A" 0 0 0 0 0 4 0 0 0 0 0 0 0 0 0
"4_137275165_C_A" 0 0 0 0 0 0 0 0 0 0 5 0 0 0 1
"4_137869996_T_A" 0 0 0 0 0 0 0 0 0 0 3 0 0 0 0
"4_137953879_G_A" 0 0 0 0 0 0 0 0 0 0 0 6 0 0 0
"4_13824648_G_A" 0 0 0 0 0 0 0 0 0 0 0 0 4 0 0
"4_138694894_T_C" 0 0 0 0 0 0 0 0 0 6 0 0 0 0 0
"4_138812449_T_C" 0 0 4 0 0 0 0 0 0 0 0 0 0 0 0
"4_141853136_G_A" 0 0 0 0 0 0 0 0 0 0 0 0 6 0 0
"4_142892034_T_C" 0 0 0 0 0 0 0 0 0 0 3 0 0 0 0
"4_14305432_C_A" 0 0 0 0 0 0 0 3 0 0 0 0 0 0 0
"4_144529526_A_C" 1 0 0 0 0 0 0 0 3 0 0 0 0 0 0
"4_145585291_C_G" 0 0 0 0 0 5 2 0 0 0 0 0 0 0 0
"4_146344491_T_A" 0 0 0 0 0 0 4 0 0 0 0 0 0 0 0
"4_148663357_G_A" 0 0 0 0 0 0 0 0 0 0 0 0 4 0 0
"4_149513126_A_C" 0 0 3 0 0 0 0 0 0 0 0 0 0 0 0
"4_150644386_A_G" 0 0 0 0 0 0 0 0 0 0 0 5 0 0 0
"4_153078243_T_A" 0 0 0 0 0 0 3 0 0 0 0 0 0 0 0
"4_155198995_C_A" 0 0 0 0 0 0 0 0 0 5 0 0 0 0 0
"4_155445065_C_T" 0 0 0 0 0 0 0 0 0 6 0 0 0 0 0
"4_156014647_C_T" 0 0 0 0 3 0 0 0 0 0 0 0 0 0 0
"4_156608572_C_T" 0 0 0 0 0 0 0 0 0 4 0 0 0 0 0
"4_157437431_T_A" 0 0 4 0 0 0 0 0 0 0 0 0 0 0 0
"4_157482749_A_G" 0 0 0 0 0 0 0 0 0 5 0 0 0 0 0
"4_158998029_A_G" 0 0 0 0 0 0 0 0 0 0 0 5 0 0 0
"4_159459373_A_G" 0 0 0 0 0 6 0 0 0 0 0 0 0 0 0
"4_16012097_C_T" 0 0 0 0 0 0 0 0 0 0 0 0 4 0 0
"4_160589392_T_C" 0 0 0 0 0 0 0 0 0 0 0 5 0 0 0
"4_160856536_A_T" 0 0 0 0 0 0 0 3 0 0 0 0 0 0 0
"4_162268332_A_T" 0 0 0 0 0 0 0 0 0 0 0 3 0 0 0
"4_162430374_G_T" 0 0 3 0 0 0 0 0 0 0 0 0 0 0 0
"4_162992342_G_C" 0 0 2 0 0 0 0 0 0 0 0 0 0 0 0
"4_163502658_G_A" 0 0 3 0 0 0 0 0 0 0 0 0 0 0 0
"4_163858571_T_A" 0 0 0 0 0 0 0 0 0 0 0 0 4 0 0
"4_164221860_C_T" 0 0 0 0 6 0 0 0 0 0 0 0 0 0 0
"4_164471481_G_T" 0 0 0 0 0 0 0 0 0 0 0 0 5 0 0
"4_164653037_T_C" 0 0 0 0 8 0 0 0 0 0 0 0 0 0 0
"4_16569997_T_G" 0 0 3 0 0 0 0 0 0 0 0 0 0 0 0
"4_167125117_T_C" 0 0 0 0 0 0 0 5 0 0 0 0 0 0 0
"4_167133640_T_C" 0 0 0 0 0 0 0 0 0 0 0 0 4 0 0
"4_167438437_T_C" 0 0 4 0 0 0 0 0 0 0 0 0 0 0 0
"4_167751478_A_C" 0 2 4 0 0 0 0 0 0 0 0 0 0 0 0
"4_16844413_A_C" 0 0 4 0 0 0 0 0 0 0 0 0 0 0 0
"4_168898746_A_G" 0 0 0 0 0 0 0 0 0 0 0 9 0 0 0
"4_170172889_T_A" 0 0 0 0 0 18 2 0 0 0 0 0 0 0 0
"4_171594434_G_A" 0 0 0 0 0 0 0 0 8 0 0 0 0 0 2
"4_171767413_T_G" 0 0 5 0 0 0 0 0 0 0 0 0 0 0 0
"4_172062329_G_A" 0 0 0 0 0 0 0 0 0 0 0 4 0 0 0
"4_172194874_A_T" 0 0 3 0 0 0 0 0 0 0 0 0 0 0 0
"4_172740553_C_A" 0 0 4 0 0 0 1 0 0 0 0 0 0 0 0
"4_173353434_G_A" 0 0 0 0 0 0 0 0 0 4 0 0 0 0 0
"4_173897159_C_T" 0 0 0 0 0 0 0 0 0 7 0 0 0 0 0
"4_175246918_A_C" 0 0 0 0 0 4 0 0 0 0 0 0 0 0 0
"4_175583063_G_A" 0 0 0 0 0 0 0 0 0 0 0 4 0 1 0
"4_175789478_A_G" 0 0 0 0 4 0 0 0 0 0 0 0 0 0 0
"4_176358533_G_T" 0 0 0 0 0 0 0 0 0 4 0 0 0 0 0
"4_177194582_C_G" 0 0 0 0 0 0 0 0 0 0 0 0 0 3 0
"4_177887332_T_C" 2 4 0 0 0 0 0 0 0 0 0 0 0 0 0
"4_178912547_T_G" 0 0 0 0 0 0 0 0 0 5 0 0 0 0 0
"4_180231761_A_G" 0 0 0 0 6 5 2 0 0 0 0 12 0 0 0
"4_180581507_G_A" 0 0 0 0 0 4 0 0 0 0 0 0 0 0 0
"4_1821502_C_A" 0 0 0 0 3 0 0 0 0 0 0 0 0 0 0
"4_182364035_A_C" 0 0 3 0 0 0 0 0 0 0 0 0 0 0 0
"4_182508256_T_A" 0 0 6 0 0 0 0 0 0 0 0 0 0 0 0
"4_182642604_T_A" 0 3 0 1 0 0 0 0 0 0 0 0 0 0 0
"4_183241876_C_A" 0 0 0 0 0 0 0 0 0 0 5 0 0 0 0
"4_183865559_C_A" 0 0 0 0 5 0 0 0 0 0 0 0 0 0 0
"4_186108173_T_C" 0 0 0 0 0 0 0 3 0 0 0 0 0 0 0
"4_186809158_C_A" 0 0 0 0 0 0 0 0 0 0 3 0 0 0 0
"4_186849428_T_C" 0 0 0 0 5 0 0 0 0 0 0 0 0 0 0
"4_186881992_T_G" 0 0 0 0 0 0 0 0 0 0 0 3 0 0 0
"4_18741661_G_T" 0 0 0 0 0 0 5 0 0 0 0 0 0 0 0
"4_187700467_A_C" 0 0 4 0 0 0 0 0 0 0 0 0 0 0 0
"4_190409022_C_G" 0 0 0 0 0 0 0 0 0 0 0 0 3 0 0
"4_19280320_A_C" 0 0 3 0 0 0 0 0 0 0 0 0 0 0 0
"4_19685016_C_T" 0 0 0 0 0 0 0 0 0 4 0 0 0 0 0
"4_20238280_A_C" 0 2 4 0 0 0 0 0 0 0 0 0 0 0 0
"4_21238899_C_T" 0 0 4 0 0 0 0 0 0 0 0 0 0 0 0
"4_21748529_A_C" 0 0 0 0 0 0 0 0 0 0 0 4 0 0 0
"4_24064099_T_G" 0 0 0 2 0 0 0 0 0 0 0 0 0 0 0
"4_25657515_G_T" 0 0 0 0 0 0 0 0 0 0 0 0 0 0 3
"4_2803742_T_G" 0 0 0 0 0 0 2 0 0 0 0 0 0 0 0
"4_29621697_T_G" 0 0 0 0 0 0 0 0 0 0 0 0 0 3 0
"4_30382574_G_A" 0 0 0 0 0 6 0 0 0 0 0 0 0 0 0
"4_31848834_A_T" 0 0 0 0 0 0 0 3 0 0 0 0 0 0 0
"4_32398348_T_G" 0 0 0 0 0 0 0 0 0 0 0 6 0 0 0
"4_32649987_C_A" 0 0 0 0 0 0 0 0 0 0 0 0 0 7 1
"4_32667493_A_C" 0 0 3 0 0 0 0 0 0 0 0 0 0 0 0
"4_33477201_G_A" 0 0 5 0 0 0 0 0 0 0 0 0 0 0 0
"4_33838498_A_C" 0 0 3 0 0 0 0 0 0 0 0 0 0 0 0
"4_34545866_A_C" 0 0 0 0 0 0 0 0 0 3 0 0 0 0 0
"4_34851540_A_G" 0 0 0 0 0 6 0 0 0 0 0 0 0 0 0
"4_35088432_C_A" 0 0 6 0 0 0 0 0 0 0 0 0 0 0 0
"4_35164035_A_T" 0 0 6 0 0 0 0 0 0 0 0 0 0 0 1
"4_35387362_T_C" 0 0 8 0 0 0 0 0 0 0 0 0 0 0 0
"4_35673494_C_T" 0 0 0 0 0 7 0 0 0 0 0 0 0 0 0
"4_36978985_A_T" 0 0 0 0 0 0 0 0 0 3 0 0 0 0 0
"4_38177981_A_T" 0 0 0 0 4 0 0 0 0 0 0 0 0 0 0
"4_38571143_T_A" 0 0 0 0 0 1 0 0 0 3 0 0 0 0 0
"4_38978210_T_G" 0 0 0 0 0 2 0 0 0 0 0 0 0 0 0
"4_41364579_A_G" 0 0 0 0 5 0 0 0 0 0 0 0 0 0 0
"4_42097914_G_A" 0 0 0 0 0 0 0 0 0 0 5 0 0 0 0
"4_44088091_A_G" 0 0 0 0 0 0 0 0 0 0 0 0 0 3 0
"4_44675652_C_G" 0 0 0 0 4 0 0 0 0 0 0 0 0 0 0
"4_45155387_A_T" 0 0 3 0 0 0 0 0 0 0 0 0 0 0 0
"4_45352261_G_T" 0 0 0 0 0 0 0 0 0 0 8 0 0 0 0
"4_45480131_T_G" 0 0 0 0 0 0 0 0 3 0 0 0 0 0 0
"4_45716227_G_A" 0 0 0 0 4 0 0 0 0 0 0 0 0 0 0
"4_46530645_A_G" 0 0 0 0 0 0 0 0 0 4 0 0 0 0 0
"4_46588391_C_T" 0 0 0 0 0 0 0 0 0 10 0 0 0 0 0
"4_48419894_T_G" 0 0 0 0 0 3 0 0 0 0 0 0 0 0 0
"4_5256558_G_C" 0 0 0 0 5 0 0 0 0 0 0 0 0 0 0
"4_54299685_T_A" 0 0 0 1 0 0 0 0 1 0 2 0 0 0 0
"4_55338491_C_A" 0 0 0 0 0 3 0 4 0 0 0 1 0 0 0
"4_56495439_T_A" 0 0 0 0 0 0 0 0 0 4 0 0 0 0 0
"4_56714125_C_T" 0 0 0 0 7 0 0 0 0 0 0 0 0 0 0
"4_56809803_G_C" 0 0 0 0 0 4 0 0 0 0 0 0 0 0 0
"4_58350164_G_C" 0 1 3 0 0 0 0 0 0 0 0 0 0 0 0
"4_5881966_A_T" 0 0 0 0 3 0 0 0 0 0 0 0 0 0 0
"4_58889002_G_C" 0 0 0 0 0 1 0 1 11 0 1 0 0 0 6
"4_59164364_A_G" 0 0 5 0 0 0 0 0 0 0 0 0 0 0 0
"4_59205973_A_C" 0 0 0 0 0 0 0 0 0 0 0 0 4 0 0
"4_59263768_T_G" 0 0 0 0 0 0 0 0 0 0 0 4 0 0 0
"4_59649484_C_T" 0 0 0 0 0 0 0 0 0 0 0 0 0 0 2
"4_59844598_G_A" 0 0 0 0 0 5 0 0 0 0 0 0 0 0 0
"4_60297667_C_A" 0 0 0 0 0 5 0 0 0 0 0 0 0 0 0
"4_60979382_A_C" 0 0 3 0 0 0 0 0 0 0 0 0 0 0 0
"4_62269184_T_G" 0 0 0 0 0 0 3 0 0 0 0 0 0 0 0
"4_62691938_G_C" 0 0 5 0 0 0 0 0 0 0 0 0 0 0 0
"4_63174033_C_T" 0 0 0 0 0 4 0 0 0 0 0 0 0 0 0
"4_63185750_C_A" 1 0 4 0 0 0 0 0 0 0 0 0 0 0 0
"4_63241697_A_T" 0 0 2 0 0 0 0 0 0 0 0 0 0 0 0
"4_63250654_A_T" 0 0 0 0 4 0 0 0 0 0 0 0 0 0 0
"4_63269981_T_G" 0 0 3 0 0 0 0 0 0 0 0 0 0 0 0
"4_63602036_C_G" 0 0 0 0 0 0 0 4 0 0 0 0 0 0 0
"4_63748266_C_A" 0 0 0 0 0 0 0 0 0 0 0 5 0 0 0
"4_63962215_C_A" 0 0 0 0 0 0 0 4 0 0 0 0 1 0 0
"4_64179503_T_A" 0 0 0 0 0 0 0 0 0 0 0 7 0 0 0
"4_64875350_C_T" 0 0 0 0 0 5 0 0 0 0 0 0 0 0 0
"4_65173116_C_G" 0 2 2 0 0 0 0 0 0 0 0 0 0 0 0
"4_66249900_G_A" 0 0 4 0 0 0 0 0 0 0 0 0 0 0 0
"4_67447384_G_T" 0 0 0 0 0 4 3 0 0 0 0 0 0 0 0
"4_67820486_C_T" 0 0 0 0 0 8 2 0 0 0 0 0 0 0 0
"4_7028112_A_C" 0 0 0 0 0 0 0 0 0 0 0 0 0 2 0
"4_70386708_G_C" 0 0 0 0 0 0 0 0 0 0 3 0 0 0 0
"4_71273331_T_C" 0 0 0 0 0 0 0 0 0 6 0 0 0 0 0
"4_73156309_T_C" 0 0 0 0 0 0 0 6 0 0 0 0 0 0 0
"4_736199_A_C" 0 0 0 0 0 5 0 0 0 0 0 0 0 0 0
"4_74860421_C_T" 0 1 0 0 0 0 0 0 0 0 0 0 4 0 0
"4_75410288_A_C" 0 0 0 0 0 0 0 0 0 0 0 4 0 0 0
"4_7597572_C_T" 0 0 0 0 0 0 0 0 0 0 0 9 0 0 0
"4_7772003_A_C" 0 0 0 0 0 0 2 0 0 0 0 0 0 0 0
"4_81258725_T_C" 0 0 4 0 0 0 0 0 0 0 0 0 0 0 0
"4_81844888_G_T" 0 0 0 0 0 0 0 4 0 0 0 0 0 0 0
"4_84674980_G_T" 0 0 0 0 0 0 0 4 1 0 0 0 0 0 0
"4_84721146_A_C" 0 0 0 0 0 2 0 0 0 0 0 0 0 0 0
"4_87062559_C_A" 0 0 7 0 0 0 0 0 0 0 0 0 0 0 0
"4_87324979_A_C" 0 0 0 0 0 0 0 0 0 0 0 0 4 0 0
"4_87995659_A_G" 0 0 0 0 0 0 0 0 0 0 0 0 0 5 0
"4_88163580_G_A" 0 0 4 0 0 0 0 0 0 0 0 0 0 0 0
"4_89131178_C_A" 0 0 0 0 4 0 0 0 0 0 0 0 0 0 0
"4_89606683_G_T" 0 0 0 0 0 0 0 0 0 0 0 6 0 0 0
"4_90231066_C_T" 0 0 0 0 0 0 0 0 0 4 0 0 0 0 0
"4_91563672_A_G" 0 0 4 0 0 0 0 0 0 0 0 0 0 0 0
"4_92357767_G_A" 0 0 0 0 0 12 2 0 0 0 0 0 0 0 0
"4_92754361_T_G" 0 0 0 0 0 4 0 0 0 0 0 0 0 0 0
"4_92795106_A_C" 0 0 4 0 0 0 0 0 0 0 0 0 0 0 0
"4_93260125_A_T" 0 0 0 0 0 0 0 0 0 0 0 0 0 6 0
"4_95833212_A_G" 0 0 0 0 0 0 0 0 0 6 0 0 0 0 0
"4_95863700_G_C" 0 0 0 0 0 4 0 0 0 0 0 0 0 0 0
"4_95985784_T_A" 0 0 0 0 0 4 5 0 0 0 0 0 0 0 0
"4_9631981_C_A" 0 0 3 0 0 0 0 0 0 0 0 0 0 0 0
"5_100161085_G_T" 0 0 0 0 0 0 4 0 0 0 0 0 0 0 0
"5_100476525_G_A" 0 0 0 0 0 0 0 0 0 6 0 0 0 0 0
"5_100591913_A_G" 0 0 6 0 0 0 0 0 0 0 0 0 0 0 0
"5_103620887_G_C" 0 0 0 0 0 5 0 0 0 0 0 0 0 0 0
"5_103837618_G_T" 0 0 0 0 0 0 0 0 0 0 4 0 0 0 0
"5_103846679_G_C" 0 0 0 0 0 5 0 0 0 0 0 0 0 0 0
"5_103972521_T_A" 0 0 5 0 0 0 0 0 0 0 0 0 0 0 0
"5_104012956_C_A" 0 0 3 0 0 0 0 0 0 0 0 0 0 0 0
"5_104231766_G_A" 0 0 4 0 0 0 0 0 0 0 0 0 0 0 0
"5_104865771_G_C" 0 0 6 0 0 0 0 0 0 0 0 0 0 0 0
"5_105512178_C_A" 0 0 0 0 0 0 0 0 0 9 0 0 0 0 0
"5_107697514_T_A" 0 0 0 0 0 0 0 8 0 0 0 0 0 0 0
"5_110063212_A_T" 0 0 0 0 0 0 0 0 0 0 0 0 0 0 2
"5_110208239_G_A" 0 0 0 0 0 0 0 0 0 0 4 0 0 0 0
"5_110222851_A_C" 0 0 0 0 0 0 0 0 0 0 2 0 0 0 0
"5_110511461_A_G" 0 0 0 0 0 0 0 0 0 0 0 4 0 0 0
"5_110646170_T_C" 0 0 0 0 0 5 0 0 0 0 0 0 0 0 0
"5_111347955_T_G" 0 0 0 0 0 0 0 0 0 0 2 0 0 0 0
"5_11336460_A_G" 0 0 0 0 0 0 0 0 0 4 0 0 0 0 0
"5_113509724_T_G" 0 0 5 0 0 0 0 0 0 0 0 0 0 0 0
"5_113576750_A_T" 0 0 0 0 3 0 0 0 0 0 0 0 0 0 0
"5_114168913_A_G" 0 0 0 0 0 0 0 0 0 0 2 9 0 0 0
"5_114364769_C_T" 0 0 5 0 1 0 0 0 0 0 0 0 0 0 0
"5_114411316_T_G" 0 0 0 0 0 0 0 0 0 3 0 0 0 0 0
"5_11499031_T_G" 0 0 3 0 0 0 0 0 0 0 0 0 0 0 0
"5_11567034_T_C" 0 0 0 0 4 0 0 0 0 0 0 0 0 0 0
"5_116357359_T_A" 0 0 0 0 0 0 0 0 0 0 0 0 3 0 0
"5_116914500_C_T" 0 0 0 0 0 0 0 0 0 8 0 0 0 0 0
"5_117056656_C_G" 0 0 3 0 0 0 0 0 0 0 0 0 0 0 0
"5_117056981_G_A" 0 0 0 0 0 0 0 0 0 0 0 6 0 0 0
"5_118796953_A_G" 0 0 0 0 4 0 0 0 0 0 0 0 0 0 0
"5_119225541_G_A" 0 0 0 0 0 0 0 0 0 0 0 4 0 0 0
"5_119472382_T_G" 0 0 0 0 0 0 0 3 0 0 0 0 0 0 0
"5_120365638_T_G" 0 0 0 0 0 0 2 0 0 0 0 0 0 0 0
"5_120566233_A_T" 0 0 0 0 0 0 0 0 0 0 4 0 0 0 0
"5_120678032_G_A" 0 0 3 0 0 0 0 0 0 0 0 0 0 0 0
"5_121867002_T_A" 0 0 0 0 0 3 5 0 0 0 0 0 0 0 0
"5_122435063_G_C" 0 0 0 0 0 5 0 0 0 0 0 0 0 0 0
"5_122680273_T_A" 0 0 3 0 0 0 0 0 0 0 0 0 0 0 0
"5_123012557_T_A" 0 0 0 0 0 0 0 0 4 0 0 0 0 0 0
"5_124248991_A_C" 0 0 0 0 0 0 0 0 0 0 0 0 0 0 4
"5_12538012_C_G" 0 0 0 0 0 0 0 0 0 6 0 0 0 0 0
"5_125626191_C_G" 0 0 0 0 0 0 0 0 0 0 3 0 0 0 0
"5_126072511_A_G" 0 0 0 0 0 0 0 0 0 0 6 0 0 0 0
"5_127451013_T_G" 0 0 0 0 0 0 0 0 0 0 0 0 3 0 0
"5_127815596_G_A" 0 0 0 0 0 0 0 0 0 0 0 0 0 3 0
"5_12809887_T_A" 0 0 4 0 0 0 0 0 0 0 0 0 0 0 0
"5_12881333_T_G" 0 0 6 0 0 0 0 0 0 0 0 0 0 0 0
"5_129811003_G_A" 0 0 0 0 0 0 0 0 0 0 4 0 0 0 0
"5_13046412_A_C" 0 0 5 0 0 0 0 0 0 0 0 0 0 0 0
"5_13054101_T_G" 0 0 3 0 0 0 0 0 0 0 0 0 0 0 0
"5_13163229_T_C" 0 0 0 0 4 0 0 0 0 0 0 0 1 0 0
"5_131997639_G_A" 1 0 0 0 0 0 0 0 0 0 0 0 0 10 1
"5_13393063_A_G" 0 0 6 0 0 0 0 0 0 0 0 0 0 0 0
"5_133949165_A_C" 0 0 0 0 3 0 0 0 0 0 0 0 0 0 0
"5_134910229_G_A" 0 0 0 0 0 5 0 0 0 0 0 0 0 0 0
"5_135223545_C_G" 0 0 0 0 0 0 0 0 0 3 0 0 0 0 0
"5_136788203_C_T" 0 0 0 0 6 0 0 0 0 0 0 0 0 2 0
"5_137192919_A_C" 0 0 0 0 0 0 2 0 0 0 0 0 0 0 0
"5_138037527_A_C" 0 0 0 0 0 0 0 0 0 0 0 5 0 0 0
"5_141167681_C_A" 0 0 0 0 0 0 0 0 0 4 0 0 0 0 0
"5_141907065_T_C" 0 0 0 0 0 0 0 3 0 0 0 0 0 0 0
"5_142743147_A_T" 0 0 2 0 0 0 0 0 0 0 0 0 0 0 0
"5_143957045_C_A" 0 0 0 0 0 0 0 0 0 4 0 0 0 0 0
"5_144150243_T_C" 0 0 0 0 0 0 0 0 0 0 0 4 0 0 0
"5_144672666_G_A" 0 0 0 0 0 0 0 0 0 0 0 4 0 0 0
"5_14493055_G_A" 0 0 0 0 0 0 0 0 0 0 0 0 0 5 1
"5_145463422_T_C" 0 0 0 0 0 0 0 0 0 7 0 0 0 0 0
"5_149245242_G_C" 0 0 0 0 0 0 0 0 0 0 0 0 3 0 0
"5_14931073_C_A" 0 0 0 0 0 7 4 0 0 0 5 2 9 0 0
"5_151005973_T_A" 0 0 0 0 0 0 0 0 0 0 3 0 0 0 0
"5_151061642_G_A" 0 0 0 0 7 0 0 0 0 0 0 0 1 0 0
"5_151219661_T_G" 0 3 0 0 0 0 0 0 0 0 0 0 0 0 0
"5_151615096_A_G" 0 0 6 0 0 0 0 0 0 0 0 0 0 0 0
"5_151629893_T_A" 0 0 1 0 0 0 0 0 0 0 4 0 0 0 0
"5_152912852_G_A" 0 0 0 0 0 0 0 0 0 6 0 0 0 0 0
"5_152949607_G_T" 0 0 0 0 0 0 0 0 0 0 3 0 0 0 0
"5_157391362_G_A" 0 0 0 0 0 0 0 4 0 0 0 0 0 0 0
"5_157659451_G_T" 0 0 0 0 0 0 0 0 0 6 0 0 0 0 0
"5_15964076_A_C" 0 0 4 0 0 0 0 0 0 0 0 0 0 0 0
"5_160387672_C_T" 0 0 5 0 0 0 0 0 0 0 0 0 0 0 0
"5_161963445_G_T" 0 0 3 0 0 0 0 0 0 0 0 0 0 0 0
"5_163799795_A_T" 0 0 3 0 0 0 0 0 0 0 0 0 0 0 0
"5_164603491_A_G" 0 0 0 0 0 5 0 0 0 0 0 0 0 0 0
"5_16554371_A_C" 4 1 0 0 0 0 0 0 0 0 0 0 2 0 2
"5_16554372_A_C" 4 0 0 0 0 0 0 0 0 0 0 0 1 0 0
"5_165727140_C_A" 0 0 3 0 0 0 0 0 0 0 0 2 0 0 0
"5_165763272_T_C" 0 0 0 0 0 4 0 0 0 0 0 0 0 0 0
"5_165902186_A_G" 0 0 4 0 0 0 0 0 0 0 0 0 0 0 0
"5_166247621_A_T" 0 0 0 0 0 0 0 0 0 0 0 4 0 0 0
"5_166440114_T_C" 0 0 0 0 0 0 0 0 0 0 0 0 4 0 0
"5_166652364_G_A" 0 1 4 0 0 0 0 0 0 0 0 0 0 0 0
"5_1668792_A_T" 0 0 0 0 0 0 0 0 0 5 0 0 0 0 0
"5_166938852_T_G" 0 0 3 0 0 0 0 0 0 0 0 0 0 0 0
"5_167197897_C_G" 0 0 0 0 0 0 0 0 0 10 0 0 0 0 0
"5_167733042_T_G" 0 0 3 0 0 0 0 0 0 0 0 0 0 0 0
"5_168340294_G_T" 0 0 4 0 0 0 0 0 0 0 0 0 0 0 0
"5_170514607_C_G" 0 0 0 0 0 0 0 0 0 3 0 0 0 0 0
"5_17165994_C_A" 2 4 1 0 0 0 0 0 0 0 0 0 0 1 0
"5_172630163_C_T" 1 5 0 0 0 0 0 0 0 0 0 0 0 0 0
"5_173286849_A_C" 0 0 0 0 0 2 0 0 0 0 0 0 0 0 0
"5_173810431_T_C" 0 0 0 0 0 0 0 0 0 0 0 0 0 4 0
"5_177741662_G_A" 0 0 3 0 0 0 0 0 0 0 0 0 0 0 0
"5_178362732_C_A" 0 0 3 0 0 0 0 0 0 0 0 0 0 0 0
"5_179153498_A_C" 0 0 0 2 0 0 0 0 0 0 0 0 1 0 0
"5_179828214_C_G" 0 0 0 0 0 0 0 0 0 0 0 0 0 0 3
"5_179842181_A_G" 0 0 0 0 0 0 0 0 0 0 0 0 0 0 3
"5_18597166_A_C" 0 0 3 0 0 0 0 0 0 0 0 0 0 0 0
"5_19078147_G_A" 0 0 0 0 0 5 0 0 0 0 0 0 0 0 0
"5_19349831_C_T" 0 0 0 0 0 4 0 1 0 0 0 0 0 0 0
"5_2026328_C_G" 0 0 0 0 0 0 0 0 0 0 0 0 0 3 0
"5_20635101_C_T" 0 0 0 0 0 5 2 0 1 1 9 1 9 0 0
"5_21669417_A_G" 0 0 5 0 0 0 0 0 0 0 0 0 0 0 0
"5_22385281_T_G" 0 0 0 0 0 0 0 0 0 0 3 0 0 0 0
"5_23634841_A_C" 0 0 4 0 0 0 0 0 0 0 0 0 0 0 0
"5_23866330_C_G" 0 0 0 0 0 0 0 0 0 5 0 0 0 0 0
"5_23976270_C_T" 0 5 2 0 3 1 0 1 0 1 1 1 1 11 2
"5_2457613_G_A" 0 0 5 0 0 0 0 0 0 0 0 0 0 0 0
"5_25413957_G_T" 0 0 0 0 0 0 0 0 0 0 4 0 0 0 0
"5_26850420_C_T" 0 0 0 0 0 0 0 0 0 0 0 0 4 0 0
"5_26929223_T_A" 0 0 0 0 0 0 0 0 0 0 0 0 0 0 4
"5_28452924_T_A" 0 0 0 0 0 0 3 0 0 0 0 0 0 0 0
"5_28559537_G_A" 0 0 0 0 0 0 0 0 0 0 4 0 0 0 0
"5_29208779_A_T" 0 0 0 0 0 0 0 0 0 0 0 0 3 0 0
"5_29558536_T_G" 0 0 3 0 0 0 0 0 0 0 0 0 0 0 0
"5_29885936_G_A" 0 0 0 0 0 2 5 0 0 0 0 0 0 0 0
"5_2991352_T_C" 0 0 5 0 0 0 0 0 0 0 0 0 0 0 0
"5_29943345_C_T" 0 0 0 0 0 0 0 0 0 7 0 0 0 0 0
"5_30084164_A_T" 0 0 0 0 0 0 0 7 0 0 0 0 0 0 0
"5_30683245_G_T" 0 0 4 0 0 0 0 0 0 0 0 0 0 0 0
"5_30968705_T_A" 1 0 0 0 0 0 0 0 0 0 0 0 4 0 0
"5_31443981_T_C" 0 0 0 0 0 4 1 0 0 0 0 0 0 0 0
"5_31948084_C_A" 5 1 1 0 0 0 0 0 0 0 0 0 0 0 0
"5_33875955_G_C" 0 0 0 0 0 3 0 0 0 0 0 0 0 0 0
"5_33954727_C_T" 0 0 0 0 0 4 4 0 0 0 0 0 0 0 0
"5_34295468_C_A" 4 1 1 0 0 1 0 0 0 0 0 0 0 0 0
"5_35258026_T_A" 0 1 4 0 0 0 0 0 0 0 0 0 0 0 0
"5_36180000_T_C" 0 0 1 0 0 0 1 0 0 4 0 0 0 0 0
"5_36494719_C_T" 0 0 0 0 0 0 0 4 0 0 0 0 0 0 0
"5_3715558_C_T" 0 0 5 0 0 0 0 0 0 0 0 0 0 0 0
"5_37252343_G_T" 3 0 0 0 0 0 0 0 0 0 0 0 0 0 0
"5_37487471_G_C" 0 0 3 0 0 0 0 0 0 0 0 0 0 0 1
"5_37629325_C_G" 0 0 0 0 0 0 0 0 0 3 0 0 0 0 0
"5_38021365_G_C" 0 0 0 0 4 0 0 0 0 0 0 0 0 0 0
"5_38284985_G_T" 0 0 3 0 0 0 0 0 0 0 0 0 0 0 0
"5_38439928_T_A" 0 0 0 0 0 0 0 4 0 0 0 0 0 0 0
"5_38668365_T_G" 0 0 0 0 8 0 0 0 0 0 0 0 0 0 0
"5_40777790_C_T" 0 0 0 0 0 0 0 0 0 0 0 0 0 5 0
"5_41218290_G_A" 0 0 4 0 0 0 0 0 0 0 0 0 0 0 0
"5_41582589_T_G" 0 0 0 0 0 0 0 0 0 0 0 0 0 0 3
"5_42780820_C_T" 0 0 4 0 0 0 0 0 0 0 0 0 0 0 0
"5_4404362_C_T" 0 0 0 0 0 0 3 0 0 0 0 0 0 0 0
"5_44399526_T_C" 0 0 0 0 6 0 0 0 0 0 0 0 0 0 0
"5_44530975_C_A" 0 0 3 0 0 0 0 0 0 0 0 0 0 0 0
"5_44909762_A_T" 0 0 0 0 0 4 2 0 0 0 0 0 0 0 0
"5_4582104_T_G" 0 0 3 0 0 0 0 0 0 0 0 0 0 0 0
"5_46135558_C_T" 0 0 0 0 0 0 0 0 0 0 0 0 4 0 0
"5_4695367_G_A" 0 0 0 0 4 0 0 0 0 0 0 0 0 0 0
"5_4744536_A_G" 0 0 0 0 0 5 0 0 0 0 0 0 0 0 0
"5_51173811_C_A" 0 0 0 0 0 0 0 0 0 4 0 0 0 0 0
"5_51593174_T_G" 0 0 3 0 0 0 0 0 0 0 0 0 0 0 0
"5_52793604_G_A" 0 0 0 0 0 0 0 0 0 0 0 4 0 0 0
"5_53601373_G_C" 0 0 0 0 0 4 0 0 0 0 0 0 0 0 0
"5_55471405_C_G" 0 0 0 0 0 0 0 0 0 0 0 0 0 4 0
"5_55516471_T_G" 0 0 0 0 0 5 3 0 0 0 0 0 0 0 0
"5_56518274_G_A" 0 0 0 0 0 5 0 0 0 0 0 0 0 0 0
"5_56766389_A_T" 0 0 2 0 0 0 0 0 0 0 0 0 0 0 0
"5_5776883_C_G" 0 0 0 0 3 0 0 0 0 0 0 0 0 0 0
"5_58839817_C_G" 0 0 0 0 4 0 0 0 0 0 0 0 0 0 0
"5_63381539_T_C" 0 0 0 0 0 0 0 6 0 0 0 0 0 0 0
"5_64053130_G_A" 0 0 0 0 0 0 0 0 0 0 0 0 0 4 0
"5_65670968_G_T" 0 0 3 0 0 0 0 0 0 0 0 0 0 0 0
"5_65889723_T_C" 0 0 0 0 0 0 0 0 0 0 5 0 0 0 0
"5_66314431_T_A" 0 0 0 0 0 0 0 0 0 5 0 0 0 0 0
"5_67387937_T_G" 0 0 0 0 0 0 0 0 0 0 0 0 4 0 0
"5_67968489_A_G" 0 0 0 0 0 6 0 0 0 0 0 0 0 0 0
"5_68754965_G_A" 0 0 0 0 0 0 0 0 0 0 0 0 0 4 0
"5_68923905_C_T" 1 0 0 0 0 2 5 0 0 0 0 1 0 2 0
"5_71662759_T_G" 0 0 0 0 0 0 0 0 0 0 2 0 0 0 0
"5_72671827_A_G" 0 0 0 0 0 0 0 0 0 0 0 0 0 4 0
"5_74178680_C_A" 0 0 0 0 0 0 0 0 0 6 0 0 0 0 0
"5_74748973_T_C" 0 0 0 0 0 0 0 0 0 4 0 0 0 0 0
"5_75951804_G_T" 0 0 0 0 0 0 0 0 0 0 4 0 0 0 0
"5_77476119_G_A" 0 0 0 0 0 0 0 0 0 0 0 0 0 5 0
"5_77678551_C_G" 0 0 0 0 0 0 0 4 0 0 0 0 0 0 0
"5_78484337_A_C" 3 0 0 0 0 0 0 0 0 0 0 0 0 0 0
"5_79311525_G_A" 0 0 0 0 0 5 0 0 0 0 0 0 0 0 0
"5_8035791_G_T" 0 0 0 0 9 0 0 0 0 0 0 0 0 1 0
"5_81066425_G_C" 0 0 0 0 0 0 0 0 0 0 0 0 0 3 0
"5_81210662_G_T" 1 0 0 0 0 0 0 0 0 5 0 0 0 0 0
"5_81826304_A_T" 0 0 3 0 0 0 0 0 0 0 0 0 0 0 0
"5_81863929_A_T" 0 0 0 0 0 0 0 6 0 0 0 0 0 0 0
"5_83407564_T_C" 0 0 0 0 0 5 0 0 0 0 0 0 0 0 0
"5_83494899_C_G" 0 0 0 0 0 0 0 0 0 0 3 0 0 0 0
"5_8487031_A_T" 0 0 6 0 0 0 0 0 0 0 0 0 0 0 0
"5_85215361_G_A" 0 0 0 0 0 0 0 3 0 0 0 0 0 0 0
"5_85812671_A_C" 0 0 0 0 0 5 0 0 0 0 0 0 0 0 0
"5_85872461_C_T" 0 0 0 0 0 0 0 0 0 0 0 4 0 0 0
"5_85876492_C_T" 0 0 0 0 0 0 0 0 0 0 5 0 0 0 0
"5_85897864_C_T" 0 0 0 0 0 0 0 0 0 6 0 0 0 0 0
"5_86815732_T_G" 0 0 3 0 0 0 0 0 0 0 0 0 0 0 0
"5_86828488_T_C" 0 0 0 0 2 0 0 0 0 0 0 0 0 0 0
"5_8697477_A_G" 0 0 5 0 0 0 0 0 0 0 0 0 0 0 0
"5_88397165_C_T" 0 0 0 0 0 0 0 4 0 0 0 0 0 0 0
"5_90630589_G_T" 0 0 0 0 0 0 0 0 0 3 0 0 0 0 0
"5_91833627_G_T" 0 0 0 0 0 1 0 4 0 0 0 0 0 0 0
"5_92365955_A_C" 0 0 0 0 2 0 0 0 0 3 0 0 0 0 0
"5_92452862_T_G" 0 0 3 0 0 0 0 0 0 0 0 0 0 0 0
"5_93859571_A_T" 0 0 0 0 4 0 0 0 0 0 0 0 0 0 0
"5_94447358_A_C" 0 0 2 0 0 0 0 0 0 0 0 0 0 0 0
"5_94497079_G_A" 0 0 0 0 0 4 0 0 0 0 0 0 0 0 0
"5_95573710_A_T" 3 0 0 0 0 0 0 0 0 0 0 0 0 0 0
"5_95769295_A_C" 0 0 0 0 0 3 0 0 0 0 0 0 0 0 0
"5_98135643_C_G" 0 0 0 0 0 0 0 0 0 4 0 0 0 0 0
"5_9827878_G_A" 0 0 0 0 0 0 0 0 0 4 0 0 0 0 0
"5_99697783_G_C" 0 0 0 0 0 0 0 0 0 0 0 0 0 3 0
"6_100512833_C_T" 0 0 0 0 0 0 5 0 0 0 0 0 0 0 0
"6_101307939_C_A" 0 0 0 0 0 0 0 0 0 0 0 0 0 0 4
"6_10145889_C_T" 0 0 0 0 0 0 0 0 0 0 0 5 0 0 0
"6_102195924_T_A" 0 0 4 0 0 0 0 0 0 0 0 0 0 0 0
"6_102228129_T_G" 0 0 0 0 0 0 0 2 0 0 0 0 0 0 0
"6_102350194_T_C" 0 0 0 0 7 0 0 0 0 0 0 0 0 0 0
"6_103503722_T_A" 0 0 0 0 0 0 0 0 0 0 0 0 0 0 4
"6_103580249_A_T" 0 0 0 0 0 0 2 0 0 3 0 0 0 0 0
"6_103584937_T_G" 0 0 3 0 0 0 0 0 0 0 0 0 0 0 0
"6_104892250_C_T" 0 0 0 0 0 0 0 0 0 4 0 0 0 0 0
"6_105117826_A_C" 0 0 3 0 0 0 0 0 0 0 0 0 0 0 0
"6_106567385_C_T" 0 0 0 0 8 0 0 0 0 0 0 0 0 0 0
"6_107423174_T_C" 0 0 0 0 0 0 0 0 0 0 0 0 4 0 0
"6_108288052_C_T" 0 0 0 0 0 0 0 0 0 7 0 0 0 0 0
"6_108821007_A_T" 0 0 5 0 0 0 0 0 0 0 0 0 0 0 0
"6_109273901_C_T" 0 0 0 0 0 0 0 5 0 0 0 0 0 0 0
"6_111169983_T_G" 0 1 0 0 0 0 3 0 0 0 0 0 0 0 0
"6_112050584_T_G" 2 0 0 0 0 0 0 0 0 0 0 0 0 0 0
"6_114667940_T_G" 0 0 3 0 0 0 0 0 0 0 0 0 0 0 0
"6_115247486_C_A" 0 0 4 0 0 0 0 0 0 0 0 0 0 0 0
"6_118124805_C_A" 0 0 0 0 0 0 0 0 0 6 0 0 0 0 0
"6_118195227_T_G" 0 0 7 0 0 0 0 0 0 0 0 0 0 0 0
"6_118440249_G_A" 0 0 0 0 0 5 0 0 0 0 0 0 0 0 0
"6_1201182_A_T" 0 0 3 0 0 0 0 0 0 0 0 0 0 0 0
"6_120368762_G_C" 0 0 0 0 0 0 0 0 0 0 2 0 0 0 0
"6_120773661_T_G" 0 0 3 0 0 0 0 0 0 0 0 0 0 0 0
"6_121043552_G_A" 0 0 0 0 0 0 0 0 0 4 0 0 0 0 0
"6_121097572_C_A" 0 0 0 0 0 0 0 0 0 0 3 0 0 0 0
"6_1223370_G_T" 0 0 0 0 0 0 0 0 0 0 0 0 0 4 0
"6_122341496_A_T" 0 1 4 0 0 0 0 0 0 0 0 0 0 0 0
"6_123423020_T_C" 0 0 0 0 0 0 0 0 0 8 0 0 0 0 0
"6_123983594_G_A" 0 0 0 0 0 7 0 0 0 0 0 0 0 0 0
"6_124599289_A_C" 0 0 0 0 5 0 0 0 0 0 0 0 0 0 0
"6_126514544_T_A" 0 0 0 0 0 0 0 0 0 0 3 0 0 0 0
"6_12756034_G_A" 0 0 4 0 0 0 0 0 0 0 0 0 0 0 0
"6_12795973_T_G" 0 0 4 0 0 0 0 0 0 0 0 0 0 0 0
"6_128998697_G_A" 0 0 0 0 0 0 0 0 0 3 0 0 0 0 0
"6_129389517_A_C" 0 0 0 0 0 2 0 0 0 0 0 0 0 0 0
"6_129616887_T_C" 0 0 4 0 0 0 0 0 0 0 0 0 0 0 0
"6_12998513_G_T" 0 0 0 0 0 4 0 0 0 0 0 0 0 0 0
"6_130817908_C_G" 0 0 0 0 0 0 0 4 0 0 0 0 0 0 0
"6_130907659_C_A" 0 0 0 0 4 0 0 0 0 0 0 0 0 0 0
"6_131015254_C_A" 0 0 0 0 0 8 0 0 0 0 0 0 0 0 0
"6_131198223_T_A" 0 0 0 0 0 0 0 0 0 0 0 0 4 0 0
"6_131480071_A_C" 0 0 0 0 0 0 0 0 0 0 0 0 0 0 3
"6_13154316_C_G" 0 0 3 0 0 0 0 0 0 0 0 0 0 0 0
"6_132582748_A_G" 0 0 0 0 0 9 1 0 0 0 0 0 0 0 0
"6_132828919_G_T" 0 0 3 0 0 0 0 0 0 0 0 0 0 0 0
"6_133123341_C_A" 0 0 0 0 0 0 0 4 0 0 0 0 0 0 0
"6_13386285_G_T" 0 0 0 0 0 0 0 3 0 0 0 0 0 0 0
"6_133987743_A_G" 0 0 0 0 0 0 0 0 0 4 0 0 0 0 0
"6_135429284_T_G" 0 0 0 0 0 0 0 0 0 0 0 0 0 0 2
"6_135614317_G_C" 0 0 0 0 0 0 0 3 0 0 0 0 0 0 0
"6_135621645_T_G" 0 0 0 0 5 0 0 0 0 0 0 0 0 0 0
"6_135622307_T_C" 0 0 0 0 5 0 0 0 0 0 0 0 0 0 0
"6_136693828_A_T" 0 0 0 0 0 0 0 0 0 0 0 0 0 3 0
"6_136903234_T_A" 0 0 0 0 0 0 0 0 0 0 0 4 0 1 0
"6_139469916_T_A" 0 0 0 3 0 0 0 0 0 0 0 0 0 0 0
"6_1400402_A_G" 0 0 0 0 0 0 0 0 0 0 0 5 0 0 0
"6_141426002_G_C" 0 0 0 0 0 0 0 0 0 0 3 0 0 0 0
"6_142695684_G_C" 0 0 0 0 0 0 0 0 0 5 0 0 0 0 0
"6_143532443_T_G" 0 0 0 0 0 0 0 2 0 0 0 0 0 0 0
"6_145931669_C_A" 0 0 4 0 0 0 0 0 0 0 0 0 0 0 0
"6_149918175_C_T" 0 0 0 0 0 0 0 5 0 0 0 0 0 0 0
"6_150578755_A_C" 0 0 2 0 0 0 0 0 0 0 0 0 0 1 0
"6_151721397_A_G" 0 0 0 0 0 0 0 0 0 6 0 0 0 0 0
"6_152139319_G_T" 0 0 0 0 5 0 0 0 0 0 0 0 0 0 0
"6_153642001_A_C" 0 0 4 0 0 0 0 0 0 0 0 0 0 0 0
"6_154243014_C_T" 0 0 0 0 0 0 0 0 0 0 0 0 8 0 0
"6_154430245_G_A" 0 0 0 0 0 0 0 1 4 0 1 0 0 0 6
"6_155957991_G_A" 0 1 0 0 0 0 0 0 0 0 4 0 0 0 0
"6_156004158_C_T" 0 0 0 0 0 5 0 0 0 0 0 0 0 0 0
"6_156243050_A_G" 0 0 0 0 0 0 0 0 0 5 0 0 0 0 0
"6_156527503_G_T" 0 0 0 0 0 0 4 0 0 0 0 0 0 0 0
"6_157298133_C_T" 0 0 0 0 0 0 0 0 0 0 4 0 0 0 0
"6_158969775_G_T" 6 0 0 0 0 0 0 0 0 0 0 0 0 0 0
"6_159048837_T_G" 0 5 0 0 0 0 0 0 0 0 0 1 0 0 0
"6_161888742_T_G" 0 0 3 0 0 0 0 0 0 0 0 0 0 0 0
"6_163445032_C_T" 0 0 0 0 0 0 0 0 6 0 0 0 0 0 1
"6_163446145_A_T" 0 0 0 0 0 1 0 0 8 0 0 0 0 0 1
"6_164388841_C_G" 0 0 4 0 0 0 0 0 0 0 0 0 0 0 0
"6_164439360_G_A" 0 0 0 0 0 0 0 0 0 0 0 0 0 6 0
"6_165502956_G_A" 0 0 0 0 0 0 0 0 0 0 0 0 0 0 5
"6_166568504_C_G" 0 0 4 0 0 0 0 0 0 0 0 0 0 0 0
"6_167424755_A_G" 0 0 0 0 0 5 0 0 0 0 0 0 0 0 0
"6_167598487_A_T" 0 0 0 0 0 3 0 0 0 0 0 0 0 0 0
"6_167659583_C_T" 0 0 0 0 0 0 0 0 0 0 0 4 0 0 0
"6_168070597_C_T" 0 1 0 0 0 0 0 1 7 1 1 0 0 0 4
"6_168572044_A_C" 2 0 0 0 0 0 0 0 0 0 0 0 0 0 0
"6_168872384_A_C" 0 0 4 0 0 0 0 0 0 0 0 0 0 0 0
"6_19144550_T_G" 0 0 3 0 0 0 0 0 0 0 0 0 0 0 0
"6_19311621_G_T" 0 0 2 0 0 0 0 0 0 0 0 0 0 0 0
"6_19941309_A_T" 0 0 0 0 0 0 0 0 3 0 0 0 0 0 0
"6_20841491_G_C" 0 0 0 0 0 0 0 0 0 0 0 0 0 0 4
"6_20860046_A_G" 0 0 0 0 0 0 0 0 0 0 4 0 0 0 0
"6_21718589_C_A" 0 0 0 0 0 0 0 4 0 0 0 0 0 0 0
"6_22795293_G_A" 0 0 5 0 0 0 0 0 0 0 0 0 0 0 0
"6_22877806_G_A" 0 0 0 0 0 0 0 0 4 0 0 0 0 0 0
"6_23616651_G_C" 0 0 0 0 0 0 0 0 0 0 0 0 0 4 0
"6_27240404_G_C" 0 0 0 0 4 0 0 0 0 0 0 0 0 0 0
"6_27369366_G_A" 0 0 0 0 0 0 0 1 4 0 0 0 0 0 0
"6_28603186_A_G" 0 0 0 0 0 0 0 0 0 3 0 0 0 0 0
"6_28707316_C_G" 0 0 0 0 0 0 0 3 0 0 0 0 0 0 0
"6_28859463_G_A" 0 0 0 0 0 5 2 0 0 0 1 1 8 0 0
"6_29468193_C_T" 0 0 0 0 0 0 0 0 0 4 0 0 0 0 0
"6_30712319_C_G" 0 0 0 0 0 0 0 0 0 0 3 0 0 0 0
"6_31646082_T_G" 0 0 0 0 3 0 0 0 0 0 0 0 0 0 0
"6_3326948_A_C" 0 0 0 0 0 0 0 0 0 0 0 2 0 0 0
"6_33671735_T_G" 0 2 0 0 0 0 0 0 0 0 0 0 0 0 0
"6_35775562_C_T" 0 0 0 0 0 0 0 0 0 4 0 0 0 0 0
"6_36750654_A_T" 0 0 0 0 0 0 0 4 0 0 0 0 0 0 0
"6_36923084_A_C" 2 0 0 0 0 0 0 0 1 0 0 0 0 0 0
"6_37051877_G_A" 0 0 0 1 0 0 0 2 9 0 2 0 0 0 4
"6_37854195_G_T" 0 0 0 0 0 0 0 0 0 0 0 0 3 0 0
"6_37887489_G_T" 0 0 0 0 0 5 0 0 0 0 0 0 0 0 0
"6_39247033_A_G" 0 0 0 0 0 0 4 0 0 0 0 0 0 0 0
"6_40049660_T_A" 0 0 0 0 3 0 0 0 0 0 0 0 0 0 0
"6_42325676_G_C" 0 0 0 0 0 4 5 0 0 0 0 0 0 0 0
"6_45366372_C_A" 0 0 0 0 0 0 0 0 0 4 0 0 0 0 0
"6_45686223_T_G" 0 0 0 0 0 0 0 4 0 0 0 0 0 0 0
"6_48257329_A_C" 0 0 0 0 0 0 0 0 0 4 0 0 0 0 0
"6_48443252_A_C" 0 0 0 0 0 8 0 0 0 0 0 0 0 0 0
"6_48559389_A_C" 0 1 3 0 0 0 0 0 0 0 0 0 0 0 0
"6_48579041_A_T" 0 0 0 0 0 0 0 0 0 5 0 0 0 0 0
"6_48738478_A_C" 0 0 3 0 0 0 0 0 0 0 0 0 0 0 0
"6_49343840_C_T" 0 0 0 0 0 0 4 0 0 0 0 0 0 0 0
"6_49500204_C_A" 0 0 4 0 0 0 0 0 0 0 0 0 0 0 0
"6_49994287_A_C" 0 0 4 0 0 0 0 0 0 0 0 0 0 0 0
"6_50241473_C_A" 0 0 0 0 0 0 0 0 0 8 0 0 0 0 0
"6_50583529_A_C" 0 0 0 0 0 0 0 0 0 0 3 0 0 0 0
"6_53128212_G_T" 0 0 0 0 0 0 0 4 0 0 0 0 0 0 0
"6_53267137_T_C" 0 0 0 0 0 0 0 0 0 4 0 0 0 0 0
"6_54031986_A_G" 0 0 0 0 0 0 0 0 10 0 1 0 0 0 2
"6_5438190_T_G" 0 0 0 0 5 0 0 0 0 0 0 0 0 0 0
"6_55175341_A_T" 0 0 0 0 0 2 3 0 0 0 0 0 0 0 0
"6_55262615_G_A" 0 0 0 0 0 6 0 0 0 0 0 0 0 0 0
"6_55799689_C_A" 0 0 0 0 0 0 0 0 0 0 0 0 0 0 4
"6_56178161_C_G" 0 0 0 0 0 0 0 0 0 4 0 0 0 0 0
"6_57621697_T_G" 0 0 3 0 0 0 0 0 0 0 0 0 0 0 0
"6_58370666_C_A" 0 0 0 0 0 0 0 0 0 5 0 0 0 0 0
"6_58535878_G_T" 0 0 0 0 0 0 0 0 0 4 0 0 0 0 0
"6_62261239_T_A" 0 0 0 0 0 4 0 0 0 0 0 0 0 0 0
"6_62706927_C_A" 0 0 0 0 0 0 0 0 0 0 0 0 2 0 0
"6_63129602_T_A" 0 0 0 0 0 0 0 0 0 0 3 0 0 0 0
"6_63286884_C_T" 0 0 0 0 5 0 0 0 0 0 0 0 0 0 0
"6_63323900_T_G" 0 0 3 0 0 0 0 0 0 0 0 0 0 0 0
"6_64404394_A_G" 0 0 0 0 0 0 0 0 0 3 0 0 0 0 0
"6_64410254_A_G" 0 0 0 0 0 9 5 0 0 0 0 1 7 0 0
"6_649153_T_C" 0 0 0 0 0 0 0 3 0 0 0 0 0 0 0
"6_65401914_T_G" 0 0 0 0 0 0 3 0 0 0 0 0 0 0 0
"6_65522871_A_C" 0 0 0 0 0 0 0 0 0 3 0 0 0 0 0
"6_65531631_T_G" 0 0 3 0 0 0 0 0 0 0 0 0 0 0 0
"6_65563986_G_T" 0 0 0 0 0 0 0 0 0 0 5 0 0 0 0
"6_66835681_T_C" 0 0 0 0 9 0 0 0 0 0 0 0 0 0 0
"6_67116410_A_C" 0 0 4 0 0 0 0 0 0 0 0 0 0 0 0
"6_6722392_C_T" 0 0 0 0 0 4 3 0 0 0 0 0 0 0 0
"6_67510460_A_T" 0 1 3 0 0 0 0 0 0 0 0 0 0 0 0
"6_67625311_A_T" 0 3 0 0 0 0 0 0 0 0 1 0 0 0 0
"6_69184260_A_C" 0 0 4 0 0 0 0 0 0 0 0 0 0 0 0
"6_69570577_G_C" 0 0 3 0 0 0 0 0 0 0 0 0 0 0 0
"6_69572503_T_C" 0 1 4 0 0 0 0 0 0 0 0 0 0 0 0
"6_70125179_A_C" 0 0 0 0 0 0 0 3 0 0 0 0 0 0 0
"6_70565017_C_T" 0 0 0 0 6 0 0 0 0 0 0 0 0 0 0
"6_70983362_A_C" 0 0 3 0 0 0 0 0 0 0 0 0 0 0 0
"6_72769278_T_G" 0 0 3 0 0 1 0 0 0 0 0 0 0 0 0
"6_72783444_T_A" 0 0 0 0 0 0 5 0 0 0 0 0 0 0 0
"6_73062886_C_T" 0 0 1 0 0 5 0 0 0 0 0 0 0 0 0
"6_74103907_A_T" 0 0 0 0 0 2 0 0 0 0 0 0 4 0 0
"6_75463013_C_A" 0 0 5 0 0 0 0 0 0 0 0 0 0 0 0
"6_75606773_T_C" 0 0 4 0 0 0 0 0 0 0 0 0 0 0 0
"6_75661727_T_G" 0 0 0 0 0 0 0 0 0 2 0 0 0 0 0
"6_75804209_A_G" 0 0 0 0 0 5 0 0 0 0 0 0 0 0 0
"6_77419642_T_A" 0 0 0 0 0 0 0 0 0 5 0 0 0 0 0
"6_78233578_A_C" 0 0 3 0 0 0 0 0 0 0 0 0 0 0 0
"6_78381226_C_A" 0 0 0 0 0 0 0 0 0 6 0 0 0 0 0
"6_78452504_T_A" 0 0 0 0 0 0 0 0 0 0 5 0 0 0 0
"6_79744361_T_G" 0 0 0 0 0 2 0 0 0 0 0 0 0 0 0
"6_81998865_A_C" 0 0 4 0 0 0 0 0 0 0 0 0 0 0 0
"6_82218096_T_A" 0 0 0 0 0 0 0 0 0 0 0 6 0 0 0
"6_82334528_A_C" 0 0 3 0 0 0 0 0 0 0 0 0 0 0 0
"6_82839425_G_A" 0 0 0 0 0 3 4 0 0 0 0 0 0 0 0
"6_83266017_A_G" 0 0 4 0 0 0 0 0 0 0 0 0 0 0 0
"6_84014086_T_G" 0 0 0 0 0 0 0 0 0 3 0 0 0 0 0
"6_84462088_T_A" 0 0 0 0 0 2 0 0 0 0 0 0 0 0 0
"6_84537291_C_A" 0 0 0 0 0 0 0 0 0 0 0 0 0 5 0
"6_85280715_A_C" 0 0 0 0 0 0 3 0 0 0 0 0 0 0 0
"6_85841528_A_C" 0 0 0 0 0 2 0 0 0 0 0 0 0 0 0
"6_85860992_A_C" 0 0 0 0 0 0 2 0 0 3 0 0 0 0 0
"6_86995627_C_A" 0 0 0 0 0 0 0 0 0 0 1 0 6 0 0
"6_87402993_T_A" 0 0 0 0 0 7 3 0 0 0 0 0 0 0 0
"6_8747717_T_G" 0 0 3 0 0 0 0 0 0 0 0 0 0 0 0
"6_8797877_T_G" 0 2 4 0 0 0 0 0 0 0 0 0 0 0 0
"6_8934528_C_A" 0 1 5 0 0 0 0 0 0 1 0 0 0 0 0
"6_89392118_C_T" 0 0 0 0 4 0 0 0 0 0 0 0 0 0 0
"6_89487952_T_C" 0 0 0 0 0 5 7 0 0 0 0 0 0 0 0
"6_89539380_G_C" 0 0 0 0 0 0 0 0 0 4 0 0 0 0 0
"6_89921137_T_C" 0 0 0 0 4 0 0 0 0 0 0 0 0 0 0
"6_90369433_G_T" 0 0 0 0 0 0 0 0 0 0 0 0 0 4 0
"6_90592857_C_T" 0 0 0 0 6 0 0 0 0 0 0 0 0 0 0
"6_90652052_G_C" 0 0 0 0 0 0 0 3 0 0 0 0 0 0 0
"6_91164995_C_A" 0 0 0 0 0 0 0 0 0 0 0 0 0 0 3
"6_91632856_A_T" 0 0 0 0 1 0 0 0 0 0 0 0 3 0 0
"6_93308852_A_G" 0 0 0 0 0 5 0 0 0 0 0 0 0 0 0
"6_94271366_T_A" 0 0 0 0 4 0 0 0 0 0 0 0 0 0 0
"6_94703493_A_T" 0 0 0 0 0 0 0 0 0 0 0 0 0 3 0
"6_95373723_A_T" 0 0 3 0 0 0 0 0 0 0 0 0 0 0 0
"6_95529836_G_C" 0 0 0 0 0 0 0 0 0 0 0 0 0 6 0
"6_96090975_A_C" 0 0 0 0 0 0 0 0 0 0 0 7 0 0 0
"6_96849687_A_T" 0 0 3 0 0 0 0 0 0 0 0 0 0 0 0
"6_96867569_G_T" 0 0 0 0 5 0 0 0 0 0 0 0 0 0 0
"6_9810285_C_T" 0 0 0 0 0 0 0 0 0 3 0 0 0 0 0
"6_98408653_G_T" 0 0 0 0 0 0 0 0 0 0 0 4 0 0 0
"6_98488806_C_G" 0 0 0 0 0 5 0 0 0 0 0 0 0 0 0
"6_98854165_C_A" 0 0 0 0 0 0 0 0 0 0 4 0 0 0 0
"6_98855218_C_G" 0 0 0 0 0 0 5 0 0 0 0 0 0 0 0
"6_99226416_G_A" 0 0 0 0 0 0 0 0 0 7 0 0 0 0 0
"6_99240267_T_G" 0 0 3 0 0 0 0 0 0 0 0 0 0 0 0
"7_100995563_G_A" 0 0 0 0 0 0 0 0 0 0 0 0 0 0 8
"7_103081599_A_C" 0 0 0 0 0 0 0 0 0 0 0 0 0 0 2
"7_103825144_T_A" 0 0 0 0 0 0 0 4 0 0 0 0 0 0 0
"7_104770916_G_T" 0 0 0 0 0 0 0 0 0 0 4 0 0 0 0
"7_106393629_G_A" 0 0 0 0 0 0 0 0 0 5 0 0 0 0 0
"7_107272869_G_A" 0 0 0 0 0 0 0 0 0 3 0 0 0 0 0
"7_107387275_T_G" 3 0 0 0 0 0 0 0 0 0 0 0 0 0 0
"7_107575347_T_A" 0 0 0 0 1 0 0 0 0 0 0 0 0 3 0
"7_108653487_A_C" 0 0 2 0 0 0 0 0 0 0 0 0 0 0 0
"7_109152892_T_A" 0 0 0 0 0 0 0 0 0 0 0 0 0 0 4
"7_109170029_A_C" 0 0 0 0 0 0 3 0 0 0 0 0 0 0 0
"7_110328075_C_T" 0 0 0 0 0 0 0 4 0 0 0 0 0 0 0
"7_110477490_C_T" 0 0 0 0 0 4 1 0 0 0 0 0 0 0 0
"7_110499622_A_C" 0 0 0 0 0 0 3 0 0 0 0 0 0 0 0
"7_110499623_A_C" 0 0 0 0 0 0 2 0 0 0 0 0 0 0 0
"7_111523303_A_C" 0 0 0 0 0 0 2 0 0 0 0 0 0 0 0
"7_11242254_A_C" 0 0 0 0 0 0 2 0 0 0 0 0 0 0 0
"7_114830175_G_C" 0 0 0 0 0 0 0 0 0 0 3 0 0 0 0
"7_116965046_G_T" 0 0 0 0 0 0 0 0 0 9 0 0 0 0 0
"7_119704673_A_T" 0 0 0 0 0 0 0 0 0 0 4 0 0 0 0
"7_119942153_A_G" 0 0 0 0 0 0 0 0 0 0 0 0 5 0 0
"7_121823167_G_A" 0 0 0 0 0 10 7 0 0 0 0 0 0 0 0
"7_124105417_T_G" 0 0 0 0 0 0 0 0 5 0 0 0 0 0 0
"7_124239928_T_A" 0 0 0 0 0 0 0 0 0 3 0 0 0 0 0
"7_124733049_T_G" 0 0 4 0 0 0 0 0 0 0 0 0 0 0 0
"7_125400281_T_A" 0 0 0 0 0 0 3 0 0 0 0 0 0 0 0
"7_125963804_T_A" 0 0 0 0 0 0 0 3 0 0 0 0 0 0 0
"7_126293058_T_G" 0 0 0 0 0 0 0 0 0 0 0 0 3 0 0
"7_126725463_A_C" 1 0 3 0 0 0 0 0 0 0 0 0 0 0 0
"7_126725471_A_C" 0 0 3 0 0 0 0 0 0 0 0 0 0 0 0
"7_12861272_A_T" 0 0 0 1 1 0 2 0 0 0 0 0 3 0 2
"7_129172962_A_T" 0 0 0 0 0 0 0 0 0 10 0 0 0 0 0
"7_130315154_T_C" 0 0 0 0 0 4 0 0 0 0 0 0 0 0 0
"7_131650875_T_C" 0 0 0 0 0 0 0 0 0 4 0 0 0 0 0
"7_134543282_G_T" 0 0 0 0 0 0 0 0 0 0 5 0 0 0 0
"7_135293363_T_G" 0 0 0 0 0 0 3 0 0 1 0 0 0 0 0
"7_135509663_C_G" 0 0 0 0 0 5 3 0 0 0 0 0 0 0 0
"7_135511390_A_T" 0 0 0 0 6 0 0 0 0 0 0 0 0 0 0
"7_135868176_G_T" 0 0 0 0 0 0 4 0 0 0 0 2 0 0 0
"7_135961892_C_T" 0 1 4 0 0 0 0 0 0 0 0 0 0 0 0
"7_136071591_A_G" 0 0 0 0 0 5 5 0 0 0 0 0 0 0 0
"7_136850650_G_C" 0 0 5 0 0 0 0 0 0 0 0 0 0 0 0
"7_137326543_T_G" 0 0 4 0 0 0 0 0 0 0 0 0 0 0 0
"7_138025631_C_T" 0 0 4 0 0 0 0 0 0 0 0 0 0 0 0
"7_139245857_A_C" 0 0 2 0 0 0 0 0 0 0 0 0 0 0 0
"7_14101242_C_A" 0 0 0 0 0 5 0 0 0 0 0 0 0 0 0
"7_141481499_A_G" 0 0 0 0 0 0 0 0 0 0 0 0 0 0 6
"7_141839852_G_C" 0 0 0 0 4 0 0 0 0 0 0 0 0 0 0
"7_141877227_A_C" 0 0 4 0 0 0 0 0 0 0 0 0 0 0 0
"7_142471900_C_T" 0 0 4 0 0 0 0 0 0 0 0 0 0 0 0
"7_142482322_C_G" 0 0 0 0 0 0 0 0 0 3 0 0 0 0 0
"7_143582689_A_G" 0 0 0 0 0 0 0 0 0 0 0 0 0 8 0
"7_144157017_C_T" 0 0 0 0 0 6 0 0 0 0 0 1 0 0 0
"7_144999444_C_T" 0 0 0 0 4 0 0 0 0 0 0 0 0 0 0
"7_145151319_T_C" 0 0 4 0 0 0 0 0 0 0 0 0 0 0 0
"7_14539442_T_C" 0 0 0 0 0 0 0 0 0 3 0 0 0 0 0
"7_146288740_C_G" 0 0 0 0 0 6 0 0 0 0 0 0 0 0 0
"7_146460437_G_A" 0 0 0 0 0 0 0 0 0 0 0 0 0 8 0
"7_146687214_A_G" 0 0 0 0 0 0 0 0 0 0 0 0 0 7 0
"7_146688658_T_A" 0 0 0 0 4 0 0 0 0 0 0 0 0 0 0
"7_147126209_G_T" 0 0 0 0 0 7 0 0 0 0 0 0 0 0 0
"7_147889713_C_T" 0 0 0 0 0 0 0 0 0 0 0 0 4 0 0
"7_148331068_A_C" 0 0 0 0 0 2 0 0 0 0 0 0 0 0 0
"7_148534718_A_C" 0 0 0 0 0 0 0 0 0 5 0 0 0 0 0
"7_148920143_T_A" 0 0 0 0 0 0 0 0 0 0 4 0 0 0 0
"7_148963036_T_G" 0 0 0 0 0 0 0 0 0 0 0 0 3 0 0
"7_149113309_T_A" 0 0 0 0 0 0 0 3 0 0 0 0 0 0 0
"7_149244531_A_C" 0 0 0 0 0 0 0 0 0 0 2 0 0 0 0
"7_149454309_T_C" 0 0 0 0 0 0 0 0 0 0 0 0 0 0 3
"7_152420801_A_C" 0 0 0 0 0 0 0 0 0 0 3 0 0 0 0
"7_152969811_A_C" 0 0 0 0 0 0 0 0 0 0 0 0 0 2 0
"7_153042256_T_G" 0 0 4 0 0 0 0 0 0 0 0 0 0 0 0
"7_153124830_A_C" 0 3 0 0 0 0 0 0 0 0 0 0 0 0 0
"7_153979177_A_C" 0 0 3 0 0 0 0 0 0 0 0 0 0 0 0
"7_155068266_A_T" 0 0 0 0 0 0 0 0 0 7 0 0 0 0 0
"7_155569419_A_C" 0 0 0 0 0 0 0 0 0 4 0 0 0 0 0
"7_156256813_A_T" 0 0 0 0 0 0 0 0 0 0 0 0 0 5 0
"7_156634625_T_C" 0 0 0 0 0 0 0 0 0 0 0 5 0 0 0
"7_158103317_G_T" 0 0 0 0 0 0 0 5 0 0 0 0 0 0 0
"7_15887386_C_T" 0 0 0 0 4 0 0 0 0 1 0 0 0 0 0
"7_16329351_C_T" 0 0 0 0 0 6 0 0 0 0 0 0 0 0 0
"7_16641168_C_A" 0 0 0 0 1 7 8 0 0 0 2 3 4 0 0
"7_16937701_A_G" 0 0 0 0 0 0 0 0 0 5 0 0 0 0 0
"7_17474244_A_C" 0 0 0 0 0 0 0 0 0 0 0 2 0 0 0
"7_178670_C_T" 0 0 3 0 0 0 0 0 0 0 0 0 0 0 0
"7_18791784_G_A" 0 0 0 0 0 6 8 0 0 0 0 0 0 0 0
"7_20914656_G_C" 0 0 4 0 0 0 0 0 0 0 0 0 0 0 0
"7_21610231_A_C" 0 0 0 0 0 0 2 0 0 0 0 0 0 0 0
"7_21660344_C_A" 0 0 3 0 0 0 0 0 0 0 0 0 0 0 0
"7_24279493_G_A" 0 0 0 0 0 0 0 4 0 1 0 0 0 0 0
"7_25804353_G_A" 0 0 0 0 0 0 0 0 0 0 0 4 0 0 0
"7_2583297_C_T" 0 0 0 0 0 0 0 0 0 0 0 5 0 0 0
"7_26571843_C_G" 0 0 0 0 0 0 0 0 0 0 0 0 0 0 4
"7_2720287_T_C" 0 0 5 0 0 0 0 0 0 0 0 0 0 0 0
"7_2725945_T_C" 0 0 0 0 0 8 7 0 0 0 0 0 0 0 0
"7_27969237_T_C" 0 0 0 0 0 0 0 0 0 0 4 0 0 0 0
"7_29133693_A_C" 0 0 0 0 0 0 0 0 0 0 0 0 0 3 0
"7_31392263_C_T" 0 0 0 0 0 0 0 0 0 0 0 0 0 4 0
"7_32332961_A_T" 0 0 0 0 0 0 0 0 0 0 0 4 0 0 0
"7_32778428_C_T" 0 0 0 0 0 0 0 0 0 3 0 0 0 0 0
"7_34543501_T_A" 0 0 0 0 0 0 0 0 0 0 0 0 0 0 3
"7_34661599_A_T" 0 0 0 0 0 0 0 0 0 0 0 4 0 0 0
"7_35023383_A_C" 0 0 3 0 0 0 0 0 0 0 0 0 0 0 0
"7_35664281_T_C" 0 0 0 0 0 0 0 0 0 0 0 0 0 6 0
"7_35900128_T_A" 0 0 0 0 0 0 0 4 0 0 0 0 0 0 0
"7_36769862_C_T" 0 0 0 0 8 0 0 0 0 0 0 0 0 0 0
"7_38130682_A_G" 0 0 0 0 7 0 0 0 0 0 0 0 0 0 0
"7_39864321_G_T" 0 0 0 0 0 0 0 0 0 0 4 0 0 0 0
"7_40222498_A_C" 0 0 0 0 0 0 0 0 0 0 0 0 0 0 2
"7_40458328_G_A" 0 0 0 0 0 4 0 0 0 0 0 0 0 0 0
"7_41314639_C_A" 0 0 0 0 6 0 0 0 0 0 0 0 0 0 0
"7_4163808_A_T" 0 0 0 0 0 0 0 0 0 0 3 0 0 0 0
"7_42332334_C_T" 0 0 5 0 0 0 0 0 0 0 0 0 0 0 0
"7_42653770_G_A" 0 1 1 0 0 0 0 0 0 4 0 0 0 0 0
"7_42737422_A_C" 0 0 0 0 3 0 0 0 0 0 0 0 0 0 0
"7_4274322_C_T" 6 9 4 4 2 0 1 0 0 2 1 1 0 5 0
"7_42848991_A_C" 0 0 4 0 0 0 0 0 0 0 0 0 0 0 0
"7_44172535_C_T" 0 0 0 0 0 0 0 4 0 0 0 0 0 0 0
"7_44346332_G_T" 0 0 0 0 0 0 0 4 0 0 0 0 0 0 0
"7_45442793_C_T" 0 0 0 0 0 0 0 0 0 8 0 0 0 0 0
"7_45458673_G_A" 0 0 0 0 0 0 0 0 8 0 0 0 0 0 0
"7_45486344_G_T" 0 0 0 0 0 0 0 0 0 3 0 0 0 0 0
"7_45494202_T_G" 0 0 0 0 0 0 0 0 0 0 0 4 0 0 0
"7_46051884_T_C" 0 0 0 0 5 0 0 0 0 0 0 0 0 0 0
"7_46307758_A_G" 0 0 0 0 0 3 0 0 0 0 0 0 0 0 0
"7_47263239_T_A" 0 0 0 0 0 0 0 0 0 0 4 0 0 0 0
"7_48816982_A_G" 0 0 0 0 0 0 0 0 0 0 6 0 0 0 0
"7_48977818_C_A" 0 0 0 0 9 0 0 0 0 0 0 0 0 0 0
"7_49483013_A_C" 0 0 6 0 0 0 0 0 0 0 0 0 0 0 0
"7_49803778_A_C" 0 0 3 0 0 0 0 0 0 0 0 0 0 0 0
"7_50412859_C_T" 0 0 0 0 0 0 0 0 0 0 0 0 4 0 0
"7_51076316_G_T" 0 0 4 0 0 0 0 0 0 0 0 0 0 0 0
"7_52107701_G_T" 0 0 0 0 0 0 0 0 0 0 0 0 0 4 0
"7_52311947_C_G" 0 0 0 0 0 0 0 0 0 4 0 0 0 0 0
"7_53261288_A_T" 0 0 0 0 0 0 0 0 0 4 0 0 0 0 0
"7_53784419_T_C" 0 0 0 0 0 0 0 0 0 0 0 0 0 4 0
"7_53819820_A_T" 0 3 0 0 0 0 0 0 0 0 0 0 1 0 0
"7_54031752_A_T" 0 0 0 0 0 0 0 0 0 0 0 0 7 0 0
"7_55414843_C_T" 0 0 0 0 0 0 0 0 0 8 0 0 0 0 0
"7_564254_G_C" 0 0 0 0 0 0 0 3 0 0 0 0 0 0 0
"7_56479287_T_G" 0 0 0 0 0 0 0 0 0 3 0 0 0 0 0
"7_57143010_T_A" 0 0 0 0 6 0 0 0 0 0 0 0 0 0 0
"7_57174617_C_G" 0 0 0 0 0 0 0 0 0 0 3 0 0 0 0
"7_57209261_A_C" 0 1 3 0 0 0 0 0 0 0 0 0 0 0 0
"7_57615504_G_A" 0 0 0 0 4 0 0 0 0 0 0 0 0 0 0
"7_5815091_C_A" 0 0 0 0 0 0 0 0 0 5 0 0 0 0 0
"7_62201052_T_A" 0 0 0 0 0 0 0 4 0 0 0 0 0 0 0
"7_62715962_A_T" 0 0 6 0 0 0 0 0 0 0 0 0 0 0 0
"7_62965018_G_A" 0 0 4 0 0 0 0 0 0 0 0 0 0 0 0
"7_63197415_A_G" 0 0 0 0 0 5 1 0 0 0 0 0 0 0 0
"7_63301486_A_C" 0 0 3 0 0 0 0 0 0 0 0 0 0 0 0
"7_64525814_G_A" 0 0 0 0 0 5 0 0 0 0 0 1 0 0 0
"7_65083481_A_C" 0 0 3 0 0 0 0 0 0 0 0 0 0 0 0
"7_65177537_T_C" 0 0 0 0 0 0 0 0 6 0 0 0 0 0 0
"7_6649203_A_C" 0 0 0 0 0 2 0 0 0 0 0 0 0 0 0
"7_66771330_A_G" 0 0 0 0 6 0 0 0 0 0 0 0 0 0 0
"7_66972639_C_A" 0 0 0 0 5 0 0 0 0 0 0 0 0 0 0
"7_67041035_T_G" 0 0 2 0 0 0 0 0 0 0 0 0 0 0 0
"7_68337352_T_A" 0 0 0 0 0 0 3 0 0 0 0 0 0 0 0
"7_68639555_T_C" 0 0 0 0 0 0 0 0 0 5 0 0 0 0 0
"7_69438430_T_A" 0 0 0 0 3 0 0 0 0 0 0 0 0 0 0
"7_70245267_G_A" 0 0 0 0 5 0 0 0 0 0 0 0 0 0 0
"7_70536796_A_C" 0 0 3 0 0 0 0 0 0 0 0 0 0 0 0
"7_71002512_A_G" 0 0 0 0 5 0 0 0 0 0 0 0 0 0 0
"7_71171783_C_G" 0 0 0 0 0 0 0 2 0 0 0 0 0 0 0
"7_719452_G_C" 0 0 0 0 0 2 4 0 0 0 0 0 0 0 0
"7_72244475_C_T" 0 0 0 0 0 0 0 0 0 4 0 0 0 0 0
"7_73763455_T_C" 0 0 0 0 0 0 0 0 0 0 0 0 0 5 1
"7_751080_G_A" 7 10 2 5 1 0 0 0 0 0 0 1 1 15 2
"7_75277623_G_T" 0 0 0 0 5 0 0 0 0 0 0 0 0 0 0
"7_75750269_C_T" 1 0 5 0 0 0 0 0 0 0 0 0 0 0 0
"7_77410817_G_C" 0 0 0 0 4 0 0 0 0 0 0 0 0 0 0
"7_79432789_C_T" 0 0 0 0 0 0 0 0 4 0 0 0 0 0 0
"7_80248670_G_C" 0 0 0 0 0 0 0 0 0 4 0 0 0 0 0
"7_80285571_C_G" 0 0 0 0 0 0 0 0 0 4 0 0 0 0 0
"7_81303865_C_T" 0 0 0 0 0 0 0 0 0 0 3 0 0 0 0
"7_81582883_A_C" 0 0 1 0 3 3 0 0 0 1 0 12 1 0 0
"7_81835024_A_C" 0 0 5 0 0 0 0 0 0 0 0 0 0 0 0
"7_82235785_T_C" 0 0 6 0 0 0 0 0 0 0 0 0 0 0 0
"7_82790378_A_T" 0 0 0 0 0 0 0 0 0 3 0 0 0 0 0
"7_84136307_T_A" 0 0 0 0 0 0 0 0 0 5 0 0 0 0 0
"7_84136308_A_T" 0 1 0 0 0 0 0 0 0 6 0 0 0 0 0
"7_85017208_A_T" 0 0 3 0 0 0 0 0 0 0 0 0 0 0 0
"7_85075737_A_G" 0 0 0 0 0 0 0 0 0 0 0 5 0 0 0
"7_85420700_A_C" 0 0 0 0 3 0 0 0 0 0 0 0 0 0 0
"7_86487923_T_G" 0 0 0 0 0 3 0 0 0 0 0 0 0 0 0
"7_88381448_A_T" 0 0 0 0 3 0 0 0 0 0 0 0 0 0 0
"7_89194123_T_G" 0 3 0 0 0 0 0 0 0 0 0 0 0 0 0
"7_89246245_T_G" 0 0 4 0 0 0 0 0 0 0 0 0 0 0 0
"7_90708297_G_C" 0 0 0 0 0 0 0 0 0 0 4 0 0 0 0
"7_90936849_G_C" 0 0 0 0 2 0 0 0 0 0 0 0 0 0 0
"7_91353198_A_C" 0 0 0 0 0 0 0 0 0 0 0 0 0 0 4
"7_92564579_A_T" 0 0 0 0 0 0 0 0 1 0 5 1 0 0 0
"7_93570762_C_A" 0 0 0 0 0 0 0 4 0 0 0 0 0 0 0
"7_94904807_G_C" 0 0 0 0 0 0 0 5 0 0 0 0 0 0 0
"7_95536421_G_A" 0 0 0 0 0 0 0 0 0 5 0 0 0 0 0
"7_96262437_A_C" 1 0 0 0 0 0 0 0 0 0 0 0 0 0 2
"7_96319270_A_C" 0 0 3 0 0 0 0 0 0 0 0 0 0 0 0
"7_96987490_A_G" 0 0 6 0 0 0 0 0 0 0 0 0 0 0 0
"7_97090590_C_T" 0 0 0 0 0 5 0 0 0 0 0 0 0 0 0
"8_100369215_T_G" 0 0 0 0 0 0 0 0 0 3 0 0 0 0 0
"8_100894213_A_C" 0 0 0 0 0 0 0 0 0 5 0 0 0 0 0
"8_101587117_G_A" 0 0 0 0 1 0 0 0 0 0 0 0 0 0 5
"8_10274085_G_T" 0 0 0 4 0 0 0 0 0 0 0 0 0 0 0
"8_103227530_C_A" 0 0 0 0 0 0 0 0 0 0 0 0 0 0 4
"8_10467236_T_G" 0 0 0 0 0 0 0 0 0 0 0 0 0 2 0
"8_104844981_T_G" 0 0 4 0 0 0 0 0 0 0 0 0 0 0 0
"8_105645389_C_T" 0 0 0 0 4 0 0 0 0 0 0 0 0 0 0
"8_106412768_T_A" 0 0 3 0 0 0 0 0 0 0 0 0 0 0 0
"8_10738379_G_C" 0 0 0 0 6 0 0 0 0 0 0 0 0 0 0
"8_108865594_C_G" 0 0 0 0 4 0 0 0 0 0 0 0 0 0 0
"8_109400968_T_A" 0 0 0 4 0 0 0 0 0 0 0 0 0 0 0
"8_110009278_C_T" 0 0 0 0 0 0 0 0 0 0 0 0 0 5 0
"8_110070118_C_T" 0 0 0 0 0 0 0 0 0 0 0 0 0 3 0
"8_110770162_T_A" 0 0 0 0 0 5 0 0 0 0 0 0 0 0 0
"8_111322430_G_C" 0 0 0 0 0 0 0 0 0 0 0 0 0 6 0
"8_111574995_T_G" 0 0 3 0 0 0 0 0 0 0 0 0 0 0 0
"8_111624540_T_G" 0 0 0 0 0 0 2 0 0 0 0 0 0 0 0
"8_112043449_A_G" 0 0 5 0 0 0 0 0 0 0 0 0 0 0 0
"8_112052444_C_T" 0 0 0 0 0 0 0 0 0 0 0 0 0 6 0
"8_112661250_T_C" 0 0 6 0 0 0 0 0 0 0 0 0 0 0 0
"8_113273203_A_C" 0 0 0 0 5 5 0 0 0 0 4 8 0 0 0
"8_113972648_T_C" 0 0 0 0 0 0 0 3 0 0 0 0 0 0 0
"8_116835901_C_G" 0 0 0 0 0 5 0 0 0 0 0 0 0 0 0
"8_117307395_A_C" 0 0 5 0 0 0 0 0 0 0 0 0 0 0 0
"8_117476920_G_T" 0 0 0 0 0 0 4 0 0 0 0 0 0 0 0
"8_119730459_T_C" 0 0 0 0 0 0 0 0 0 0 0 0 0 0 3
"8_12067916_T_C" 0 0 0 0 0 0 1 1 0 0 2 4 0 0 1
"8_121463908_G_A" 0 0 0 0 0 0 0 0 0 7 0 0 0 0 0
"8_121614686_C_A" 0 0 0 0 0 0 0 4 0 0 0 0 0 0 0
"8_12345412_G_A" 3 2 4 1 0 0 0 0 0 2 0 1 1 0 0
"8_124102823_A_T" 0 0 0 0 0 0 0 0 0 4 0 0 0 0 0
"8_124365490_G_T" 0 0 0 0 0 0 0 0 0 4 0 0 0 0 0
"8_125713802_C_T" 0 0 0 0 0 0 0 4 0 0 0 0 0 0 0
"8_126311740_A_C" 0 0 4 0 0 0 0 0 0 0 0 0 0 0 0
"8_126962354_T_G" 0 0 4 0 0 0 0 0 0 0 0 0 0 0 0
"8_129322413_T_C" 0 0 0 0 0 0 0 0 0 8 0 0 0 0 0
"8_129823961_G_A" 0 0 0 0 0 5 0 0 0 0 0 0 0 0 0
"8_130426787_T_C" 0 0 0 0 0 9 0 0 0 0 0 0 0 0 0
"8_130574259_G_A" 0 0 4 0 0 0 0 0 0 0 0 0 0 0 0
"8_131249747_A_T" 0 0 1 0 0 0 0 0 0 0 0 0 0 3 0
"8_131274760_G_T" 0 0 0 0 0 0 0 0 4 0 0 0 0 0 0
"8_132079306_C_T" 0 0 0 0 0 0 0 0 0 7 0 0 0 0 0
"8_132081301_A_G" 0 0 6 0 0 0 0 0 0 0 0 0 0 0 0
"8_132407589_C_G" 0 0 0 0 7 0 0 0 0 0 0 0 0 0 0
"8_132645526_T_A" 0 0 0 0 0 0 0 4 0 0 0 0 0 0 0
"8_133110143_A_G" 0 0 0 0 0 0 0 0 0 0 3 0 0 0 0
"8_133148322_C_T" 0 0 0 0 1 0 1 0 0 0 0 9 0 0 0
"8_13321303_C_G" 0 0 0 0 6 0 0 1 0 0 0 0 0 0 0
"8_133830852_A_C" 0 0 0 0 0 1 4 0 0 0 0 0 0 0 0
"8_134924687_G_T" 0 0 0 0 0 0 0 0 0 0 0 0 4 0 0
"8_134982057_T_A" 0 0 0 0 0 0 0 0 0 3 0 0 0 0 0
"8_135153800_A_T" 0 0 0 0 0 0 0 0 0 0 0 0 0 0 4
"8_13545346_T_G" 0 0 4 0 0 0 0 0 0 0 0 0 0 0 0
"8_13591274_G_A" 0 0 0 0 6 0 0 0 0 0 0 0 0 0 0
"8_136432367_T_G" 0 0 4 0 0 0 0 0 0 0 0 0 0 0 0
"8_136537801_A_C" 0 0 3 0 0 0 0 0 0 0 0 0 0 0 0
"8_137292135_C_A" 0 0 0 0 5 0 0 0 0 0 0 0 0 0 0
"8_137434590_T_C" 0 0 0 0 0 4 0 0 0 0 0 0 0 0 0
"8_137504826_G_T" 3 0 0 0 0 0 1 0 0 0 0 0 0 0 0
"8_138120747_C_G" 0 0 0 0 0 0 0 0 0 0 0 0 0 5 0
"8_138350965_T_A" 0 0 0 0 5 0 0 0 0 0 0 0 0 0 0
"8_13870810_A_C" 0 0 3 0 0 0 0 0 0 0 0 0 0 0 0
"8_139629111_A_C" 0 0 3 0 0 0 0 0 0 0 0 0 0 0 0
"8_141589805_T_G" 0 0 0 0 0 2 0 0 0 0 0 0 0 0 0
"8_142422528_G_T" 0 0 0 0 0 0 0 0 0 0 0 5 0 0 0
"8_142607906_T_G" 0 3 0 0 0 0 0 0 0 0 0 0 0 0 0
"8_142940269_G_A" 0 0 0 0 1 0 0 0 6 0 0 0 0 0 0
"8_14302619_T_G" 0 0 0 0 0 0 1 0 0 3 0 0 0 0 0
"8_14305465_C_T" 0 0 0 0 0 0 0 0 0 5 0 0 0 0 0
"8_144525226_G_T" 0 0 0 0 0 0 0 0 0 0 0 0 4 0 0
"8_145950402_T_G" 1 5 0 0 0 0 0 0 0 0 0 0 0 0 0
"8_15448900_A_C" 0 1 3 0 0 0 0 0 0 0 0 0 0 0 0
"8_15545691_A_C" 0 1 4 0 0 0 0 0 0 0 0 0 0 0 0
"8_1599473_C_G" 0 0 0 0 5 0 0 0 0 0 0 0 0 0 0
"8_16733267_T_C" 0 0 0 0 0 0 0 0 0 0 0 0 6 0 0
"8_17273676_A_C" 0 0 0 0 0 0 0 0 0 2 0 0 0 0 0
"8_18863734_C_T" 0 0 1 0 3 4 2 0 0 1 0 8 1 0 0
"8_19712216_C_T" 0 0 0 0 0 0 0 0 0 0 4 0 0 0 0
"8_21089687_A_C" 0 0 6 0 0 0 0 0 0 0 0 0 0 0 0
"8_21185499_A_T" 0 0 0 0 0 0 0 0 0 0 3 0 0 0 0
"8_21347797_T_G" 0 0 0 0 0 2 7 0 0 0 0 0 0 0 0
"8_21777734_C_G" 0 0 0 0 0 6 2 0 0 0 0 0 0 0 0
"8_22093733_T_C" 0 0 0 0 0 0 0 0 0 0 0 5 0 0 0
"8_22429584_C_T" 0 0 0 0 0 5 0 0 0 0 0 0 0 0 0
"8_22917378_C_G" 0 0 0 0 0 0 0 0 0 5 0 0 0 0 0
"8_2385203_C_G" 0 0 0 0 0 0 0 0 0 0 0 0 0 0 5
"8_2456956_G_A" 0 0 0 0 0 0 0 0 0 3 0 0 0 0 0
"8_24724206_A_G" 0 0 4 0 0 0 0 0 0 0 0 0 0 0 0
"8_24986316_C_T" 0 0 0 0 0 0 0 4 0 0 0 0 0 0 0
"8_25327764_T_C" 0 0 0 0 0 0 0 0 0 5 0 0 0 0 0
"8_25838632_C_G" 0 0 0 0 0 0 0 0 3 0 0 0 0 0 0
"8_2643323_T_G" 0 0 3 0 0 0 0 0 0 0 0 0 0 0 0
"8_26930777_G_T" 0 0 0 0 0 0 0 0 0 0 0 0 4 0 0
"8_2776971_T_G" 0 0 0 0 5 0 0 0 0 0 0 0 0 0 0
"8_28027203_A_C" 0 0 0 0 0 2 0 0 0 0 3 0 0 0 0
"8_28378176_C_G" 0 0 0 0 4 0 0 0 0 0 0 0 0 0 0
"8_28708451_C_G" 0 0 0 0 4 0 0 0 0 0 0 0 0 0 0
"8_29727864_T_A" 0 0 5 0 0 0 0 0 0 0 0 0 0 0 0
"8_29779289_T_G" 0 0 0 0 0 0 0 0 3 0 0 0 0 0 0
"8_30835205_A_C" 0 0 0 0 0 0 0 2 0 0 0 0 0 0 0
"8_31050430_G_C" 0 0 0 0 0 0 0 0 0 0 0 0 4 0 0
"8_3109886_T_G" 0 0 3 0 0 0 0 0 0 0 0 0 0 0 0
"8_31410494_G_C" 0 0 0 0 0 0 0 0 0 5 0 0 0 0 0
"8_31826457_A_C" 0 0 0 0 0 4 0 0 0 0 0 0 0 0 0
"8_32010419_A_G" 0 0 4 0 0 0 0 0 0 0 0 0 0 0 0
"8_33753979_A_C" 0 0 0 0 0 0 0 0 0 3 0 0 0 0 0
"8_33895619_G_A" 0 0 0 0 0 0 0 0 0 0 0 0 0 9 0
"8_34354879_T_G" 0 1 3 0 0 0 0 0 0 0 0 0 0 0 0
"8_35613828_T_G" 0 0 3 0 0 0 0 0 0 0 0 0 0 0 0
"8_35643129_T_G" 0 0 3 0 0 0 0 0 0 0 0 0 0 0 0
"8_35800340_C_G" 0 0 3 0 0 0 0 0 0 0 0 0 0 0 0
"8_35851372_A_C" 1 0 4 0 0 0 0 0 0 0 0 0 0 0 0
"8_35920917_T_G" 0 0 6 0 0 0 0 0 0 0 0 0 0 0 0
"8_36009214_A_C" 0 1 4 0 0 0 0 0 0 0 0 0 0 0 0
"8_36874866_T_A" 0 0 0 0 0 0 0 3 0 0 0 0 0 0 0
"8_37087530_C_T" 0 0 0 0 4 0 0 0 0 0 0 0 0 0 0
"8_38375157_G_T" 0 0 0 0 0 0 0 0 0 0 0 0 0 3 0
"8_38455444_T_G" 0 0 0 0 0 0 2 0 0 0 0 0 0 0 0
"8_3990987_G_A" 0 0 0 0 0 0 0 4 0 0 0 0 0 0 0
"8_40019100_G_A" 0 0 0 0 0 0 0 0 0 0 0 0 0 5 0
"8_40421468_T_C" 0 0 0 0 0 0 0 0 0 0 0 4 0 0 0
"8_40661241_C_G" 0 0 0 0 0 8 6 0 0 0 0 0 0 0 0
"8_41372462_A_C" 0 0 0 0 0 0 0 3 0 0 0 0 0 0 0
"8_41744791_G_C" 0 0 0 1 0 3 0 3 1 0 0 0 0 0 1
"8_43556079_C_A" 0 0 0 0 0 0 0 0 0 0 0 0 0 4 0
"8_4418365_C_A" 0 0 0 0 0 3 5 0 0 0 0 0 0 0 0
"8_47808312_T_C" 0 0 0 0 0 0 0 0 0 0 3 0 0 0 0
"8_49983488_C_T" 0 0 0 0 6 0 0 0 0 0 0 0 0 0 0
"8_50256837_A_G" 0 0 0 0 0 0 0 0 4 0 0 0 0 0 0
"8_50550632_G_A" 0 0 0 0 0 0 0 0 0 0 5 0 0 0 0
"8_5070740_T_G" 0 0 5 0 0 0 0 0 0 0 0 0 0 0 0
"8_50838252_T_A" 0 0 4 0 0 0 0 0 0 0 0 0 0 0 0
"8_51725292_G_C" 0 0 0 0 0 0 0 0 0 4 0 0 0 0 0
"8_5308435_T_G" 0 0 5 0 0 0 0 0 0 0 0 0 0 0 0
"8_55453688_T_G" 0 0 3 0 0 0 0 0 0 0 0 0 0 0 0
"8_56363618_C_G" 0 2 4 0 0 0 0 0 0 0 0 0 0 0 0
"8_57845901_G_A" 0 0 0 0 0 0 0 0 0 0 0 0 4 0 0
"8_58621104_G_C" 0 1 7 0 0 0 0 0 0 0 0 0 0 0 0
"8_58782122_T_A" 0 0 0 0 0 4 0 0 0 0 0 0 0 0 0
"8_60806582_A_G" 0 0 0 0 0 0 4 0 0 0 0 0 0 0 0
"8_63308134_T_G" 0 0 0 0 0 0 0 0 0 3 0 0 0 0 0
"8_63445445_A_T" 0 0 4 0 0 0 0 0 0 0 0 0 0 0 0
"8_64676349_C_G" 0 0 0 0 0 0 0 0 0 5 0 0 0 0 0
"8_64698947_C_G" 0 0 0 0 0 4 0 0 0 0 0 0 0 0 0
"8_65165961_A_T" 0 0 0 0 0 0 0 0 0 5 0 0 0 0 0
"8_65724184_C_T" 0 0 0 0 0 0 0 4 0 0 0 0 0 0 0
"8_66122744_A_G" 0 0 0 0 0 4 0 0 0 0 0 0 0 0 0
"8_66209915_T_A" 0 0 3 0 0 0 0 0 0 0 0 0 0 0 0
"8_6743496_T_C" 0 0 0 0 0 0 0 0 0 4 0 0 0 0 0
"8_68321138_T_A" 0 0 0 0 0 0 0 0 0 0 0 0 0 7 0
"8_68591984_G_A" 0 0 0 0 0 3 4 0 0 0 0 0 0 0 0
"8_68619356_A_G" 0 0 0 0 10 0 0 0 0 0 0 0 0 0 0
"8_68795503_T_G" 0 0 3 0 0 0 0 0 0 0 0 0 0 0 0
"8_69512206_T_G" 0 0 2 0 0 0 0 0 0 0 0 0 0 0 0
"8_69731861_G_T" 0 0 0 0 7 0 0 0 0 0 0 0 0 0 0
"8_7015768_A_C" 0 0 0 0 0 0 2 0 0 0 0 0 0 0 0
"8_70720506_A_G" 0 0 0 0 1 0 0 0 0 4 0 0 0 0 0
"8_70858110_G_T" 4 0 0 0 0 0 0 0 0 0 0 0 0 0 0
"8_7272101_G_A" 0 0 0 0 0 0 0 2 0 0 0 0 0 0 0
"8_73486940_C_T" 0 1 0 0 0 0 0 0 0 7 0 0 0 0 0
"8_74022645_G_A" 0 0 0 0 0 0 0 0 0 6 0 0 0 0 0
"8_74258574_A_C" 0 0 0 0 0 0 3 0 0 0 0 0 0 0 0
"8_74290692_C_A" 0 0 0 0 0 0 0 0 0 0 4 0 0 0 0
"8_75881714_T_C" 0 0 0 0 0 6 0 0 0 0 0 0 0 0 0
"8_77084433_G_A" 0 0 0 0 0 0 5 0 0 0 0 0 0 0 0
"8_77149231_T_A" 0 0 0 0 0 0 0 0 0 7 0 0 0 0 0
"8_78584890_T_G" 0 0 3 0 0 0 0 0 0 0 0 0 0 0 0
"8_7878104_T_C" 0 0 2 4 2 3 4 1 4 0 0 1 0 0 1
"8_7882852_T_G" 0 3 1 0 1 0 0 0 0 0 0 0 0 2 0
"8_78852951_G_A" 0 0 0 0 0 0 0 0 0 5 0 0 0 0 0
"8_79178950_G_A" 0 0 0 0 0 0 0 4 0 0 0 0 0 0 0
"8_8023695_G_A" 0 0 1 0 0 0 1 0 0 0 0 5 0 0 2
"8_80267983_G_C" 0 0 0 0 0 0 0 0 4 0 0 0 0 0 0
"8_80821189_C_G" 0 0 0 0 0 5 0 0 0 0 0 0 0 0 0
"8_81502457_C_G" 0 0 0 0 0 0 0 3 0 0 0 0 0 0 0
"8_81990094_G_T" 4 0 0 0 1 0 0 0 0 0 0 0 0 0 0
"8_8287265_A_G" 0 0 0 0 0 0 0 0 0 0 3 0 0 0 0
"8_83732598_G_T" 0 0 0 0 0 0 0 0 0 0 0 0 0 0 3
"8_84455915_G_A" 0 0 0 0 0 0 0 0 0 0 0 4 0 0 0
"8_84647643_T_G" 0 0 5 0 0 0 0 0 0 0 0 0 0 0 0
"8_84751927_C_G" 0 0 0 0 0 0 0 0 0 6 0 0 0 0 0
"8_84865345_C_G" 0 0 0 0 0 0 3 0 0 0 0 0 0 0 0
"8_87322203_T_C" 0 0 0 0 0 0 0 0 0 3 0 0 0 0 0
"8_87889593_T_G" 0 0 3 0 0 0 0 0 0 0 0 0 0 0 0
"8_88037902_T_G" 0 0 3 0 0 0 0 0 0 0 0 0 0 0 0
"8_88690827_G_A" 0 0 0 0 0 0 0 0 0 7 0 0 0 0 0
"8_88982252_T_G" 0 0 0 0 0 4 0 0 0 0 0 0 0 0 0
"8_90064321_C_G" 0 0 0 0 2 0 0 0 0 0 0 0 0 0 0
"8_90071440_T_G" 0 0 0 0 0 0 0 0 0 0 0 0 0 0 2
"8_90322408_C_T" 0 0 0 0 0 0 0 5 0 0 0 0 0 0 0
"8_90353987_C_T" 0 0 2 0 0 5 5 0 0 1 1 2 8 0 0
"8_91273108_G_C" 0 0 0 0 0 7 0 0 0 0 0 0 0 0 0
"8_92406846_A_G" 0 0 0 0 0 0 0 0 0 0 0 0 0 5 0
"8_92769920_C_T" 0 0 0 0 6 0 0 0 0 0 0 0 0 0 0
"8_96639402_C_T" 0 0 4 0 0 0 0 0 0 0 0 0 0 0 0
"8_96645139_C_T" 0 0 0 0 0 0 0 0 0 5 0 0 0 0 1
"8_98325625_G_T" 0 0 0 0 0 6 4 0 0 0 0 0 0 0 0
"9_100475534_T_G" 0 0 3 0 0 0 0 0 0 0 0 0 0 0 0
"9_100874033_C_A" 0 0 0 0 0 0 0 0 0 7 0 0 0 0 0
"9_100923508_C_A" 0 0 0 0 0 0 0 0 0 2 0 0 0 0 0
"9_101819944_C_G" 0 0 0 0 0 0 0 0 4 0 0 0 0 0 0
"9_102306187_C_T" 0 0 0 0 0 0 0 0 0 0 0 3 0 0 0
"9_103580277_C_T" 0 0 0 0 6 0 0 0 0 0 0 0 0 0 0
"9_1041018_T_G" 0 0 0 0 0 5 2 0 0 0 0 0 0 0 0
"9_10433544_C_T" 0 0 5 0 0 0 0 0 0 0 0 0 0 0 0
"9_104995115_A_C" 0 1 3 0 0 0 0 0 0 0 0 0 0 0 0
"9_105023955_A_T" 0 0 3 0 0 0 0 0 0 0 0 0 0 0 0
"9_105139455_C_G" 0 0 4 0 0 0 0 0 0 0 0 0 0 0 0
"9_105338579_G_T" 0 0 0 0 0 0 0 0 0 0 0 7 0 0 0
"9_105489832_A_T" 0 0 0 0 6 0 0 0 0 0 0 0 0 0 0
"9_106465683_T_G" 0 0 0 0 0 0 0 0 0 0 0 7 0 0 0
"9_108115400_G_T" 0 0 0 0 5 0 0 0 0 0 0 0 0 0 0
"9_109176631_C_A" 0 0 0 0 9 0 0 0 0 0 0 0 0 0 0
"9_109319120_A_C" 1 0 3 0 0 0 0 0 0 0 0 0 0 0 0
"9_109525541_A_C" 0 0 6 0 0 0 0 0 0 0 0 0 0 0 0
"9_109874181_C_A" 0 1 5 0 0 0 0 0 0 0 0 0 0 0 0
"9_10994107_C_A" 0 0 0 0 0 5 6 0 0 0 2 0 6 0 0
"9_111291597_G_A" 0 0 4 0 0 0 0 0 0 0 0 0 0 0 0
"9_111333243_G_T" 0 0 0 0 0 0 0 0 0 6 0 0 0 0 0
"9_11312111_T_C" 0 0 2 0 0 0 0 0 0 0 0 0 0 0 0
"9_114281206_G_A" 0 0 0 0 0 0 0 0 0 0 0 0 0 8 3
"9_115169417_C_T" 0 0 0 0 0 0 0 0 0 0 0 0 0 0 4
"9_116142279_A_T" 0 0 3 0 0 0 0 0 0 0 0 0 0 0 0
"9_116738948_G_T" 0 0 0 0 0 0 0 4 0 0 0 0 0 0 0
"9_116738949_G_T" 0 0 0 1 0 0 0 4 0 0 0 1 0 0 0
"9_117213382_A_C" 2 0 0 0 0 0 0 0 0 0 0 0 0 0 0
"9_117844880_G_C" 0 0 0 0 0 5 5 0 0 0 0 0 0 0 0
"9_118217402_T_A" 0 0 0 0 3 0 0 0 0 0 0 0 0 0 0
"9_118678158_T_G" 0 0 0 0 0 0 0 0 0 4 0 0 0 0 0
"9_119444475_C_A" 0 0 0 0 0 0 0 4 0 0 0 0 0 0 0
"9_120197921_G_A" 0 0 0 0 0 0 0 0 0 4 0 0 0 0 0
"9_120492156_C_T" 0 0 0 0 1 0 0 0 11 0 0 0 0 0 0
"9_120581899_T_C" 0 0 0 0 0 0 0 2 0 0 0 0 0 0 0
"9_120584016_T_G" 0 0 4 0 0 0 0 0 0 0 0 0 0 0 0
"9_121652362_T_C" 0 0 4 0 0 0 0 0 0 0 0 0 0 0 0
"9_126036277_C_A" 0 0 0 1 0 0 0 0 0 0 0 0 4 0 0
"9_127702133_G_A" 0 0 0 0 0 0 0 4 0 0 0 0 0 0 0
"9_128848778_G_T" 0 0 0 0 0 0 0 3 0 0 0 0 1 0 0
"9_13038150_A_G" 0 0 0 0 0 0 5 0 0 0 0 0 0 0 0
"9_131450750_T_A" 0 0 0 0 0 0 0 0 0 7 0 0 0 0 0
"9_131579625_G_T" 0 0 0 0 0 0 0 0 0 0 0 0 3 0 0
"9_13559229_T_G" 0 0 0 0 0 0 0 0 0 4 0 0 0 0 0
"9_136910076_G_A" 0 0 0 0 0 0 0 4 0 0 0 0 0 0 0
"9_137953478_C_T" 0 0 0 0 0 0 0 0 5 0 0 0 0 0 0
"9_139032360_C_T" 0 0 0 0 3 0 0 0 0 0 0 0 0 0 0
"9_139638891_C_T" 0 0 0 0 4 0 0 0 0 0 0 0 0 0 0
"9_140587663_G_T" 0 0 0 0 0 0 0 0 4 0 0 0 0 0 0
"9_14138368_T_A" 0 0 2 0 0 0 0 0 0 0 0 0 0 0 0
"9_14184843_A_C" 0 0 2 0 0 0 0 0 0 0 0 0 0 0 0
"9_14304016_G_A" 0 0 0 0 1 0 0 0 0 4 0 0 0 0 0
"9_14582159_G_C" 0 0 0 0 0 0 0 3 0 0 0 0 0 0 0
"9_1543409_G_C" 0 0 4 0 0 0 0 0 0 0 0 0 0 0 0
"9_17053177_C_A" 0 0 4 0 0 0 0 0 0 0 0 0 0 0 0
"9_17205754_A_G" 0 0 0 0 0 1 4 0 0 0 0 0 0 0 0
"9_17978327_T_G" 0 0 5 0 0 0 0 0 0 0 0 0 0 0 0
"9_18395672_T_G" 0 0 5 0 0 0 0 0 0 0 0 0 0 0 0
"9_19000565_G_A" 0 0 0 0 0 0 0 0 0 6 0 0 0 0 0
"9_19180265_A_T" 0 0 0 0 0 0 0 0 0 3 0 0 0 0 0
"9_19324901_A_C" 0 0 0 0 0 8 0 0 0 0 0 0 0 0 0
"9_22318688_A_C" 0 0 0 0 0 0 0 0 0 0 0 0 0 2 0
"9_22613630_G_C" 0 0 0 0 0 0 0 0 10 0 0 0 0 0 1
"9_22753309_G_A" 0 0 0 4 0 0 0 0 0 0 0 0 0 0 0
"9_23875435_A_T" 0 0 0 0 0 0 0 4 0 0 0 0 0 0 0
"9_24914084_T_G" 0 0 3 0 0 0 0 0 0 0 0 0 0 0 0
"9_25045887_C_T" 0 1 4 0 0 0 0 0 0 0 0 0 0 0 0
"9_25058479_T_A" 0 0 0 0 0 0 0 0 0 0 0 0 0 0 4
"9_25142216_C_A" 0 0 0 0 0 0 0 0 0 0 0 0 0 0 3
"9_25661861_T_C" 0 0 0 0 5 0 0 0 0 0 0 0 0 0 0
"9_26138821_A_G" 0 0 0 0 0 0 0 0 6 0 0 0 0 0 0
"9_26352054_C_T" 0 0 0 0 5 0 0 0 0 0 0 0 0 0 0
"9_27354392_C_G" 0 0 0 0 0 0 0 0 0 0 0 0 4 0 0
"9_2790357_C_G" 0 0 0 0 0 0 3 0 0 0 0 0 0 0 0
"9_28650517_T_C" 0 0 0 0 0 0 0 0 0 6 0 0 0 0 0
"9_28698059_T_G" 0 0 0 0 0 0 0 0 0 0 0 0 0 3 1
"9_29013958_T_C" 0 0 0 0 0 0 0 0 0 4 0 0 0 0 0
"9_29412834_G_A" 0 0 0 0 0 0 0 6 0 0 0 0 0 0 0
"9_30872574_A_G" 0 0 0 0 0 0 0 0 0 6 0 0 0 0 0
"9_30909145_C_T" 0 0 0 0 0 0 0 0 0 6 0 0 0 0 0
"9_31922751_A_C" 0 0 0 0 0 0 0 0 0 0 3 0 0 0 0
"9_32286676_T_C" 0 0 0 0 0 0 0 0 0 0 0 0 7 0 0
"9_32337328_A_C" 0 0 3 0 0 0 0 0 0 0 0 0 0 0 0
"9_32856449_C_T" 0 0 0 0 0 0 0 0 0 0 0 0 0 0 2
"9_34050985_A_C" 0 1 0 0 0 0 0 0 0 0 1 3 0 0 0
"9_34494059_T_C" 0 0 0 0 0 1 0 0 0 5 0 0 0 0 0
"9_35021986_T_C" 0 0 0 0 0 0 0 0 0 0 0 4 0 0 0
"9_35059646_A_G" 0 0 0 0 0 0 0 0 0 0 3 0 0 0 0
"9_35078037_C_A" 0 0 0 0 0 0 0 0 0 6 0 0 0 0 0
"9_36448084_T_C" 0 0 0 0 0 0 0 0 0 7 0 0 0 0 0
"9_36946453_C_T" 0 0 0 0 0 0 0 0 0 0 5 0 0 0 0
"9_37203094_A_G" 0 0 0 0 0 4 0 0 0 0 0 0 0 0 0
"9_37660463_T_G" 0 0 0 0 0 0 0 0 0 2 0 0 0 0 0
"9_39062429_C_T" 0 0 0 0 0 3 6 0 0 0 0 0 0 0 0
"9_41778308_C_T" 0 0 0 0 0 1 0 1 0 2 0 0 1 0 0
"9_45755240_A_T" 0 0 0 0 3 0 0 0 1 0 0 0 0 3 0
"9_46840080_A_G" 0 1 0 0 2 0 0 0 3 1 0 0 0 0 2
"9_68365674_C_T" 0 1 0 1 0 0 0 0 5 0 0 0 0 1 0
"9_69841536_G_A" 0 0 0 0 4 0 0 0 0 0 0 0 0 0 0
"9_71202062_A_G" 0 0 0 0 0 6 0 0 0 0 0 0 0 0 0
"9_71214326_C_A" 0 0 0 0 0 0 0 0 0 4 0 0 0 0 0
"9_71255657_T_C" 0 0 0 0 0 6 0 0 0 0 0 0 0 0 0
"9_71360112_G_T" 0 0 0 0 0 0 0 0 0 0 0 0 4 0 0
"9_72451294_C_A" 0 0 0 1 0 0 0 4 0 0 0 0 1 0 0
"9_75396256_A_C" 0 0 4 0 0 0 0 0 0 0 0 0 0 0 0
"9_76268812_T_C" 0 0 0 0 0 0 0 0 0 0 0 5 0 0 0
"9_76448443_G_A" 0 0 0 0 0 0 0 0 0 5 0 0 0 0 0
"9_76617347_A_C" 0 0 4 0 0 0 0 0 0 0 0 0 0 0 0
"9_76674108_G_A" 0 0 0 0 2 0 0 0 0 4 0 0 0 0 0
"9_77044505_A_T" 0 0 0 0 0 0 0 0 0 4 0 0 0 0 0
"9_77272519_G_A" 0 0 0 0 4 0 0 0 0 0 0 0 0 0 0
"9_78054044_A_G" 0 0 0 0 0 5 0 0 0 0 0 0 0 0 0
"9_78779073_G_A" 0 0 0 0 0 0 0 0 0 0 2 0 0 0 1
"9_78820732_T_G" 0 0 0 0 0 0 0 0 0 0 3 0 0 0 0
"9_78876088_T_A" 0 0 0 0 0 0 0 0 0 0 0 3 0 0 0
"9_78946279_T_G" 0 0 0 0 0 3 0 0 0 0 0 0 0 0 0
"9_79056455_T_G" 0 0 0 0 0 0 0 0 0 0 0 0 0 4 0
"9_79770568_A_C" 0 0 0 0 0 0 0 5 0 0 0 0 0 0 0
"9_79773847_A_C" 0 0 0 0 0 0 2 0 0 0 0 0 0 0 0
"9_82743077_A_C" 0 0 0 0 0 0 0 0 0 0 2 0 0 0 0
"9_85286207_C_G" 0 0 4 0 0 0 0 0 0 0 0 0 0 0 0
"9_85626265_G_T" 0 0 4 0 0 0 0 0 0 0 0 0 0 0 0
"9_86000102_A_T" 0 0 0 0 0 3 0 1 0 0 0 1 0 0 0
"9_87488212_A_G" 0 0 0 0 0 4 0 0 0 0 0 0 0 0 0
"9_8770749_G_A" 0 0 0 0 0 4 9 0 0 0 0 0 0 0 0
"9_87753639_T_C" 0 0 0 0 0 0 0 0 0 0 0 4 0 0 0
"9_87755016_A_G" 0 0 0 0 0 4 0 0 0 0 0 0 0 0 0
"9_88829063_G_T" 0 0 0 0 0 0 0 5 0 0 0 0 0 0 0
"9_89290132_C_G" 0 0 5 0 0 0 0 0 0 0 0 0 0 0 0
"9_90410055_A_G" 0 0 4 0 0 0 0 0 0 0 0 0 0 0 0
"9_90481895_A_G" 0 0 0 0 0 0 0 0 0 0 0 0 0 0 4
"9_9102058_C_A" 0 0 0 0 0 0 0 0 0 0 4 0 0 0 0
"9_92047323_A_G" 0 0 4 0 0 0 0 0 0 0 0 0 0 0 0
"9_92047347_A_T" 0 1 4 0 0 0 0 0 0 0 0 0 0 0 0
"9_92817734_C_T" 0 0 0 0 0 0 0 0 0 0 0 0 0 0 5
"9_93544007_A_G" 0 0 0 0 0 0 0 0 0 0 0 0 0 0 6
"9_93694547_T_G" 0 0 0 0 0 0 0 0 0 0 0 0 0 0 3
"9_94552513_G_C" 0 0 0 0 0 0 0 0 0 0 0 0 5 0 0
"9_966177_A_G" 0 0 5 0 0 0 0 0 0 0 0 0 0 0 0
"9_98080538_A_C" 0 0 0 0 0 0 0 5 0 0 0 0 0 0 0
"9_99192391_T_C" 0 0 5 0 0 0 0 0 0 0 0 0 0 0 0
"9_99903582_C_T" 0 0 0 0 0 0 0 0 0 4 0 0 0 0 0
"X_100603913_T_G" 0 0 0 0 0 0 0 0 0 0 0 0 3 0 0
"X_10064064_A_C" 0 0 0 0 0 2 0 0 0 0 0 0 0 0 0
"X_101386335_C_T" 0 0 0 0 0 7 0 0 0 0 0 0 0 0 0
"X_101386336_A_C" 0 0 0 0 0 7 0 0 0 0 0 0 0 0 0
"X_101393423_G_A" 0 0 0 0 0 0 0 0 0 0 0 0 0 7 1
"X_102214493_C_G" 0 0 0 0 4 0 0 0 0 0 0 0 0 0 0
"X_102879607_C_A" 0 0 0 0 0 0 0 4 0 0 0 0 0 0 0
"X_103910139_A_G" 0 0 0 0 0 6 0 0 0 0 0 0 0 0 0
"X_104690310_A_G" 0 0 0 0 0 0 0 0 0 0 0 4 0 0 0
"X_104747746_G_T" 0 0 0 0 0 0 0 0 0 0 0 0 0 7 0
"X_105141214_A_T" 0 0 0 0 0 0 0 0 0 6 0 0 0 0 0
"X_105268792_T_A" 0 0 0 0 4 0 0 0 0 0 0 0 0 0 0
"X_105268793_A_T" 0 0 0 0 5 0 0 0 0 0 0 0 0 0 0
"X_105443133_C_T" 0 0 0 0 0 0 0 5 0 0 0 0 0 0 0
"X_105663341_T_C" 0 0 3 0 0 0 0 0 0 0 0 0 0 0 0
"X_106398921_T_A" 0 0 0 0 0 0 0 0 0 0 0 0 0 4 0
"X_106487760_A_G" 0 0 0 0 0 0 0 0 0 0 3 0 0 0 0
"X_107431569_T_G" 0 0 4 0 0 0 0 0 0 0 0 0 0 0 0
"X_107607022_T_G" 0 0 3 0 0 0 0 0 0 0 0 0 0 0 0
"X_107807155_G_A" 0 1 0 0 0 4 0 0 0 0 0 0 0 0 0
"X_107814178_A_G" 0 0 0 0 0 0 0 0 0 0 0 9 0 0 0
"X_109471470_C_T" 0 0 0 0 0 0 0 0 0 0 0 5 0 0 0
"X_110811188_A_G" 0 0 0 0 0 0 0 0 0 0 0 5 0 0 0
"X_111907273_G_T" 0 0 0 0 0 0 0 0 0 4 0 0 0 0 0
"X_112514121_G_A" 0 0 0 0 0 0 4 0 0 0 0 0 0 0 0
"X_113440131_T_G" 0 0 4 0 0 0 0 0 0 0 0 0 0 0 0
"X_113585624_C_T" 0 0 3 0 0 0 0 0 0 0 0 0 0 0 0
"X_113781038_G_A" 0 0 0 1 0 0 0 0 0 0 4 0 0 0 0
"X_114159008_T_G" 0 0 3 0 0 0 0 0 0 0 0 0 0 0 0
"X_114368698_G_A" 0 0 0 0 0 0 0 0 0 0 4 0 0 0 0
"X_115089726_T_G" 0 0 0 0 0 4 0 0 0 0 0 0 0 0 0
"X_115227199_T_C" 0 0 0 0 0 0 0 0 0 0 0 0 5 0 0
"X_115270817_G_A" 0 0 5 0 0 0 0 0 0 0 0 0 0 0 0
"X_115365925_A_G" 0 0 0 0 4 0 0 0 0 0 0 0 0 0 0
"X_115827038_A_T" 0 0 3 0 0 0 0 0 0 0 0 0 0 0 0
"X_116041222_C_A" 0 0 0 0 0 0 0 0 0 0 0 0 0 0 5
"X_116104200_T_G" 0 0 3 0 0 0 1 0 0 0 0 0 0 0 0
"X_116230812_C_G" 0 0 0 0 4 0 0 0 0 0 0 0 0 0 0
"X_116567363_T_G" 0 0 3 0 0 0 0 0 0 0 0 0 0 0 0
"X_11678030_G_A" 0 0 0 0 0 0 0 0 0 0 0 0 0 8 2
"X_116832866_A_G" 0 0 0 0 0 0 0 0 0 0 3 0 0 0 0
"X_117035702_T_A" 0 0 0 0 0 0 0 0 0 3 0 0 0 0 0
"X_117437621_T_A" 0 0 0 0 3 0 0 0 0 0 0 0 0 0 0
"X_117819034_T_C" 0 0 0 0 6 0 0 0 0 0 0 0 0 0 0
"X_11800622_C_T" 0 0 0 0 0 0 0 0 0 4 0 0 0 0 0
"X_11866958_T_C" 0 0 0 0 0 0 0 0 0 6 0 0 0 0 0
"X_118797836_G_A" 0 0 0 0 0 5 0 0 0 0 0 0 0 0 0
"X_118860928_T_G" 0 0 0 0 0 0 0 0 0 0 0 0 0 8 1
"X_119342352_A_C" 0 0 0 0 0 0 0 0 0 0 2 0 11 0 0
"X_120937744_T_C" 0 0 0 0 0 0 0 0 0 0 6 0 0 0 0
"X_121001105_T_G" 0 0 3 0 0 0 0 0 0 0 0 0 0 0 0
"X_121611103_C_A" 0 0 0 0 0 4 0 0 0 0 0 0 0 0 0
"X_121645023_G_A" 0 0 0 0 0 0 0 0 0 0 4 0 0 0 0
"X_121955949_G_A" 0 0 0 0 0 0 0 0 0 0 0 0 0 5 0
"X_122662352_A_C" 0 0 0 0 0 0 2 0 0 0 0 0 0 0 0
"X_122693434_C_G" 0 0 0 0 0 0 0 0 0 4 0 0 0 0 0
"X_122873306_A_T" 0 0 5 0 0 0 0 0 0 0 0 0 0 0 0
"X_124824669_C_T" 0 0 0 0 0 5 0 0 0 0 0 0 0 0 0
"X_125029339_G_A" 0 0 0 0 0 9 0 0 0 0 0 0 0 0 0
"X_125370944_G_T" 0 2 6 0 0 0 0 0 0 0 0 0 0 0 1
"X_125576462_A_T" 0 0 8 0 0 0 0 0 0 0 0 0 0 0 0
"X_125921028_A_C" 0 0 0 0 0 0 0 0 0 3 0 0 0 0 0
"X_126854499_T_G" 0 0 3 0 0 0 0 0 0 0 0 0 0 0 0
"X_126859393_T_G" 0 0 0 0 0 0 0 0 0 0 0 0 0 0 3
"X_127230144_A_C" 0 0 1 0 0 0 0 0 0 3 0 0 0 0 0
"X_127661943_G_C" 0 0 4 0 0 0 0 0 0 0 0 0 0 0 0
"X_129508079_T_C" 0 0 0 0 0 0 0 0 0 0 3 0 0 0 0
"X_130376960_A_C" 0 0 0 0 0 0 0 0 3 0 0 0 0 0 0
"X_130724378_G_T" 0 0 0 0 0 0 0 0 0 0 0 0 0 0 3
"X_130929600_C_G" 0 0 0 0 0 0 0 0 0 0 3 0 0 0 0
"X_131571605_T_G" 0 0 0 0 0 0 2 0 0 0 0 0 0 0 0
"X_132062880_G_C" 0 0 0 0 0 0 0 0 0 0 0 0 0 7 0
"X_13234272_T_G" 0 0 0 0 4 0 0 0 0 0 0 0 0 0 0
"X_132622108_A_C" 0 0 3 0 0 0 0 0 0 0 0 0 0 0 0
"X_134293804_C_G" 0 0 0 0 0 0 0 0 5 0 0 0 0 0 0
"X_134521978_A_T" 0 0 0 0 0 0 0 0 0 0 0 0 5 0 0
"X_135005247_G_C" 0 0 0 0 0 0 0 3 0 0 0 0 0 0 0
"X_136704812_T_A" 0 0 3 0 0 0 0 0 0 0 0 0 0 0 0
"X_137192002_G_A" 0 0 0 0 0 5 1 0 0 0 0 0 0 0 0
"X_139184822_T_A" 0 0 0 0 0 0 0 0 3 0 0 0 0 0 0
"X_139315970_G_T" 0 0 0 0 0 0 0 0 0 0 0 0 4 0 0
"X_140555898_C_A" 0 0 0 0 0 0 0 0 0 0 0 2 0 0 0
"X_141377135_T_G" 0 0 3 0 0 0 0 0 0 0 0 0 0 0 0
"X_141561525_C_T" 0 0 0 0 0 0 0 0 0 7 0 0 0 0 0
"X_141657003_C_G" 0 0 0 0 0 0 0 0 0 0 0 0 2 0 0
"X_142157687_T_A" 3 0 0 0 0 0 0 0 0 0 0 0 0 0 0
"X_142462750_C_G" 0 0 0 0 0 0 0 0 0 0 0 6 1 0 0
"X_142780122_G_T" 0 0 4 0 0 0 0 0 0 0 0 0 0 0 0
"X_143306240_T_A" 0 0 0 0 0 0 0 0 0 0 0 0 0 0 5
"X_143839563_T_C" 0 0 0 0 0 0 0 0 0 4 0 0 0 0 0
"X_144163418_T_C" 0 0 0 0 0 0 0 0 0 0 0 0 0 0 8
"X_144435148_C_G" 0 0 0 0 0 0 0 0 0 0 3 0 0 0 0
"X_144658683_A_C" 0 0 3 0 0 0 0 0 0 0 0 0 0 0 0
"X_145170159_C_T" 0 0 3 0 0 0 0 0 0 0 0 0 0 0 0
"X_145392189_A_G" 0 0 3 0 0 0 0 0 0 0 0 0 0 0 0
"X_145525302_T_A" 0 0 0 0 0 5 0 0 0 0 0 0 0 0 0
"X_146273980_G_A" 0 0 0 0 0 0 0 0 0 0 0 0 0 7 0
"X_146671828_A_C" 0 0 0 0 0 0 0 0 0 0 0 3 0 0 0
"X_147092871_T_G" 0 0 3 0 0 0 0 0 0 0 0 0 0 0 0
"X_147149347_G_T" 0 0 0 0 0 0 0 0 0 0 4 0 0 0 0
"X_147212679_A_G" 0 0 0 0 0 0 0 0 0 5 0 0 0 0 0
"X_147538760_A_G" 0 0 0 0 0 0 0 0 4 0 0 0 0 0 0
"X_148499645_C_A" 0 0 0 0 0 7 0 1 0 0 0 0 0 0 0
"X_148757165_T_A" 2 0 0 0 0 0 0 0 0 0 0 0 0 0 0
"X_149659650_A_C" 0 0 0 0 0 0 0 0 0 4 0 0 0 0 0
"X_149813095_C_G" 0 0 0 0 0 0 0 0 0 4 0 0 0 0 0
"X_150399190_A_G" 0 0 0 0 0 7 2 0 0 0 0 0 0 0 0
"X_150841565_A_G" 0 0 0 0 0 0 0 0 0 0 0 0 5 0 0
"X_150940267_G_A" 0 0 0 0 0 0 0 1 0 0 0 0 0 10 1
"X_151114776_T_G" 0 0 0 0 0 4 0 0 0 0 0 0 0 0 0
"X_151217091_G_A" 0 0 0 0 0 0 0 3 0 0 0 0 0 0 0
"X_151656748_A_T" 0 0 4 0 0 0 0 0 0 0 0 0 0 0 0
"X_151789540_A_C" 0 0 0 0 0 0 0 0 0 3 0 0 0 0 0
"X_152095572_T_C" 0 0 0 0 0 0 0 0 6 0 0 0 0 0 0
"X_152571612_G_A" 0 0 0 0 0 0 1 3 8 1 0 0 0 0 4
"X_152760721_G_A" 0 0 0 0 0 0 0 1 0 0 0 0 0 13 1
"X_153338147_C_T" 0 0 0 0 0 8 3 0 0 0 3 0 2 0 0
"X_153632536_C_T" 0 0 0 0 0 5 6 0 0 0 3 0 4 0 0
"X_154239488_A_C" 0 0 3 0 0 0 0 0 0 0 0 0 0 0 0
"X_155063613_C_A" 3 0 0 0 0 0 0 0 0 0 0 0 0 0 0
"X_16968121_A_G" 0 0 0 0 0 0 0 0 0 6 0 0 0 0 0
"X_18856585_T_C" 0 0 0 0 0 0 0 0 0 0 0 0 0 0 5
"X_18991805_C_A" 0 0 0 0 0 5 0 0 0 0 0 0 0 0 0
"X_18991806_C_T" 1 0 0 0 0 5 0 0 0 0 0 0 0 0 0
"X_19303547_G_T" 0 0 0 4 0 0 0 0 0 0 0 0 0 0 0
"X_2042604_T_C" 0 0 0 0 0 0 0 0 0 0 0 0 0 0 7
"X_20906310_T_C" 0 1 4 0 0 0 0 0 0 0 0 0 0 0 0
"X_21049712_C_A" 0 0 0 0 0 0 0 0 0 4 0 0 0 0 0
"X_21691215_A_C" 0 0 0 0 1 0 0 1 1 0 2 0 0 0 3
"X_21805838_G_A" 0 0 0 0 0 5 0 0 0 0 0 0 0 0 0
"X_22204030_G_A" 0 0 0 0 1 0 2 0 8 0 1 0 0 0 1
"X_22819727_C_T" 0 0 5 0 0 0 0 0 0 0 0 0 0 0 0
"X_23845553_C_G" 0 0 0 0 0 0 0 0 0 0 3 0 0 0 0
"X_24825974_A_C" 0 0 0 0 1 0 0 0 2 0 0 0 0 0 0
"X_2483097_G_A" 0 0 0 0 0 0 0 0 0 6 0 0 0 0 0
"X_24915949_C_G" 0 0 0 0 4 0 0 0 0 0 0 0 0 0 0
"X_25209183_T_G" 0 0 4 0 0 0 0 0 0 0 0 0 0 0 0
"X_25436867_A_C" 0 0 4 0 0 0 0 0 0 0 0 0 0 0 0
"X_26167599_A_C" 0 0 0 0 0 0 0 0 0 2 0 0 0 0 0
"X_26471881_A_T" 0 0 5 0 0 0 0 0 0 0 0 0 0 0 0
"X_26939935_T_A" 0 0 0 0 4 0 0 0 0 0 0 0 0 0 0
"X_27224872_A_C" 0 0 4 0 0 0 0 0 0 0 0 0 0 0 0
"X_27467416_T_A" 0 0 3 0 0 0 0 0 0 0 0 0 0 0 0
"X_27649533_G_T" 0 0 4 0 0 0 0 0 0 0 0 0 0 0 1
"X_27676347_A_C" 0 0 4 0 0 0 0 0 0 0 0 0 0 0 0
"X_28231625_A_G" 0 0 1 0 0 0 0 0 0 5 0 0 0 0 0
"X_28794189_C_A" 0 0 0 0 5 1 0 0 0 0 0 0 0 0 0
"X_28819890_T_G" 0 0 0 0 0 1 0 0 0 3 0 0 0 0 0
"X_29551197_A_C" 0 0 5 0 0 0 0 0 0 0 0 0 0 0 0
"X_29604271_T_G" 0 0 0 0 0 4 0 0 0 0 0 0 0 0 0
"X_30168831_A_C" 0 0 0 0 0 0 0 0 0 0 0 0 3 0 0
"X_3039529_T_C" 0 0 0 0 0 0 0 0 0 0 0 0 0 4 0
"X_30514470_G_T" 0 0 3 0 0 0 0 0 0 0 0 0 0 0 0
"X_30543699_G_T" 0 0 0 0 0 0 0 0 0 0 0 4 0 0 0
"X_31058875_C_T" 0 0 0 0 0 6 4 0 0 0 5 3 5 0 0
"X_31115411_C_T" 0 0 0 0 0 0 0 0 0 0 6 0 0 0 0
"X_31211375_A_C" 0 0 0 0 0 0 0 0 0 2 0 0 0 0 0
"X_31507878_G_A" 0 0 0 0 0 0 0 0 0 0 4 0 0 0 0
"X_32602476_C_T" 0 0 0 0 0 0 0 0 0 4 0 0 0 0 0
"X_33032693_T_G" 0 0 4 0 0 0 0 0 0 0 0 0 0 0 0
"X_33405613_A_C" 0 0 0 0 0 0 0 2 9 0 0 0 1 0 10
"X_34275395_C_T" 0 0 0 0 0 0 0 5 0 0 0 0 0 0 0
"X_34493577_C_T" 0 0 0 0 0 0 0 0 0 6 0 0 0 0 0
"X_34599609_C_T" 1 0 4 0 0 0 0 0 0 0 0 0 0 0 0
"X_34672278_A_C" 0 0 5 0 0 0 0 0 0 0 0 0 0 0 0
"X_34727383_G_A" 0 0 0 0 0 1 1 0 5 0 0 0 0 0 3
"X_34755631_T_G" 0 0 3 0 0 0 0 0 0 0 0 0 0 0 0
"X_34843550_A_G" 0 0 0 0 0 4 0 0 0 0 0 0 0 0 0
"X_34871679_T_A" 0 0 0 0 0 0 0 0 0 6 0 0 0 0 0
"X_34902704_T_A" 0 0 4 0 0 0 0 0 0 0 0 0 0 0 0
"X_35060557_A_C" 0 0 0 0 0 0 0 0 0 0 0 0 4 0 0
"X_35060558_A_C" 0 0 0 0 0 0 0 0 0 0 0 0 5 0 0
"X_35353269_T_C" 0 0 4 0 0 0 0 0 0 0 0 0 0 0 0
"X_35469964_C_G" 0 0 0 0 0 0 0 0 0 0 0 0 0 9 2
"X_35662762_A_T" 0 0 3 0 0 0 0 0 0 0 0 0 0 0 0
"X_3585589_C_T" 4 13 9 9 2 1 2 0 0 0 0 0 2 7 3
"X_37094782_C_G" 0 0 0 0 0 0 0 0 0 0 0 0 0 0 5
"X_38048042_T_G" 0 0 3 0 0 0 0 0 0 0 0 0 0 0 0
"X_38335717_A_G" 0 0 0 0 0 0 0 0 0 0 0 4 0 0 0
"X_39180065_G_C" 0 0 3 0 0 0 0 0 0 0 0 0 0 0 0
"X_40332957_G_C" 0 0 0 0 0 0 0 0 0 0 4 0 0 0 0
"X_40539572_T_C" 0 0 0 0 0 6 0 0 0 0 0 0 0 0 0
"X_40651571_G_T" 0 0 0 0 0 0 0 0 0 0 4 0 0 0 0
"X_4119556_A_G" 0 0 0 0 0 0 0 0 0 0 0 6 0 0 0
"X_4125902_G_T" 0 0 3 0 0 0 0 0 0 0 0 0 0 0 0
"X_41407577_T_A" 0 0 0 0 0 0 0 0 0 2 0 0 0 0 0
"X_41603084_C_G" 0 0 0 0 0 0 0 0 0 0 0 0 0 5 0
"X_4272301_G_T" 0 0 0 0 0 0 0 0 0 0 0 4 0 0 0
"X_42998299_C_A" 0 0 0 0 0 0 0 0 0 0 0 4 0 0 0
"X_43421568_T_G" 0 0 3 0 0 0 0 0 0 0 0 0 0 0 0
"X_44252279_G_T" 0 0 0 0 0 0 0 0 3 0 0 0 1 0 0
"X_45121567_T_G" 0 0 3 0 0 0 0 0 0 0 0 0 0 0 0
"X_45303353_T_C" 0 0 0 0 0 0 0 0 0 0 0 0 0 5 2
"X_45491871_C_G" 0 0 0 0 4 0 0 0 0 0 0 0 0 0 0
"X_457050_C_T" 0 0 0 0 4 0 0 0 0 0 0 0 0 0 0
"X_45773612_T_A" 0 0 0 0 0 0 0 0 0 0 3 0 0 0 0
"X_45829152_C_T" 0 0 0 0 0 0 0 0 0 0 0 0 0 0 4
"X_45954198_A_T" 0 0 0 0 1 4 0 0 0 0 0 0 0 2 0
"X_49493616_T_A" 0 0 3 0 0 0 0 0 0 0 0 0 0 0 0
"X_49512214_G_T" 0 0 0 0 0 0 0 0 0 8 0 0 1 0 0
"X_49592381_G_T" 0 0 1 0 0 0 0 3 0 0 0 0 0 0 0
"X_50688648_T_G" 0 2 4 0 0 0 0 0 0 0 0 0 0 0 0
"X_51595481_C_T" 0 0 0 0 0 0 0 0 0 6 0 0 0 0 0
"X_51652413_T_G" 0 0 0 0 0 0 0 0 0 2 0 0 0 0 0
"X_51734044_T_G" 0 0 3 0 0 0 0 0 0 0 0 0 0 0 0
"X_53188319_G_C" 0 0 0 0 7 0 0 0 0 0 0 0 0 0 0
"X_53360791_A_T" 0 0 0 0 0 0 0 3 0 0 0 0 0 0 0
"X_5347844_A_C" 0 0 0 0 0 0 0 0 0 0 2 0 0 0 0
"X_5381149_T_G" 0 0 5 0 0 0 0 0 0 0 0 0 0 0 0
"X_53833876_G_A" 0 0 0 0 0 0 0 0 0 0 0 5 0 0 0
"X_53861843_C_A" 0 0 3 0 0 0 0 0 0 0 0 0 0 0 0
"X_54199972_C_T" 0 0 0 0 0 5 0 0 0 0 0 0 0 0 0
"X_54393701_T_C" 0 1 4 0 0 0 0 0 0 0 0 0 0 0 0
"X_54522144_T_G" 0 0 0 0 0 0 0 0 0 3 0 0 0 0 0
"X_54984194_C_T" 0 0 0 0 0 0 0 0 0 0 0 4 0 0 0
"X_55157391_G_T" 0 0 5 0 0 0 0 0 0 0 0 0 0 0 0
"X_55271350_A_G" 0 0 0 0 0 4 0 0 0 0 0 0 0 0 0
"X_55879985_T_G" 0 0 4 0 0 0 0 0 0 0 0 0 0 0 0
"X_55928800_G_T" 0 0 0 0 5 0 0 0 0 0 0 0 0 0 0
"X_57412028_C_T" 0 0 0 0 8 0 0 0 0 0 0 0 0 0 0
"X_5825775_C_G" 0 0 4 0 0 0 0 0 0 0 0 0 0 0 0
"X_5980258_A_T" 0 1 5 0 0 0 0 0 0 0 0 0 0 0 0
"X_6049704_T_G" 0 0 0 0 0 2 0 0 0 0 0 0 0 0 0
"X_6105918_T_A" 0 0 0 0 0 0 0 0 12 0 0 0 0 0 0
"X_6118537_G_T" 0 0 0 0 0 0 0 0 0 0 0 0 6 0 0
"X_62224093_T_A" 0 0 3 0 0 0 0 0 0 0 0 0 0 0 0
"X_6224083_G_A" 0 0 0 0 0 0 0 0 0 7 0 0 0 0 0
"X_63097457_A_G" 0 0 0 0 0 0 0 0 0 0 3 0 0 0 0
"X_63235213_G_T" 0 0 0 0 0 0 0 0 0 2 0 0 0 0 0
"X_63324463_T_G" 0 0 4 0 0 0 0 0 0 0 0 0 0 0 0
"X_63662335_C_T" 0 0 7 0 0 0 0 0 0 0 0 0 0 0 0
"X_63833615_A_C" 0 0 0 0 0 0 0 0 0 4 0 0 0 0 0
"X_647394_A_T" 0 0 0 0 0 0 0 0 0 4 0 0 0 0 0
"X_64869693_A_C" 0 0 4 0 0 0 0 0 0 0 0 0 0 0 0
"X_64954488_C_A" 0 0 0 0 0 4 0 0 0 0 0 0 0 0 0
"X_66406493_T_G" 0 0 0 0 0 0 0 0 0 0 0 2 0 0 0
"X_6657564_G_A" 0 0 6 0 0 0 0 0 0 0 0 0 0 0 0
"X_66708260_C_T" 0 0 0 0 0 0 0 0 0 7 1 0 0 0 0
"X_66930895_C_G" 0 0 0 0 3 0 0 0 0 0 0 0 0 0 0
"X_66945817_A_C" 0 0 0 0 0 0 2 0 0 0 0 0 0 0 0
"X_67215263_T_A" 0 0 0 0 0 0 0 0 0 5 0 0 0 0 0
"X_67363976_C_T" 0 0 0 0 0 4 0 0 0 0 0 0 0 0 0
"X_67455065_T_G" 0 0 0 0 0 0 0 0 0 0 0 0 0 4 0
"X_67510595_G_C" 0 1 3 0 0 0 0 0 0 0 0 0 0 0 0
"X_67569953_A_T" 0 0 0 0 0 1 8 0 0 0 0 0 0 0 0
"X_67798878_C_G" 0 0 0 0 0 0 3 0 0 0 0 0 0 0 0
"X_67809694_C_A" 0 0 0 0 0 0 0 4 0 0 0 0 0 0 0
"X_68567906_A_C" 0 0 3 0 0 0 0 0 0 0 0 0 0 0 0
"X_68970870_T_C" 0 0 0 0 0 0 0 0 0 6 0 0 0 0 0
"X_69098167_G_T" 0 0 0 0 0 0 0 0 0 0 3 0 0 0 0
"X_69141974_C_A" 0 0 0 0 0 0 0 0 0 0 3 0 0 0 0
"X_70730039_G_A" 0 0 0 0 0 4 1 2 0 0 0 0 0 0 0
"X_70960291_T_G" 1 1 2 0 1 2 2 0 2 0 4 1 5 0 0
"X_71198458_C_G" 0 0 0 0 0 0 0 0 0 7 0 0 0 0 0
"X_71227405_G_A" 0 2 4 0 0 0 0 0 0 0 0 0 0 0 0
"X_71413546_C_A" 0 0 0 0 0 0 0 0 0 0 0 0 0 7 0
"X_73705325_C_T" 0 0 0 0 1 5 1 0 0 0 1 6 0 0 0
"X_74993080_C_G" 0 0 0 0 0 0 0 0 0 6 0 0 0 0 0
"X_75252473_G_T" 0 0 0 0 0 0 0 0 0 6 0 0 1 0 0
"X_75455030_A_T" 0 0 0 0 0 0 0 0 0 0 0 1 0 6 1
"X_76244312_A_T" 0 0 0 0 0 0 0 0 0 7 0 0 0 0 0
"X_76440870_G_T" 0 0 0 0 0 0 0 0 0 0 7 0 0 0 0
"X_76446945_A_G" 0 0 0 0 0 5 0 0 0 0 0 0 0 0 0
"X_76525345_G_C" 0 1 4 0 0 0 0 0 0 0 0 0 0 0 0
"X_7783321_T_C" 0 0 0 0 6 0 0 0 0 0 0 0 0 0 0
"X_77955890_G_T" 0 0 4 0 0 0 0 0 0 0 0 0 0 0 0
"X_79028218_G_A" 0 0 0 0 0 0 0 0 0 4 0 0 0 0 0
"X_80219168_T_C" 0 0 0 0 0 0 0 0 0 5 0 0 0 0 0
"X_80510708_A_C" 0 1 3 0 0 0 0 0 0 0 0 0 0 0 0
"X_80712020_T_G" 0 0 0 0 4 0 0 0 0 0 0 0 0 0 0
"X_80720920_C_G" 0 0 0 0 3 0 0 0 0 0 0 0 0 0 0
"X_80776688_C_T" 0 0 0 0 0 0 0 0 0 0 0 0 4 0 0
"X_82049665_A_C" 0 0 4 0 0 0 0 0 0 0 0 0 0 0 0
"X_82190829_C_A" 0 0 0 0 0 6 4 0 0 0 0 0 0 0 0
"X_83183642_T_G" 0 0 0 0 0 0 0 0 0 0 0 0 0 5 0
"X_83518351_T_G" 0 0 3 0 0 0 0 0 0 0 0 0 0 0 0
"X_83983259_A_T" 0 0 4 0 0 0 0 0 0 1 0 0 0 0 0
"X_84113159_G_T" 0 0 0 0 0 3 4 0 0 0 0 0 0 0 0
"X_84473702_A_G" 0 0 0 0 0 0 0 0 0 5 0 0 0 0 0
"X_84849676_A_C" 0 1 3 0 0 0 0 0 0 0 0 0 0 0 0
"X_85069959_A_C" 0 0 4 0 0 0 0 0 0 0 0 0 0 0 0
"X_85376258_T_C" 0 0 0 0 4 0 0 0 0 0 0 0 0 0 0
"X_85557848_C_G" 0 0 0 0 0 0 0 0 0 0 0 3 0 0 0
"X_8613288_T_C" 0 0 0 0 0 0 0 0 0 0 0 0 0 8 2
"X_8623903_A_C" 0 0 0 0 0 0 2 0 0 0 0 0 0 0 0
"X_86768063_A_G" 0 0 0 0 0 0 0 4 0 0 0 0 0 0 0
"X_86923858_A_C" 0 0 0 0 1 0 0 0 0 4 0 0 0 0 0
"X_87033501_C_T" 0 2 2 1 3 3 0 0 0 1 0 8 0 0 0
"X_87371109_A_G" 0 0 0 0 0 0 0 0 0 5 0 0 0 0 0
"X_87666462_G_T" 0 0 0 0 5 0 0 0 0 0 0 0 0 0 0
"X_88162571_A_G" 0 0 0 0 0 0 5 0 0 0 0 0 0 0 0
"X_88627076_G_T" 0 0 2 0 0 0 0 0 0 0 0 0 0 0 0
"X_89195017_A_C" 0 0 0 0 0 0 0 0 0 0 0 4 0 0 0
"X_89457215_C_A" 0 0 0 0 0 0 0 0 0 0 5 0 0 0 0
"X_90443546_C_G" 0 0 0 0 0 0 0 3 0 0 0 0 0 0 0
"X_90624301_T_C" 0 0 4 0 0 0 0 0 0 0 0 0 0 0 0
"X_90795838_C_T" 0 0 0 0 0 0 0 0 0 4 0 0 0 0 0
"X_91394482_C_A" 3 1 0 0 0 0 0 0 0 0 0 0 0 0 0
"X_91750208_C_A" 0 0 0 0 3 0 0 0 0 0 0 0 0 0 0
"X_92221009_C_G" 0 0 2 0 0 0 0 0 0 0 0 0 0 0 0
"X_92754865_A_G" 0 0 0 0 0 0 0 0 0 0 0 5 0 0 0
"X_92972219_C_T" 0 0 0 0 4 0 0 0 0 0 0 1 0 0 0
"X_93304841_T_G" 0 0 0 0 0 0 0 0 0 3 0 0 0 0 0
"X_93403721_G_T" 0 0 0 0 0 0 0 0 0 0 0 0 4 0 0
"X_94664705_C_G" 0 0 3 0 0 0 0 0 0 0 0 0 0 0 0
"X_94824311_G_T" 0 0 6 0 0 0 0 0 0 0 0 0 0 0 0
"X_95990241_A_T" 0 0 4 0 0 0 0 1 0 0 0 0 0 0 0
"X_96079506_C_A" 0 0 0 0 0 0 0 0 0 5 0 0 0 0 0
"X_96161259_C_T" 0 0 0 0 4 0 0 0 0 0 0 0 0 0 0
"X_96294670_A_G" 0 0 0 0 0 5 0 0 0 0 0 0 0 0 0
"X_96427089_C_A" 0 1 3 0 0 0 0 0 0 0 0 0 0 0 0
"X_96563519_G_A" 0 0 0 0 0 0 0 0 0 5 0 0 0 0 0
"X_98130103_T_A" 0 0 4 0 0 0 0 0 0 0 0 0 0 0 0
"X_98282296_T_G" 0 0 3 0 0 0 0 0 0 0 0 0 0 0 0
"X_98519631_C_A" 0 0 3 0 0 0 0 0 0 0 0 0 0 0 0
"X_98777346_A_C" 0 0 4 0 0 0 0 0 0 0 0 0 0 0 0
"X_98997782_A_G" 0 0 3 0 0 0 0 0 0 0 0 0 0 0 0
